#0 building with "desktop-linux" instance using docker driver

#1 [internal] load build definition from Dockerfile
#1 transferring dockerfile: 1.23kB 0.0s done
#1 WARN: JSONArgsRecommended: JSON arguments recommended for CMD to prevent unintended behavior related to OS signals (line 34)
#1 DONE 0.0s

#2 [internal] load metadata for docker.io/sswiston/phylo_docker:basic_amd64
#2 DONE 0.0s

#3 [internal] load .dockerignore
#3 transferring context: 2B done
#3 DONE 0.0s

#4 [internal] load build context
#4 transferring context: 1.87kB done
#4 DONE 0.0s

#5 [ 1/18] FROM docker.io/sswiston/phylo_docker:basic_amd64
#5 DONE 0.1s

#6 [ 2/18] RUN apk add boost-dev
#6 0.270 fetch https://dl-cdn.alpinelinux.org/alpine/v3.21/main/x86_64/APKINDEX.tar.gz
#6 0.551 fetch https://dl-cdn.alpinelinux.org/alpine/v3.21/community/x86_64/APKINDEX.tar.gz
#6 1.142 (1/42) Installing boost1.84-atomic (1.84.0-r2)
#6 1.244 (2/42) Installing boost1.84-chrono (1.84.0-r2)
#6 1.264 (3/42) Installing boost1.84-container (1.84.0-r2)
#6 1.290 (4/42) Installing boost1.84-context (1.84.0-r2)
#6 1.305 (5/42) Installing boost1.84-contract (1.84.0-r2)
#6 1.325 (6/42) Installing boost1.84-coroutine (1.84.0-r2)
#6 1.339 (7/42) Installing boost1.84-date_time (1.84.0-r2)
#6 1.353 (8/42) Installing boost1.84-fiber (1.84.0-r2)
#6 1.374 (9/42) Installing boost1.84-filesystem (1.84.0-r2)
#6 1.403 (10/42) Installing boost1.84-graph (1.84.0-r2)
#6 1.435 (11/42) Installing boost1.84-iostreams (1.84.0-r2)
#6 1.450 (12/42) Installing boost1.84-thread (1.84.0-r2)
#6 1.466 (13/42) Installing icu-data-en (74.2-r0)
#6 1.542 Executing icu-data-en-74.2-r0.post-install
#6 1.550 *
#6 1.550 * If you need ICU with non-English locales and legacy charset support, install
#6 1.550 * package icu-data-full.
#6 1.550 *
#6 1.551 (14/42) Installing icu-libs (74.2-r0)
#6 1.626 (15/42) Installing boost1.84-locale (1.84.0-r2)
#6 1.688 (16/42) Installing boost1.84-log (1.84.0-r2)
#6 1.718 (17/42) Installing boost1.84-log_setup (1.84.0-r2)
#6 1.748 (18/42) Installing boost1.84-math (1.84.0-r2)
#6 1.796 (19/42) Installing boost1.84-prg_exec_monitor (1.84.0-r2)
#6 1.814 (20/42) Installing boost1.84-program_options (1.84.0-r2)
#6 1.838 (21/42) Installing boost1.84-python3 (1.84.0-r2)
#6 1.862 (22/42) Installing boost1.84-random (1.84.0-r2)
#6 1.877 (23/42) Installing boost1.84-regex (1.84.0-r2)
#6 1.913 (24/42) Installing boost1.84-serialization (1.84.0-r2)
#6 1.933 (25/42) Installing boost1.84-stacktrace_basic (1.84.0-r2)
#6 1.949 (26/42) Installing boost1.84-stacktrace_noop (1.84.0-r2)
#6 1.963 (27/42) Installing boost1.84-system (1.84.0-r2)
#6 1.982 (28/42) Installing boost1.84-timer (1.84.0-r2)
#6 1.998 (29/42) Installing boost1.84-type_erasure (1.84.0-r2)
#6 2.015 (30/42) Installing boost1.84-unit_test_framework (1.84.0-r2)
#6 2.143 (31/42) Installing boost1.84-url (1.84.0-r2)
#6 2.187 (32/42) Installing boost1.84-wave (1.84.0-r2)
#6 2.220 (33/42) Installing boost1.84-wserialization (1.84.0-r2)
#6 2.234 (34/42) Installing boost1.84-json (1.84.0-r2)
#6 2.254 (35/42) Installing boost1.84-nowide (1.84.0-r2)
#6 2.272 (36/42) Installing boost1.84-libs (1.84.0-r2)
#6 2.292 (37/42) Installing boost1.84 (1.84.0-r2)
#6 2.330 (38/42) Installing linux-headers (6.6-r1)
#6 2.585 (39/42) Installing icu (74.2-r0)
#6 2.620 (40/42) Installing icu-dev (74.2-r0)
#6 2.719 (41/42) Installing boost1.84-dev (1.84.0-r2)
#6 5.276 (42/42) Installing boost-dev (1.84.0-r2)
#6 5.282 Executing busybox-1.37.0-r12.trigger
#6 5.293 Executing glibc-bin-2.41-r1.trigger
#6 5.373 OK: 765 MiB in 215 packages
#6 DONE 6.0s

#7 [ 3/18] RUN git clone https://github.com/revbayes/revbayes.git /revbayes
#7 0.224 Cloning into '/revbayes'...
#7 DONE 11.3s

#8 [ 4/18] WORKDIR /revbayes/
#8 DONE 0.0s

#9 [ 5/18] RUN git checkout stochmap_tp_dirty_merge
#9 0.547 branch 'stochmap_tp_dirty_merge' set up to track 'origin/stochmap_tp_dirty_merge'.
#9 0.550 Switched to a new branch 'stochmap_tp_dirty_merge'
#9 DONE 0.6s

#10 [ 6/18] WORKDIR /revbayes/projects/cmake/
#10 DONE 0.0s

#11 [ 7/18] RUN ./build.sh
#11 0.185 RevBayes executable is 'rb'
#11 0.193 Generating version numbers in GitVersion.cpp
#11 0.243  Saving old GitVersion.cpp in projects/cmake/GitVersion_backup.cpp
#11 0.243  Copying current GitVersion.cpp to src/revlanguage/utils
#11 0.252 Updating RbHelpDatabase.cpp
#11 0.368 Running './regenerate.sh /revbayes/projects/cmake/build
#11 0.371 Making build directory '/revbayes/projects/cmake/build'
#11 0.372 Generating src/generated_include_dirs.cmake
#11 0.401 Generating src/libs/CMakeLists.txt
#11 0.409 Generating src/core/CMakeLists.txt
#11 0.422 Generating src/revlanguage/CMakeLists.txt
#11 0.435 Generating src/help2yml/CMakeLists.txt
#11 0.440 Generating src/cmd/CMakeLists.txt
#11 0.445 
#11 0.445 
#11 0.445 Note these environment variables:
#11 0.445 
#11 0.446 Running 'cmake ../../../src -DRB_EXEC_NAME=rb -DHELP=ON ' in /revbayes/projects/cmake/build
#11 0.513 CMake Deprecation Warning at CMakeLists.txt:1 (cmake_minimum_required):
#11 0.513   Compatibility with CMake < 3.10 will be removed from a future version of
#11 0.513   CMake.
#11 0.513 
#11 0.513   Update the VERSION argument <min> value.  Or, use the <min>...<max> syntax
#11 0.513   to tell CMake that the project requires at least <min> but has been updated
#11 0.513   to work with policies introduced by <max> or earlier.
#11 0.513 
#11 0.513 
#11 0.774 -- The C compiler identification is GNU 14.2.0
#11 1.015 -- The CXX compiler identification is GNU 14.2.0
#11 1.042 -- Detecting C compiler ABI info
#11 1.183 -- Detecting C compiler ABI info - done
#11 1.216 -- Check for working C compiler: /usr/bin/cc - skipped
#11 1.217 -- Detecting C compile features
#11 1.219 -- Detecting C compile features - done
#11 1.248 -- Detecting CXX compiler ABI info
#11 1.355 -- Detecting CXX compiler ABI info - done
#11 1.385 -- Check for working CXX compiler: /usr/bin/c++ - skipped
#11 1.386 -- Detecting CXX compile features
#11 1.389 -- Detecting CXX compile features - done
#11 1.402 Boost location hints:
#11 1.402   BOOST_ROOT not set
#11 1.402 Searching for BOOST:
#11 1.422 -- Performing Test CMAKE_HAVE_LIBC_PTHREAD
#11 1.556 -- Performing Test CMAKE_HAVE_LIBC_PTHREAD - Success
#11 1.561 -- Found Threads: TRUE
#11 1.574 Boost configuration results:
#11 1.574   Boost_INCLUDE_DIRS: /usr/include
#11 1.574   Boost_LIBRARY_DIRS: 
#11 1.574   Boost_LIBRARIES: Boost::regex;Boost::program_options;Boost::thread;Boost::system;Boost::filesystem;Boost::date_time;Boost::serialization
#11 1.609 Compile information:
#11 1.609   CMAKE_BUILD_TYPE = 
#11 1.609   CMAKE_CXX_FLAGS =  -msse -msse2 -msse3 -O3 -DNDEBUG
#11 1.609   CMAKE_C_FLAGS =  -msse -msse2 -msse3 -O3 -DNDEBUG
#11 1.611 Building rb-help2yml
#11 1.611 Building rb
#11 1.614 -- Configuring done (1.1s)
#11 2.098 -- Generating done (0.5s)
#11 2.099 -- Build files have been written to: /revbayes/projects/cmake/build
#11 2.114 
#11 2.115 Running 'make -j 4' in /revbayes/projects/cmake/build
#11 2.160 [  0%] Building CXX object help2yml/CMakeFiles/rb-help.dir/YAMLHelpRenderer.cpp.o
#11 2.160 [  0%] Building CXX object libs/CMakeFiles/rb-libs.dir/tensorphylo/UniqueProfiler.cpp.o
#11 2.251 [  1%] Building CXX object revlanguage/CMakeFiles/rb-parser.dir/dag/RlContinuousStochasticNode.cpp.o
#11 2.251 [  1%] Building CXX object core/CMakeFiles/rb-core.dir/dag/ContinuousStochasticNode.cpp.o
#11 4.362 [  1%] Building CXX object help2yml/CMakeFiles/rb-help.dir/YAML.cpp.o
#11 5.934 [  1%] Building CXX object help2yml/CMakeFiles/rb-help.dir/main.cpp.o
#11 10.42 [  1%] Building CXX object core/CMakeFiles/rb-core.dir/dag/DagNode.cpp.o
#11 10.49 [  1%] Linking CXX static library librb-help.a
#11 10.56 [  1%] Built target rb-help
#11 10.58 [  1%] Building CXX object core/CMakeFiles/rb-core.dir/dag/TypedDagNode.cpp.o
#11 13.60 [  1%] Building CXX object revlanguage/CMakeFiles/rb-parser.dir/workspace/RbRegister_Func.cpp.o
#11 13.68 /revbayes/src/libs/tensorphylo/UniqueProfiler.cpp: In member function 'double Utils::Profiling::UniqueProfiler::reportEventAvgPerCallDuration(std::string) const':
#11 13.68 /revbayes/src/libs/tensorphylo/UniqueProfiler.cpp:144:1: warning: control reaches end of non-void function [-Wreturn-type]
#11 13.68   144 | }
#11 13.68       | ^
#11 13.69 /revbayes/src/libs/tensorphylo/UniqueProfiler.cpp: In member function 'double Utils::Profiling::UniqueProfiler::reportEventTotalDuration(std::string) const':
#11 13.69 /revbayes/src/libs/tensorphylo/UniqueProfiler.cpp:153:1: warning: control reaches end of non-void function [-Wreturn-type]
#11 13.69   153 | }
#11 13.69       | ^
#11 14.39 [  1%] Building CXX object libs/CMakeFiles/rb-libs.dir/tensorphylo/Loader.cpp.o
#11 15.71 [  1%] Building C object libs/CMakeFiles/rb-libs.dir/linenoise/utf8.c.o
#11 15.76 [  1%] Building CXX object core/CMakeFiles/rb-core.dir/io/CountFileToNaturalNumbersConverter.cpp.o
#11 18.81 [  1%] Building C object libs/CMakeFiles/rb-libs.dir/linenoise/linenoise.c.o
#11 18.85 In file included from /revbayes/src/libs/linenoise/linenoise.c:124:
#11 18.85 /usr/include/sys/poll.h:1:2: warning: #warning redirecting incorrect #include <sys/poll.h> to <poll.h> [-Wcpp]
#11 18.85     1 | #warning redirecting incorrect #include <sys/poll.h> to <poll.h>
#11 18.85       |  ^~~~~~~
#11 19.68 [  1%] Building CXX object libs/CMakeFiles/rb-libs.dir/ncl/nxspublicblocks.cpp.o
#11 19.82 [  1%] Building CXX object libs/CMakeFiles/rb-libs.dir/ncl/nxsblock.cpp.o
#11 20.93 [  1%] Building CXX object core/CMakeFiles/rb-core.dir/io/DelimitedDataReader.cpp.o
#11 22.32 [  1%] Building CXX object libs/CMakeFiles/rb-libs.dir/ncl/nxscxxdiscretematrix.cpp.o
#11 23.36 [  1%] Building CXX object core/CMakeFiles/rb-core.dir/io/TaxonReader.cpp.o
#11 26.95 [  1%] Building CXX object core/CMakeFiles/rb-core.dir/io/FastaWriter.cpp.o
#11 27.12 [  2%] Building CXX object libs/CMakeFiles/rb-libs.dir/ncl/nxsexception.cpp.o
#11 27.93 [  2%] Building CXX object core/CMakeFiles/rb-core.dir/io/DelimitedCharacterDataReader.cpp.o
#11 28.27 [  2%] Building CXX object libs/CMakeFiles/rb-libs.dir/ncl/nxssetreader.cpp.o
#11 30.64 [  2%] Building CXX object libs/CMakeFiles/rb-libs.dir/ncl/nxsstring.cpp.o
#11 30.99 [  2%] Building CXX object core/CMakeFiles/rb-core.dir/io/TraceReader.cpp.o
#11 31.73 [  2%] Building CXX object core/CMakeFiles/rb-core.dir/io/RelativeNodeAgeConstraintsReader.cpp.o
#11 32.68 [  2%] Building CXX object libs/CMakeFiles/rb-libs.dir/ncl/nxstreesblock.cpp.o
#11 34.07 [  2%] Building CXX object libs/CMakeFiles/rb-libs.dir/ncl/nxsunalignedblock.cpp.o
#11 35.72 [  2%] Building CXX object core/CMakeFiles/rb-core.dir/io/NewickTreeReader.cpp.o
#11 37.87 [  2%] Building CXX object core/CMakeFiles/rb-core.dir/io/MatrixReader.cpp.o
#11 39.96 [  2%] Building CXX object libs/CMakeFiles/rb-libs.dir/ncl/nxstaxablock.cpp.o
#11 41.52 [  3%] Building CXX object core/CMakeFiles/rb-core.dir/io/PhylowoodConverter.cpp.o
#11 41.81 [  3%] Building CXX object libs/CMakeFiles/rb-libs.dir/ncl/nxsassumptionsblock.cpp.o
#11 45.30 [  3%] Building CXX object core/CMakeFiles/rb-core.dir/io/NewickConverter.cpp.o
#11 47.46 [  3%] Building CXX object revlanguage/CMakeFiles/rb-parser.dir/workspace/RbRegister_Dist.cpp.o
#11 50.33 [  3%] Building CXX object revlanguage/CMakeFiles/rb-parser.dir/workspace/Environment.cpp.o
#11 51.39 [  3%] Building CXX object core/CMakeFiles/rb-core.dir/io/ProgressBar.cpp.o
#11 52.08 [  3%] Building CXX object core/CMakeFiles/rb-core.dir/io/VCFReader.cpp.o
#11 54.92 [  3%] Building CXX object libs/CMakeFiles/rb-libs.dir/ncl/nxscharactersblock.cpp.o
#11 56.36 [  3%] Building CXX object libs/CMakeFiles/rb-libs.dir/ncl/nxstoken.cpp.o
#11 66.07 [  3%] Building CXX object libs/CMakeFiles/rb-libs.dir/ncl/nxsdatablock.cpp.o
#11 71.54 [  3%] Building CXX object core/CMakeFiles/rb-core.dir/io/DistanceMatrixReader.cpp.o
#11 76.72 [  3%] Building CXX object core/CMakeFiles/rb-core.dir/io/NexusWriter.cpp.o
#11 77.97 [  3%] Building CXX object libs/CMakeFiles/rb-libs.dir/ncl/nxsreader.cpp.o
#11 82.06 [  3%] Building CXX object core/CMakeFiles/rb-core.dir/io/DelimitedCharacterDataWriter.cpp.o
#11 85.37 [  3%] Building CXX object libs/CMakeFiles/rb-libs.dir/ncl/nxsmultiformat.cpp.o
#11 86.03 [  3%] Building CXX object core/CMakeFiles/rb-core.dir/io/FastaFileToNaturalNumbersConverter.cpp.o
#11 86.23 [  3%] Building CXX object core/CMakeFiles/rb-core.dir/io/NclReader.cpp.o
#11 89.97 [  3%] Building CXX object libs/CMakeFiles/rb-libs.dir/ncl/nxsdistancesblock.cpp.o
#11 95.85 [  3%] Building CXX object revlanguage/CMakeFiles/rb-parser.dir/workspace/TypeSpec.cpp.o
#11 97.48 [  3%] Building CXX object libs/CMakeFiles/rb-libs.dir/ncl/nxstaxaassociationblock.cpp.o
#11 97.69 [  3%] Building CXX object revlanguage/CMakeFiles/rb-parser.dir/workspace/RbRegister_DemographicFunction.cpp.o
#11 105.0 [  3%] Linking CXX static library librb-libs.a
#11 105.1 [  3%] Built target rb-libs
#11 105.1 [  3%] Building CXX object revlanguage/CMakeFiles/rb-parser.dir/workspace/RbRegister_Help.cpp.o
#11 116.4 [  3%] Building CXX object revlanguage/CMakeFiles/rb-parser.dir/workspace/RbRegister_Monitor.cpp.o
#11 121.4 [  3%] Building CXX object revlanguage/CMakeFiles/rb-parser.dir/workspace/ModuleSystem.cpp.o
#11 125.4 [  3%] Building CXX object revlanguage/CMakeFiles/rb-parser.dir/workspace/RevVariable.cpp.o
#11 128.6 [  3%] Building CXX object revlanguage/CMakeFiles/rb-parser.dir/workspace/FunctionTable.cpp.o
#11 132.0 [  3%] Building CXX object revlanguage/CMakeFiles/rb-parser.dir/workspace/RbRegister_BasicType.cpp.o
#11 133.5 [  3%] Building CXX object core/CMakeFiles/rb-core.dir/io/PoMoState4Converter.cpp.o
#11 135.9 [  3%] Building CXX object revlanguage/CMakeFiles/rb-parser.dir/workspace/Module.cpp.o
#11 139.1 [  3%] Building CXX object revlanguage/CMakeFiles/rb-parser.dir/workspace/RbRegister_Move.cpp.o
#11 162.1 [  3%] Building CXX object core/CMakeFiles/rb-core.dir/io/BitsetCharacterDataConverter.cpp.o
#11 182.4 [  4%] Building CXX object revlanguage/CMakeFiles/rb-parser.dir/workspace/RbRegister_Type.cpp.o
#11 190.3 [  4%] Building CXX object core/CMakeFiles/rb-core.dir/io/RelativeNodeAgeWeightedConstraintsReader.cpp.o
#11 193.9 [  4%] Building CXX object core/CMakeFiles/rb-core.dir/io/TimeAtlasDataReader.cpp.o
#11 207.9 [  4%] Building CXX object revlanguage/CMakeFiles/rb-parser.dir/workspace/RbRegister_Basic.cpp.o
#11 209.9 [  4%] Building CXX object core/CMakeFiles/rb-core.dir/io/TraceContinuousReader.cpp.o
#11 216.4 [  5%] Building CXX object core/CMakeFiles/rb-core.dir/io/BranchLengthDistributionReader.cpp.o
#11 221.0 [  5%] Building CXX object core/CMakeFiles/rb-core.dir/io/PoMoCountFileReader.cpp.o
#11 248.1 [  5%] Building CXX object core/CMakeFiles/rb-core.dir/moves/AbstractGibbsMove.cpp.o
#11 253.7 [  5%] Building CXX object core/CMakeFiles/rb-core.dir/moves/mixture/MultiValueEventBirthDeathProposal.cpp.o
#11 261.1 [  5%] Building CXX object core/CMakeFiles/rb-core.dir/moves/mixture/OrderedEventBirthDeathProposal.cpp.o
#11 267.0 [  5%] Building CXX object core/CMakeFiles/rb-core.dir/moves/mixture/DPPGibbsConcentrationMove.cpp.o
#11 274.1 [  5%] Building CXX object core/CMakeFiles/rb-core.dir/moves/mixture/OrderedEventTimeSlideProposal.cpp.o
#11 281.2 [  5%] Building CXX object core/CMakeFiles/rb-core.dir/moves/mixture/MultiValueEventSlideProposal.cpp.o
#11 287.4 [  5%] Building CXX object core/CMakeFiles/rb-core.dir/moves/mixture/MultiValueEventScaleProposal.cpp.o
#11 289.4 [  5%] Building CXX object revlanguage/CMakeFiles/rb-parser.dir/workspace/RbRegister_VectorType.cpp.o
#11 293.4 [  5%] Building CXX object core/CMakeFiles/rb-core.dir/moves/EllipticalSliceSamplingSimpleMove.cpp.o
#11 295.2 [  5%] Building CXX object revlanguage/CMakeFiles/rb-parser.dir/workspace/Signals.cpp.o
#11 295.3 [  5%] Building CXX object revlanguage/CMakeFiles/rb-parser.dir/workspace/MethodTable.cpp.o
#11 300.3 [  5%] Building CXX object revlanguage/CMakeFiles/rb-parser.dir/workspace/Workspace.cpp.o
#11 300.6 [  5%] Building CXX object core/CMakeFiles/rb-core.dir/moves/DebugMove.cpp.o
#11 307.1 [  5%] Building CXX object revlanguage/CMakeFiles/rb-parser.dir/moves/Move_LevyJump.cpp.o
#11 310.0 [  5%] Building CXX object core/CMakeFiles/rb-core.dir/moves/PseudoGibbsMetaMove.cpp.o
#11 315.8 [  5%] Building CXX object revlanguage/CMakeFiles/rb-parser.dir/moves/mixture/Move_MultiValueEventSlide.cpp.o
#11 316.3 [  5%] Building CXX object core/CMakeFiles/rb-core.dir/moves/compound/CorrelationMatrixReparameterizationMove.cpp.o
#11 319.0 [  5%] Building CXX object revlanguage/CMakeFiles/rb-parser.dir/moves/mixture/Move_DPPGibbsConcentration.cpp.o
#11 327.9 [  5%] Building CXX object revlanguage/CMakeFiles/rb-parser.dir/moves/mixture/Move_MultiValueEventScale.cpp.o
#11 329.9 [  5%] Building CXX object core/CMakeFiles/rb-core.dir/moves/compound/RateAgeBetaShift.cpp.o
#11 331.5 [  5%] Building CXX object revlanguage/CMakeFiles/rb-parser.dir/moves/mixture/Move_OrderedEventTimeSlide.cpp.o
#11 340.6 [  5%] Building CXX object core/CMakeFiles/rb-core.dir/moves/compound/ConjugateInverseWishartMove.cpp.o
#11 342.4 [  5%] Building CXX object revlanguage/CMakeFiles/rb-parser.dir/moves/mixture/Move_MultiValueEventBirthDeath.cpp.o
#11 343.7 [  5%] Building CXX object revlanguage/CMakeFiles/rb-parser.dir/moves/mixture/Move_OrderedEventBirthDeath.cpp.o
#11 347.3 [  6%] Building CXX object core/CMakeFiles/rb-core.dir/moves/EllipticalSliceSamplingLognormalIIDMove.cpp.o
#11 354.8 [  6%] Building CXX object revlanguage/CMakeFiles/rb-parser.dir/moves/tree/Move_NodeTimeSlideUniformCharacterHistory.cpp.o
#11 355.0 [  6%] Building CXX object core/CMakeFiles/rb-core.dir/moves/SliceSamplingMove.cpp.o
#11 356.6 [  6%] Building CXX object core/CMakeFiles/rb-core.dir/moves/SingleRandomMoveSchedule.cpp.o
#11 363.7 [  6%] Building CXX object revlanguage/CMakeFiles/rb-parser.dir/moves/tree/Move_NodeTimeSlideUniform.cpp.o
#11 364.1 [  6%] Building CXX object core/CMakeFiles/rb-core.dir/moves/AbstractMove.cpp.o
#11 370.3 [  6%] Building CXX object core/CMakeFiles/rb-core.dir/moves/SequentialMoveSchedule.cpp.o
#11 376.4 [  7%] Building CXX object revlanguage/CMakeFiles/rb-parser.dir/moves/tree/Move_SpeciesTreeScale.cpp.o
#11 376.9 [  7%] Building CXX object core/CMakeFiles/rb-core.dir/moves/MoveSchedule.cpp.o
#11 377.1 [  7%] Building CXX object revlanguage/CMakeFiles/rb-parser.dir/moves/tree/Move_BranchLengthScale.cpp.o
#11 383.6 [  7%] Building CXX object core/CMakeFiles/rb-core.dir/moves/MetropolisHastingsMove.cpp.o
#11 390.3 [  7%] Building CXX object core/CMakeFiles/rb-core.dir/moves/Move.cpp.o
#11 390.8 [  7%] Building CXX object revlanguage/CMakeFiles/rb-parser.dir/moves/tree/Move_GibbsDrawCharacterHistory.cpp.o
#11 391.3 [  7%] Building CXX object core/CMakeFiles/rb-core.dir/moves/characterhistory/ContinuousEventBirthDeathProposal.cpp.o
#11 395.9 [  7%] Building CXX object core/CMakeFiles/rb-core.dir/moves/characterhistory/EventBirthDeathFromAgeProposal.cpp.o
#11 398.6 [  7%] Building CXX object core/CMakeFiles/rb-core.dir/moves/characterhistory/GibbsDrawCharacterHistoryProposal.cpp.o
#11 403.4 [  7%] Building CXX object core/CMakeFiles/rb-core.dir/moves/characterhistory/DiscreteEventBirthDeathProposal.cpp.o
#11 404.6 [  7%] Building CXX object revlanguage/CMakeFiles/rb-parser.dir/moves/tree/Move_NNINonclock.cpp.o
#11 411.1 [  7%] Building CXX object revlanguage/CMakeFiles/rb-parser.dir/moves/tree/Move_EventTimeSlide.cpp.o
#11 414.8 [  7%] Building CXX object core/CMakeFiles/rb-core.dir/moves/characterhistory/EventBranchTimeBetaProposal.cpp.o
#11 421.8 [  7%] Building CXX object revlanguage/CMakeFiles/rb-parser.dir/moves/tree/Move_SPRNonclock.cpp.o
#11 422.9 [  7%] Building CXX object core/CMakeFiles/rb-core.dir/moves/characterhistory/EventBirthDeathProposal.cpp.o
#11 428.7 [  8%] Building CXX object core/CMakeFiles/rb-core.dir/moves/characterhistory/EventTimeSlideProposal.cpp.o
#11 430.9 [  8%] Building CXX object core/CMakeFiles/rb-core.dir/moves/characterhistory/DiscreteEventCategoryRandomWalkProposal.cpp.o
#11 435.8 [  8%] Building CXX object core/CMakeFiles/rb-core.dir/moves/characterhistory/ContinuousEventScaleProposal.cpp.o
#11 436.0 [  8%] Building CXX object revlanguage/CMakeFiles/rb-parser.dir/moves/tree/Move_SpeciesSubtreeScale.cpp.o
#11 437.8 [  8%] Building CXX object core/CMakeFiles/rb-core.dir/moves/proposal/UpDownScaleProposal.cpp.o
#11 442.6 [  8%] Building CXX object core/CMakeFiles/rb-core.dir/moves/proposal/tree/SpeciesNarrowExchangeProposal.cpp.o
#11 446.7 [  8%] Building CXX object core/CMakeFiles/rb-core.dir/moves/proposal/tree/NodeTimeSlideUniformProposal.cpp.o
#11 449.1 [  8%] Building CXX object core/CMakeFiles/rb-core.dir/moves/proposal/tree/NarrowExchangeProposal.cpp.o
#11 451.8 [  8%] Building CXX object core/CMakeFiles/rb-core.dir/moves/proposal/tree/RootTimeScaleBactrianProposal.cpp.o
#11 455.0 [  8%] Building CXX object revlanguage/CMakeFiles/rb-parser.dir/moves/tree/Move_GibbsPruneAndRegraft.cpp.o
#11 457.1 [  8%] Building CXX object core/CMakeFiles/rb-core.dir/moves/proposal/tree/FossilTipTimeSlideUniformProposal.cpp.o
#11 459.4 [  8%] Building CXX object core/CMakeFiles/rb-core.dir/moves/proposal/tree/TreeScaleProposal.cpp.o
#11 465.4 [  8%] Building CXX object core/CMakeFiles/rb-core.dir/moves/proposal/tree/NodeTimeScaleProposal.cpp.o
#11 467.7 [  8%] Building CXX object core/CMakeFiles/rb-core.dir/moves/proposal/tree/NodeTimeSlidePathTruncatedNormalProposal.cpp.o
#11 469.8 [  8%] Building CXX object revlanguage/CMakeFiles/rb-parser.dir/moves/tree/Move_EventTimeBeta.cpp.o
#11 472.5 [  8%] Building CXX object core/CMakeFiles/rb-core.dir/moves/proposal/tree/FixedNodeheightPruneAndRegraftProposal.cpp.o
#11 475.4 [  8%] Building CXX object core/CMakeFiles/rb-core.dir/moves/proposal/tree/IndependentTopologyProposal.cpp.o
#11 479.9 [  8%] Building CXX object core/CMakeFiles/rb-core.dir/moves/proposal/tree/SpeciesTreeNodeSlideProposal.cpp.o
#11 483.3 [  9%] Building CXX object core/CMakeFiles/rb-core.dir/moves/proposal/tree/RootTimeSlideProposal.cpp.o
#11 488.0 [  9%] Building CXX object revlanguage/CMakeFiles/rb-parser.dir/moves/tree/Move_FNPR.cpp.o
#11 488.1 [  9%] Building CXX object revlanguage/CMakeFiles/rb-parser.dir/moves/tree/Move_FossilTipTimeUniform.cpp.o
#11 490.5 [  9%] Building CXX object core/CMakeFiles/rb-core.dir/moves/proposal/tree/SpeciesSubtreeScaleProposal.cpp.o
#11 498.9 [  9%] Building CXX object core/CMakeFiles/rb-core.dir/moves/proposal/tree/NarrowExchangeRateMatrixProposal.cpp.o
#11 501.5 [  9%] Building CXX object revlanguage/CMakeFiles/rb-parser.dir/moves/tree/Move_NodeTimeSlidePathTruncatedNormal.cpp.o
#11 502.0 [  9%] Building CXX object revlanguage/CMakeFiles/rb-parser.dir/moves/tree/Move_LayeredScaleProposal.cpp.o
#11 506.6 [  9%] Building CXX object core/CMakeFiles/rb-core.dir/moves/proposal/tree/SubtreeSwapProposal.cpp.o
#11 514.4 [  9%] Building CXX object core/CMakeFiles/rb-core.dir/moves/proposal/tree/TreeNodeAgeUpdateProposal.cpp.o
#11 515.2 [  9%] Building CXX object revlanguage/CMakeFiles/rb-parser.dir/moves/tree/Move_RateAgeProposal.cpp.o
#11 515.6 [ 10%] Building CXX object revlanguage/CMakeFiles/rb-parser.dir/moves/tree/Move_AddRemoveTip.cpp.o
#11 522.7 [ 10%] Building CXX object core/CMakeFiles/rb-core.dir/moves/proposal/tree/RateAgeProposal.cpp.o
#11 529.2 [ 10%] Building CXX object revlanguage/CMakeFiles/rb-parser.dir/moves/tree/Move_SubtreeSwap.cpp.o
#11 529.2 [ 10%] Building CXX object revlanguage/CMakeFiles/rb-parser.dir/moves/tree/Move_NodeTimeSlideUniformAgeConstrained.cpp.o
#11 534.1 [ 10%] Building CXX object core/CMakeFiles/rb-core.dir/moves/proposal/tree/BurstEventProposal.cpp.o
#11 540.8 [ 10%] Building CXX object core/CMakeFiles/rb-core.dir/moves/proposal/tree/RootTimeSlideUniformProposal.cpp.o
#11 542.2 [ 10%] Building CXX object core/CMakeFiles/rb-core.dir/moves/proposal/tree/AddRemoveTipProposal.cpp.o
#11 542.7 [ 10%] Building CXX object revlanguage/CMakeFiles/rb-parser.dir/moves/tree/Move_SpeciesNarrowExchange.cpp.o
#11 548.3 [ 10%] Building CXX object core/CMakeFiles/rb-core.dir/moves/proposal/tree/NodeRateTimeSlideUniformProposal.cpp.o
#11 549.7 [ 10%] Building CXX object core/CMakeFiles/rb-core.dir/moves/proposal/tree/BranchLengthScaleProposal.cpp.o
#11 556.4 [ 10%] Building CXX object revlanguage/CMakeFiles/rb-parser.dir/moves/tree/Move_EmpiricalTreeTopology.cpp.o
#11 556.8 [ 10%] Building CXX object core/CMakeFiles/rb-core.dir/moves/proposal/tree/EmpiricalTreeTopologyProposal.cpp.o
#11 558.6 [ 10%] Building CXX object core/CMakeFiles/rb-core.dir/moves/proposal/tree/CollapseExpandFossilBranchProposal.cpp.o
#11 565.6 [ 10%] Building CXX object core/CMakeFiles/rb-core.dir/moves/proposal/tree/SpeciesTreeScaleProposal.cpp.o
#11 566.0 [ 11%] Building CXX object core/CMakeFiles/rb-core.dir/moves/proposal/tree/NodeTimeSlideUniformAgeConstrainedProposal.cpp.o
#11 570.0 [ 11%] Building CXX object revlanguage/CMakeFiles/rb-parser.dir/moves/tree/Move_RootTimeSlide.cpp.o
#11 573.5 [ 11%] Building CXX object core/CMakeFiles/rb-core.dir/moves/proposal/tree/NodeTimeSlideBetaProposal.cpp.o
#11 578.8 [ 11%] Building CXX object core/CMakeFiles/rb-core.dir/moves/proposal/tree/SubtreePruneRegraftProposal.cpp.o
#11 581.3 [ 11%] Building CXX object core/CMakeFiles/rb-core.dir/moves/proposal/tree/GibbsPruneAndRegraftProposal.cpp.o
#11 584.6 [ 11%] Building CXX object revlanguage/CMakeFiles/rb-parser.dir/moves/tree/Move_BurstEvent.cpp.o
#11 586.3 [ 11%] Building CXX object core/CMakeFiles/rb-core.dir/moves/proposal/tree/NodeTimeSlideUniformCharacterHistoryProposal.cpp.o
#11 586.4 [ 11%] Building CXX object core/CMakeFiles/rb-core.dir/moves/proposal/tree/NodeTimeSlideWeightedProposal.cpp.o
#11 588.9 [ 11%] Building CXX object core/CMakeFiles/rb-core.dir/moves/proposal/tree/RateAgeSubtreeProposal.cpp.o
#11 594.5 [ 11%] Building CXX object core/CMakeFiles/rb-core.dir/moves/proposal/tree/SubtreeScaleProposal.cpp.o
#11 597.2 [ 11%] Building CXX object core/CMakeFiles/rb-core.dir/moves/proposal/tree/LayeredScaleProposal.cpp.o
#11 598.3 [ 11%] Building CXX object revlanguage/CMakeFiles/rb-parser.dir/moves/tree/Move_BirthDeathEventDiscrete.cpp.o
#11 602.3 [ 11%] Building CXX object core/CMakeFiles/rb-core.dir/moves/proposal/tree/NearestNeighborInterchangeProposal.cpp.o
#11 605.2 [ 11%] Building CXX object core/CMakeFiles/rb-core.dir/moves/proposal/tree/SpeciesSubtreeScaleBetaProposal.cpp.o
#11 609.7 [ 11%] Building CXX object core/CMakeFiles/rb-core.dir/moves/proposal/tree/FossilTipTimeUniformProposal.cpp.o
#11 611.9 [ 11%] Building CXX object revlanguage/CMakeFiles/rb-parser.dir/moves/tree/Move_RootTimeSlideUniform.cpp.o
#11 613.6 [ 11%] Building CXX object core/CMakeFiles/rb-core.dir/moves/proposal/tree/NearestNeighborInterchange_nonClockProposal.cpp.o
#11 616.7 [ 11%] Building CXX object core/CMakeFiles/rb-core.dir/moves/proposal/ContinuousCharacterDataScaleProposal.cpp.o
#11 620.8 [ 12%] Building CXX object core/CMakeFiles/rb-core.dir/moves/proposal/vector/SingleElementScaleProposal.cpp.o
#11 625.7 [ 12%] Building CXX object revlanguage/CMakeFiles/rb-parser.dir/moves/tree/Move_FossilTipTimeSlideUniform.cpp.o
#11 627.9 [ 12%] Building CXX object core/CMakeFiles/rb-core.dir/moves/proposal/vector/SynchronizedVectorFixedSingleElementSlideProposal.cpp.o
#11 629.9 [ 12%] Building CXX object core/CMakeFiles/rb-core.dir/moves/proposal/vector/ShrinkExpandScaleProposal.cpp.o
#11 635.5 [ 12%] Building CXX object core/CMakeFiles/rb-core.dir/moves/proposal/vector/HSRFUnevenGridHyperpriorsGibbsMove.cpp.o
#11 637.6 [ 12%] Building CXX object core/CMakeFiles/rb-core.dir/moves/proposal/vector/VectorSingleElementSlideProposal.cpp.o
#11 640.4 [ 12%] Building CXX object revlanguage/CMakeFiles/rb-parser.dir/moves/tree/Move_NarrowExchangeCharacterHistory.cpp.o
#11 646.5 [ 12%] Building CXX object core/CMakeFiles/rb-core.dir/moves/proposal/vector/HSRFOrder2HyperpriorsGibbsMove.cpp.o
#11 647.1 [ 12%] Building CXX object core/CMakeFiles/rb-core.dir/moves/proposal/vector/VectorSlideProposal.cpp.o
#11 654.6 [ 12%] Building CXX object core/CMakeFiles/rb-core.dir/moves/proposal/vector/HSRFHyperpriorsGibbsMove.cpp.o
#11 654.9 [ 12%] Building CXX object core/CMakeFiles/rb-core.dir/moves/proposal/vector/MultipleElementScaleProposal.cpp.o
#11 662.4 [ 12%] Building CXX object core/CMakeFiles/rb-core.dir/moves/proposal/vector/VectorScaleProposal.cpp.o
#11 662.8 [ 12%] Building CXX object core/CMakeFiles/rb-core.dir/moves/proposal/vector/ElementScaleProposal.cpp.o
#11 666.2 [ 12%] Building CXX object revlanguage/CMakeFiles/rb-parser.dir/moves/tree/Move_WeightedNodeTimeSlide.cpp.o
#11 669.5 [ 12%] Building CXX object core/CMakeFiles/rb-core.dir/moves/proposal/vector/VectorFixedSingleElementSlideProposal.cpp.o
#11 669.7 [ 12%] Building CXX object core/CMakeFiles/rb-core.dir/moves/proposal/vector/SingleElementSlideProposal.cpp.o
#11 676.0 [ 12%] Building CXX object core/CMakeFiles/rb-core.dir/moves/proposal/vector/ElementSlideProposal.cpp.o
#11 676.1 [ 12%] Building CXX object core/CMakeFiles/rb-core.dir/moves/proposal/vector/VectorSlideRecenterProposal.cpp.o
#11 678.3 [ 12%] Building CXX object revlanguage/CMakeFiles/rb-parser.dir/moves/tree/Move_IndependentTopology.cpp.o
#11 682.3 [ 13%] Building CXX object core/CMakeFiles/rb-core.dir/moves/proposal/vector/VectorBinarySwitchProposal.cpp.o
#11 682.3 [ 13%] Building CXX object core/CMakeFiles/rb-core.dir/moves/proposal/vector/VectorSingleElementScaleProposal.cpp.o
#11 689.0 [ 13%] Building CXX object core/CMakeFiles/rb-core.dir/moves/proposal/vector/HSRFIntervalSwapProposal.cpp.o
#11 689.6 [ 13%] Building CXX object core/CMakeFiles/rb-core.dir/moves/proposal/vector/ShrinkExpandProposal.cpp.o
#11 692.7 [ 13%] Building CXX object revlanguage/CMakeFiles/rb-parser.dir/moves/tree/Move_NNIClock.cpp.o
#11 695.1 [ 13%] Building CXX object revlanguage/CMakeFiles/rb-parser.dir/moves/tree/Move_EmpiricalTree.cpp.o
#11 696.3 [ 13%] Building CXX object core/CMakeFiles/rb-core.dir/moves/proposal/ContinuousCharacterDataSlideProposal.cpp.o
#11 696.8 [ 13%] Building CXX object core/CMakeFiles/rb-core.dir/moves/proposal/matrix/MatrixRealSingleElementScaleProposal.cpp.o
#11 703.5 [ 13%] Building CXX object core/CMakeFiles/rb-core.dir/moves/proposal/matrix/MatrixRealSingleElementSlideProposal.cpp.o
#11 705.3 [ 14%] Building CXX object revlanguage/CMakeFiles/rb-parser.dir/moves/tree/Move_DiscreteEventCategoryRandomWalk.cpp.o
#11 707.8 [ 14%] Building CXX object core/CMakeFiles/rb-core.dir/moves/proposal/matrix/CorrelationMatrixPartialElementBetaProposal.cpp.o
#11 708.5 [ 14%] Building CXX object core/CMakeFiles/rb-core.dir/moves/proposal/matrix/CorrelationMatrixExpansionProposal.cpp.o
#11 710.6 [ 14%] Building CXX object core/CMakeFiles/rb-core.dir/moves/proposal/matrix/CorrelationMatrixElementSwapProposal.cpp.o
#11 716.0 [ 14%] Building CXX object core/CMakeFiles/rb-core.dir/moves/proposal/matrix/CorrelationMatrixElementBetaProposal.cpp.o
#11 717.8 [ 14%] Building CXX object core/CMakeFiles/rb-core.dir/moves/proposal/matrix/MatrixRealSymmetricSingleElementSlidingProposal.cpp.o
#11 718.5 [ 14%] Building CXX object revlanguage/CMakeFiles/rb-parser.dir/moves/tree/Move_SpeciesSubtreeScaleBeta.cpp.o
#11 722.0 [ 14%] Building CXX object core/CMakeFiles/rb-core.dir/moves/proposal/matrix/CorrelationMatrixRandomWalkProposal.cpp.o
#11 722.7 [ 14%] Building CXX object core/CMakeFiles/rb-core.dir/moves/proposal/matrix/GraphFlipCliqueProposal.cpp.o
#11 724.7 [ 15%] Building CXX object core/CMakeFiles/rb-core.dir/moves/proposal/matrix/GraphFlipEdgeProposal.cpp.o
#11 728.5 [ 15%] Building CXX object core/CMakeFiles/rb-core.dir/moves/proposal/matrix/CorrelationMatrixProposal.cpp.o
#11 731.2 [ 15%] Building CXX object revlanguage/CMakeFiles/rb-parser.dir/moves/tree/Move_CollapseExpandFossilBranch.cpp.o
#11 733.4 [ 15%] Building CXX object core/CMakeFiles/rb-core.dir/moves/proposal/matrix/GraphShiftEdgeProposal.cpp.o
#11 736.1 [ 15%] Building CXX object core/CMakeFiles/rb-core.dir/moves/proposal/matrix/CorrelationMatrixSpecificElementBetaProposal.cpp.o
#11 736.9 [ 15%] Building CXX object core/CMakeFiles/rb-core.dir/moves/proposal/UpDownSlideProposal.cpp.o
#11 743.1 [ 15%] Building CXX object core/CMakeFiles/rb-core.dir/moves/proposal/AVMVNProposal.cpp.o
#11 744.1 [ 15%] Building CXX object core/CMakeFiles/rb-core.dir/moves/proposal/Proposal.cpp.o
#11 745.0 [ 15%] Building CXX object revlanguage/CMakeFiles/rb-parser.dir/moves/tree/Move_NodeTimeScale.cpp.o
#11 745.2 [ 15%] Building CXX object core/CMakeFiles/rb-core.dir/moves/proposal/UpDownSlideBactrianProposal.cpp.o
#11 750.5 [ 15%] Building CXX object core/CMakeFiles/rb-core.dir/moves/proposal/simplex/DirichletSimplexProposal.cpp.o
#11 753.3 [ 15%] Building CXX object core/CMakeFiles/rb-core.dir/moves/proposal/simplex/ElementSwapSimplexProposal.cpp.o
#11 755.3 [ 15%] Building CXX object core/CMakeFiles/rb-core.dir/moves/proposal/simplex/BetaSimplexProposal.cpp.o
#11 758.2 [ 15%] Building CXX object revlanguage/CMakeFiles/rb-parser.dir/moves/tree/Move_BirthDeathFromAgeEvent.cpp.o
#11 760.4 [ 15%] Building CXX object core/CMakeFiles/rb-core.dir/moves/proposal/scalar/RandomGeometricWalkProposal.cpp.o
#11 761.5 [ 15%] Building CXX object core/CMakeFiles/rb-core.dir/moves/proposal/scalar/ScaleProposalContinuous.cpp.o
#11 762.5 [ 15%] Building CXX object core/CMakeFiles/rb-core.dir/moves/proposal/scalar/BetaProbabilityProposal.cpp.o
#11 767.6 [ 15%] Building CXX object core/CMakeFiles/rb-core.dir/moves/proposal/scalar/HalfRandomDiveProposal.cpp.o
#11 768.8 [ 16%] Building CXX object core/CMakeFiles/rb-core.dir/moves/proposal/scalar/RandomIntegerWalkProposal.cpp.o
#11 769.6 [ 16%] Building CXX object core/CMakeFiles/rb-core.dir/moves/proposal/scalar/BinarySwitchProposal.cpp.o
#11 771.4 [ 16%] Building CXX object revlanguage/CMakeFiles/rb-parser.dir/moves/tree/Move_NodeTimeSlideBeta.cpp.o
#11 774.5 [ 16%] Building CXX object core/CMakeFiles/rb-core.dir/moves/proposal/scalar/GMRFOrder2HyperpriorGibbsMove.cpp.o
#11 775.7 [ 16%] Building CXX object core/CMakeFiles/rb-core.dir/moves/proposal/scalar/GammaScaleProposal.cpp.o
#11 776.3 [ 16%] Building CXX object core/CMakeFiles/rb-core.dir/moves/proposal/scalar/GMRFHyperpriorGibbsMove.cpp.o
#11 781.7 [ 16%] Building CXX object core/CMakeFiles/rb-core.dir/moves/proposal/scalar/RandomDiveProposal.cpp.o
#11 782.4 [ 16%] Building CXX object core/CMakeFiles/rb-core.dir/moves/proposal/scalar/SlideBactrianProposalContinuous.cpp.o
#11 783.3 [ 16%] Building CXX object core/CMakeFiles/rb-core.dir/moves/proposal/scalar/LevyJumpProposal.cpp.o
#11 784.4 [ 16%] Building CXX object revlanguage/CMakeFiles/rb-parser.dir/moves/tree/Move_FNPRCharacterHistory.cpp.o
#11 788.4 [ 16%] Building CXX object core/CMakeFiles/rb-core.dir/moves/proposal/scalar/ScaleProposal.cpp.o
#11 789.2 [ 16%] Building CXX object core/CMakeFiles/rb-core.dir/moves/proposal/scalar/SlideUpDownProposal.cpp.o
#11 790.0 [ 16%] Building CXX object core/CMakeFiles/rb-core.dir/moves/proposal/scalar/LevyJumpSumProposal.cpp.o
#11 795.2 [ 16%] Building CXX object core/CMakeFiles/rb-core.dir/moves/proposal/scalar/ScaleBactrianCauchyProposal.cpp.o
#11 796.2 [ 16%] Building CXX object core/CMakeFiles/rb-core.dir/moves/proposal/scalar/SlideProposalContinuous.cpp.o
#11 796.8 [ 16%] Building CXX object core/CMakeFiles/rb-core.dir/moves/proposal/scalar/MirrorProposal.cpp.o
#11 802.0 [ 17%] Building CXX object core/CMakeFiles/rb-core.dir/moves/proposal/scalar/SlideProposal.cpp.o
#11 803.2 [ 17%] Building CXX object core/CMakeFiles/rb-core.dir/moves/proposal/scalar/ScaleUpDownProposal.cpp.o
#11 803.7 [ 17%] Building CXX object core/CMakeFiles/rb-core.dir/moves/proposal/scalar/MirrorMultiplierProposal.cpp.o
#11 807.6 [ 17%] Building CXX object revlanguage/CMakeFiles/rb-parser.dir/moves/tree/Move_NarrowExchangeRateMatrix.cpp.o
#11 809.0 [ 17%] Building CXX object core/CMakeFiles/rb-core.dir/moves/proposal/scalar/GMRFUnevenGridHyperpriorGibbsMove.cpp.o
#11 810.0 [ 17%] Building CXX object core/CMakeFiles/rb-core.dir/moves/proposal/scalar/ScaleBactrianProposal.cpp.o
#11 810.3 [ 17%] Building CXX object core/CMakeFiles/rb-core.dir/moves/proposal/scalar/SlideBactrianProposal.cpp.o
#11 816.6 [ 17%] Building CXX object core/CMakeFiles/rb-core.dir/moves/proposal/HomeologPhaseProposal.cpp.o
#11 816.9 [ 17%] Building CXX object core/CMakeFiles/rb-core.dir/moves/RandomMoveSchedule.cpp.o
#11 818.0 [ 17%] Building CXX object core/CMakeFiles/rb-core.dir/statistics/mixture/MeanVecContinuousValStatistic.cpp.o
#11 820.0 [ 17%] Building CXX object revlanguage/CMakeFiles/rb-parser.dir/moves/tree/Move_SubtreeScale.cpp.o
#11 823.9 [ 17%] Building CXX object core/CMakeFiles/rb-core.dir/statistics/mixture/VectorDoubleProductStatistic.cpp.o
#11 824.5 [ 17%] Building CXX object core/CMakeFiles/rb-core.dir/statistics/tree/MrcaIndexStatistic.cpp.o
#11 831.1 [ 17%] Building CXX object core/CMakeFiles/rb-core.dir/statistics/tree/TreeLengthStatistic.cpp.o
#11 833.9 [ 17%] Building CXX object core/CMakeFiles/rb-core.dir/statistics/tree/NodeAgeByID.cpp.o
#11 834.4 [ 17%] Building CXX object core/CMakeFiles/rb-core.dir/statistics/tree/TreePairwiseNodalDistances.cpp.o
#11 834.9 [ 17%] Building CXX object revlanguage/CMakeFiles/rb-parser.dir/moves/tree/Move_RootTimeScaleBactrian.cpp.o
#11 838.3 [ 17%] Building CXX object core/CMakeFiles/rb-core.dir/statistics/tree/SymmetricDifferenceStatistic.cpp.o
#11 840.5 [ 18%] Building CXX object core/CMakeFiles/rb-core.dir/statistics/tree/TmrcaStatistic.cpp.o
#11 841.1 [ 18%] Building CXX object core/CMakeFiles/rb-core.dir/statistics/tree/TreeBipartitions.cpp.o
#11 845.1 [ 18%] Building CXX object core/CMakeFiles/rb-core.dir/statistics/tree/TreePairwiseDistances.cpp.o
#11 848.1 [ 18%] Building CXX object revlanguage/CMakeFiles/rb-parser.dir/moves/tree/Move_ContinuousEventScale.cpp.o
#11 850.2 [ 18%] Building CXX object core/CMakeFiles/rb-core.dir/statistics/tree/BranchScoreDistanceStatistic.cpp.o
#11 852.2 [ 18%] Building CXX object core/CMakeFiles/rb-core.dir/utils/RbUtil.cpp.o
#11 854.4 [ 18%] Building CXX object core/CMakeFiles/rb-core.dir/utils/BirthDeathForwardSimulator.cpp.o
#11 857.7 [ 18%] Building CXX object core/CMakeFiles/rb-core.dir/utils/RbFileManager.cpp.o
#11 860.0 [ 18%] Building CXX object core/CMakeFiles/rb-core.dir/utils/TreeUtilities.cpp.o
#11 862.1 [ 18%] Building CXX object revlanguage/CMakeFiles/rb-parser.dir/moves/tree/Move_NarrowExchange.cpp.o
#11 863.4 [ 18%] Building CXX object core/CMakeFiles/rb-core.dir/utils/RbSettings.cpp.o
#11 864.2 [ 18%] Building CXX object core/CMakeFiles/rb-core.dir/utils/MpiUtilities.cpp.o
#11 866.1 [ 18%] Building CXX object core/CMakeFiles/rb-core.dir/utils/RbException.cpp.o
#11 867.8 [ 18%] Building CXX object core/CMakeFiles/rb-core.dir/utils/StartingTreeSimulator.cpp.o
#11 870.3 [ 18%] Building CXX object core/CMakeFiles/rb-core.dir/utils/UPGMA.cpp.o
#11 876.8 [ 18%] Building CXX object revlanguage/CMakeFiles/rb-parser.dir/moves/tree/Move_TreeScale.cpp.o
#11 877.8 [ 18%] Building CXX object core/CMakeFiles/rb-core.dir/utils/StringUtilities.cpp.o
#11 878.7 [ 19%] Building CXX object core/CMakeFiles/rb-core.dir/functions/phylogenetics/PhyloDiversityFunction.cpp.o
#11 883.4 [ 19%] Building CXX object core/CMakeFiles/rb-core.dir/functions/phylogenetics/cladogenetic/ChromosomesCladogenicStateFunction.cpp.o
#11 886.1 [ 19%] Building CXX object core/CMakeFiles/rb-core.dir/functions/phylogenetics/cladogenetic/DECCladogeneticStateFunction.cpp.o
#11 887.2 [ 19%] Building CXX object core/CMakeFiles/rb-core.dir/functions/phylogenetics/cladogenetic/BiogeographyCladogeneticBirthDeathFunction.cpp.o
#11 890.7 [ 19%] Building CXX object revlanguage/CMakeFiles/rb-parser.dir/moves/tree/Move_BirthDeathEventContinuous.cpp.o
#11 894.2 [ 19%] Building CXX object core/CMakeFiles/rb-core.dir/functions/phylogenetics/cladogenetic/ChromosomesPloidyCladogenicBirthDeathFunction.cpp.o
#11 903.4 [ 19%] Building CXX object core/CMakeFiles/rb-core.dir/functions/phylogenetics/cladogenetic/CladogeneticProbabilityMatrixFunction.cpp.o
#11 903.9 [ 19%] Building CXX object core/CMakeFiles/rb-core.dir/functions/phylogenetics/cladogenetic/MixtureCladogeneticStateFunction.cpp.o
#11 904.5 [ 20%] Building CXX object revlanguage/CMakeFiles/rb-parser.dir/moves/tree/Move_RateAgeSubtreeProposal.cpp.o
#11 905.3 [ 20%] Building CXX object core/CMakeFiles/rb-core.dir/functions/phylogenetics/cladogenetic/ChromosomesCladogenicBirthDeathFunction.cpp.o
#11 912.0 [ 20%] Building CXX object core/CMakeFiles/rb-core.dir/functions/phylogenetics/cladogenetic/EpochCladogeneticStateFunction.cpp.o
#11 912.6 [ 20%] Building CXX object core/CMakeFiles/rb-core.dir/functions/phylogenetics/TreeScaleFunction.cpp.o
#11 917.4 [ 20%] Building CXX object core/CMakeFiles/rb-core.dir/functions/phylogenetics/PruneTreeFunction.cpp.o
#11 918.9 [ 20%] Building CXX object revlanguage/CMakeFiles/rb-parser.dir/moves/tree/Move_SpeciesNodeTimeSlideUniform.cpp.o
#11 919.3 [ 20%] Building CXX object core/CMakeFiles/rb-core.dir/functions/phylogenetics/AvgDistanceMatrixFunction.cpp.o
#11 920.0 [ 20%] Building CXX object core/CMakeFiles/rb-core.dir/functions/phylogenetics/InferAncestralPopSizeFunctionPiecewise.cpp.o
#11 925.1 [ 20%] Building CXX object core/CMakeFiles/rb-core.dir/functions/phylogenetics/CoalaFunction.cpp.o
#11 926.9 [ 21%] Building CXX object core/CMakeFiles/rb-core.dir/functions/phylogenetics/CheckNodeOrderConstraintsFunction.cpp.o
#11 928.5 [ 21%] Building CXX object core/CMakeFiles/rb-core.dir/functions/phylogenetics/tree/ChronoToPhyloFunction.cpp.o
#11 933.0 [ 21%] Building CXX object revlanguage/CMakeFiles/rb-parser.dir/moves/tree/Move_RateAgeBetaShift.cpp.o
#11 935.4 [ 21%] Building CXX object core/CMakeFiles/rb-core.dir/functions/phylogenetics/tree/ExtantTreeFunction.cpp.o
#11 936.0 [ 21%] Building CXX object core/CMakeFiles/rb-core.dir/functions/phylogenetics/tree/EarlyBurstRatesFunction.cpp.o
#11 936.5 [ 21%] Building CXX object core/CMakeFiles/rb-core.dir/functions/phylogenetics/ratemap/RangeEvolutionRateModifierFunction.cpp.o
#11 942.5 [ 21%] Building CXX object core/CMakeFiles/rb-core.dir/functions/phylogenetics/ratemap/StateCountRateModifierFunction.cpp.o
#11 945.6 [ 21%] Building CXX object core/CMakeFiles/rb-core.dir/functions/phylogenetics/ratemap/DistanceRateModifierFunction.cpp.o
#11 949.0 [ 21%] Building CXX object core/CMakeFiles/rb-core.dir/functions/phylogenetics/ratemap/SiteRateModifierFunction.cpp.o
#11 949.2 [ 21%] Building CXX object revlanguage/CMakeFiles/rb-parser.dir/moves/tree/Move_NodeRateTimeSlideUniform.cpp.o
#11 953.7 [ 21%] Building CXX object core/CMakeFiles/rb-core.dir/functions/phylogenetics/ratemap/AdjacentRateModifierFunction.cpp.o
#11 954.1 [ 21%] Building CXX object core/CMakeFiles/rb-core.dir/functions/phylogenetics/ratemap/GeneralRateGeneratorSequenceFunction.cpp.o
#11 956.5 [ 21%] Building CXX object revlanguage/CMakeFiles/rb-parser.dir/moves/vector/Move_VectorBinarySwitch.cpp.o
#11 962.3 [ 21%] Building CXX object core/CMakeFiles/rb-core.dir/functions/phylogenetics/ratemap/HostSwitchRateModifierFunction.cpp.o
#11 963.5 [ 21%] Building CXX object revlanguage/CMakeFiles/rb-parser.dir/moves/vector/Move_ElementSlide.cpp.o
#11 965.6 [ 21%] Building CXX object core/CMakeFiles/rb-core.dir/functions/phylogenetics/ratemap/BiogeographyRateGeneratorSequenceFunction.cpp.o
#11 969.5 [ 21%] Building CXX object core/CMakeFiles/rb-core.dir/functions/phylogenetics/InferAncestralPopSizeFunction.cpp.o
#11 973.7 [ 21%] Building CXX object core/CMakeFiles/rb-core.dir/functions/phylogenetics/ratematrix/FreeKRateMatrixFunction.cpp.o
#11 977.2 [ 21%] Building CXX object core/CMakeFiles/rb-core.dir/functions/phylogenetics/ratematrix/TvmRateMatrixFunction.cpp.o
#11 978.0 [ 21%] Building CXX object revlanguage/CMakeFiles/rb-parser.dir/moves/vector/Move_VectorSlide.cpp.o
#11 980.0 [ 21%] Building CXX object revlanguage/CMakeFiles/rb-parser.dir/moves/vector/Move_VectorScale.cpp.o
#11 981.4 [ 21%] Building CXX object revlanguage/CMakeFiles/rb-parser.dir/moves/vector/Move_SynchronizedVectorFixedSingleElementSlide.cpp.o
#11 984.3 [ 22%] Building CXX object core/CMakeFiles/rb-core.dir/functions/phylogenetics/ratematrix/CppCodonFuncs.cpp.o
#11 993.2 [ 22%] Building CXX object core/CMakeFiles/rb-core.dir/functions/phylogenetics/ratematrix/Kimura81RateMatrixFunction.cpp.o
#11 994.4 [ 22%] Building CXX object revlanguage/CMakeFiles/rb-parser.dir/moves/vector/Move_ElementScale.cpp.o
#11 997.0 [ 22%] Building CXX object revlanguage/CMakeFiles/rb-parser.dir/moves/vector/Move_EllipticalSliceSamplingSimple.cpp.o
#11 1000.9 [ 22%] Building CXX object core/CMakeFiles/rb-core.dir/functions/phylogenetics/ratematrix/HiddenStateRateMatrixFunction.cpp.o
#11 1003.0 [ 22%] Building CXX object revlanguage/CMakeFiles/rb-parser.dir/moves/vector/Move_SingleElementScale.cpp.o
#11 1009.7 [ 22%] Building CXX object core/CMakeFiles/rb-core.dir/functions/phylogenetics/ratematrix/SampledCladogenesisRootFrequenciesFunction.cpp.o
#11 1011.5 [ 22%] Building CXX object revlanguage/CMakeFiles/rb-parser.dir/moves/vector/Move_SingleElementSlide.cpp.o
#11 1013.4 [ 22%] Building CXX object core/CMakeFiles/rb-core.dir/functions/phylogenetics/ratematrix/TamuraNeiRateMatrixFunction.cpp.o
#11 1017.1 [ 22%] Building CXX object core/CMakeFiles/rb-core.dir/functions/phylogenetics/ratematrix/revPoMoTwo4NRateMatrixFunction.cpp.o
#11 1017.2 [ 22%] Building CXX object revlanguage/CMakeFiles/rb-parser.dir/moves/vector/Move_ShrinkExpandScale.cpp.o
#11 1020.2 [ 22%] Building CXX object core/CMakeFiles/rb-core.dir/functions/phylogenetics/ratematrix/revPoMoThree4NRateMatrixFunction.cpp.o
#11 1024.1 [ 22%] Building CXX object core/CMakeFiles/rb-core.dir/functions/phylogenetics/ratematrix/PoMo4NRateMatrixFunction.cpp.o
#11 1026.1 [ 23%] Building CXX object revlanguage/CMakeFiles/rb-parser.dir/moves/vector/Move_ShrinkExpand.cpp.o
#11 1027.8 [ 23%] Building CXX object core/CMakeFiles/rb-core.dir/functions/phylogenetics/ratematrix/DECStationaryFrequenciesFunction.cpp.o
#11 1031.5 [ 23%] Building CXX object core/CMakeFiles/rb-core.dir/functions/phylogenetics/ratematrix/PoMoRateMatrixFunction.cpp.o
#11 1031.9 [ 23%] Building CXX object core/CMakeFiles/rb-core.dir/functions/phylogenetics/ratematrix/T92RateMatrixFunction.cpp.o
#11 1037.4 [ 23%] Building CXX object core/CMakeFiles/rb-core.dir/functions/phylogenetics/ratematrix/PoMoKNRateMatrixFunction.cpp.o
#11 1038.6 [ 23%] Building CXX object core/CMakeFiles/rb-core.dir/functions/phylogenetics/ratematrix/CodonSynonymousNonsynonymousRateMatrixFunction.cpp.o
#11 1038.8 [ 23%] Building CXX object core/CMakeFiles/rb-core.dir/functions/phylogenetics/ratematrix/GtrRateMatrixFunction.cpp.o
#11 1040.6 [ 23%] Building CXX object revlanguage/CMakeFiles/rb-parser.dir/moves/vector/Move_VectorSlideRecenter.cpp.o
#11 1044.2 [ 23%] Building CXX object revlanguage/CMakeFiles/rb-parser.dir/moves/vector/Move_VectorSingleElementSlide.cpp.o
#11 1045.3 [ 24%] Building CXX object core/CMakeFiles/rb-core.dir/functions/phylogenetics/ratematrix/PoMo2NRateMatrixFunction.cpp.o
#11 1045.4 [ 24%] Building CXX object core/CMakeFiles/rb-core.dir/functions/phylogenetics/ratematrix/revPoMo2NRateMatrixFunction.cpp.o
#11 1051.9 [ 24%] Building CXX object core/CMakeFiles/rb-core.dir/functions/phylogenetics/ratematrix/JcRateMatrixFunction.cpp.o
#11 1052.0 [ 24%] Building CXX object core/CMakeFiles/rb-core.dir/functions/phylogenetics/ratematrix/CovarionFunction.cpp.o
#11 1054.5 [ 24%] Building CXX object revlanguage/CMakeFiles/rb-parser.dir/moves/vector/Move_EllipticalSliceSamplingLognormalIID.cpp.o
#11 1058.0 [ 24%] Building CXX object core/CMakeFiles/rb-core.dir/functions/phylogenetics/ratematrix/EpochRateMatrixFunction.cpp.o
#11 1058.8 [ 24%] Building CXX object core/CMakeFiles/rb-core.dir/functions/phylogenetics/ratematrix/CovarionRateMatrixFunction.cpp.o
#11 1059.8 [ 24%] Building CXX object core/CMakeFiles/rb-core.dir/functions/phylogenetics/ratematrix/ReversiblePoMoRateMatrixFunction.cpp.o
#11 1064.6 [ 24%] Building CXX object core/CMakeFiles/rb-core.dir/functions/phylogenetics/ratematrix/BiogeographyRateMatrixFunction.cpp.o
#11 1066.1 [ 24%] Building CXX object core/CMakeFiles/rb-core.dir/functions/phylogenetics/ratematrix/FreeSymmetricRateMatrixFunction.cpp.o
#11 1068.4 [ 24%] Building CXX object core/CMakeFiles/rb-core.dir/functions/phylogenetics/ratematrix/F81RateMatrixFunction.cpp.o
#11 1068.7 [ 24%] Building CXX object revlanguage/CMakeFiles/rb-parser.dir/moves/vector/Move_VectorFixedSingleElementSlide.cpp.o
#11 1071.5 [ 24%] Building CXX object core/CMakeFiles/rb-core.dir/functions/phylogenetics/ratematrix/TimRateMatrixFunction.cpp.o
#11 1072.9 [ 24%] Building CXX object core/CMakeFiles/rb-core.dir/functions/phylogenetics/ratematrix/FlowT2PopulationsRateMatrixFunction.cpp.o
#11 1074.7 [ 24%] Building CXX object core/CMakeFiles/rb-core.dir/functions/phylogenetics/ratematrix/OrderedRateMatrixFunction.cpp.o
#11 1078.1 [ 24%] Building CXX object core/CMakeFiles/rb-core.dir/functions/phylogenetics/ratematrix/FreeBinaryRateMatrixFunction.cpp.o
#11 1079.9 [ 24%] Building CXX object core/CMakeFiles/rb-core.dir/functions/phylogenetics/ratematrix/CppDoubletFuncs.cpp.o
#11 1081.9 [ 25%] Building CXX object core/CMakeFiles/rb-core.dir/functions/phylogenetics/ratematrix/revPoMoThree4RateMatrixFunction.cpp.o
#11 1082.6 [ 25%] Building CXX object revlanguage/CMakeFiles/rb-parser.dir/moves/vector/Move_HSRFUnevenGridHyperpriorsGibbs.cpp.o
#11 1085.2 [ 25%] Building CXX object core/CMakeFiles/rb-core.dir/functions/phylogenetics/ratematrix/HkyRateMatrixFunction.cpp.o
#11 1087.9 [ 25%] Building CXX object core/CMakeFiles/rb-core.dir/functions/phylogenetics/ratematrix/K80RateMatrixFunction.cpp.o
#11 1089.1 [ 25%] Building CXX object core/CMakeFiles/rb-core.dir/functions/phylogenetics/ratematrix/InfiniteSitesRateMatrixFunction.cpp.o
#11 1092.2 [ 25%] Building CXX object core/CMakeFiles/rb-core.dir/functions/phylogenetics/ratematrix/ChromosomesRateMatrixFunction.cpp.o
#11 1094.7 [ 25%] Building CXX object core/CMakeFiles/rb-core.dir/functions/phylogenetics/ratematrix/revPoMoNeutralM4NRateMatrixFunction.cpp.o
#11 1095.6 [ 25%] Building CXX object core/CMakeFiles/rb-core.dir/functions/phylogenetics/ratematrix/revPoMoKNRateMatrixFunction.cpp.o
#11 1097.0 [ 25%] Building CXX object revlanguage/CMakeFiles/rb-parser.dir/moves/vector/Move_MultipleElementScale.cpp.o
#11 1099.0 [ 25%] Building CXX object core/CMakeFiles/rb-core.dir/functions/phylogenetics/ratematrix/PoMoRootFrequenciesFunction.cpp.o
#11 1101.5 [ 25%] Building CXX object core/CMakeFiles/rb-core.dir/functions/phylogenetics/ratematrix/CodonSynonymousNonsynonymousHKYRateMatrixFunction.cpp.o
#11 1102.6 [ 25%] Building CXX object core/CMakeFiles/rb-core.dir/functions/phylogenetics/ratematrix/revPoMoBalance4NRateMatrixFunction.cpp.o
#11 1106.9 [ 25%] Building CXX object core/CMakeFiles/rb-core.dir/functions/phylogenetics/ratematrix/ChromosomesPloidyRateMatrixFunction.cpp.o
#11 1108.9 [ 25%] Building CXX object core/CMakeFiles/rb-core.dir/functions/phylogenetics/ratematrix/BinaryMutationCoalescentRateMatrixFunction.cpp.o
#11 1110.3 [ 25%] Building CXX object core/CMakeFiles/rb-core.dir/functions/phylogenetics/ratematrix/revPoMo4NRateMatrixFunction.cpp.o
#11 1112.4 [ 25%] Building CXX object revlanguage/CMakeFiles/rb-parser.dir/moves/vector/Move_VectorSingleElementScale.cpp.o
#11 1114.3 [ 25%] Building CXX object core/CMakeFiles/rb-core.dir/functions/phylogenetics/ratematrix/DECRateMatrixFunction.cpp.o
#11 1116.1 [ 26%] Building CXX object core/CMakeFiles/rb-core.dir/functions/phylogenetics/DispersalExtinctionRateStructureFunction.cpp.o
#11 1117.4 [ 26%] Building CXX object core/CMakeFiles/rb-core.dir/functions/phylogenetics/CladeSpecificHierarchicalBranchRateFunction.cpp.o
#11 1121.2 [ 26%] Building CXX object core/CMakeFiles/rb-core.dir/functions/phylogenetics/MaximumTreeFunction.cpp.o
#11 1125.9 [ 26%] Building CXX object revlanguage/CMakeFiles/rb-parser.dir/moves/vector/Move_HSRFIntervalSwap.cpp.o
#11 1127.9 [ 26%] Building CXX object core/CMakeFiles/rb-core.dir/functions/phylogenetics/ComputeWeightedNodeOrderConstraintsScoreFunction.cpp.o
#11 1129.3 [ 26%] Building CXX object core/CMakeFiles/rb-core.dir/functions/phylogenetics/DispersalExtinctionRootStructureFunction.cpp.o
#11 1134.6 [ 26%] Building CXX object core/CMakeFiles/rb-core.dir/functions/phylogenetics/CladogeneticSpeciationRateMatrixFunction.cpp.o
#11 1137.5 [ 26%] Building CXX object revlanguage/CMakeFiles/rb-parser.dir/moves/vector/Move_HSRFHyperpriorsGibbs.cpp.o
#11 1140.6 [ 26%] Building CXX object core/CMakeFiles/rb-core.dir/functions/phylogenetics/PhylogeneticIndependentContrastsFunction.cpp.o
#11 1140.8 [ 26%] Building CXX object revlanguage/CMakeFiles/rb-parser.dir/moves/Move_UpDownSlide.cpp.o
#11 1143.5 [ 26%] Building CXX object core/CMakeFiles/rb-core.dir/functions/phylogenetics/ComputeLikelihoodsLtMt.cpp.o
#11 1152.5 [ 26%] Building CXX object revlanguage/CMakeFiles/rb-parser.dir/moves/matrix/Move_ConjugateInverseWishart.cpp.o
#11 1156.1 [ 26%] Building CXX object revlanguage/CMakeFiles/rb-parser.dir/moves/matrix/Move_MatrixSingleElementSlide.cpp.o
#11 1156.9 [ 26%] Building CXX object core/CMakeFiles/rb-core.dir/functions/phylogenetics/RootedTripletDistributionFunction.cpp.o
#11 1159.5 [ 26%] Building CXX object core/CMakeFiles/rb-core.dir/functions/phylogenetics/FeatureInformedRateFunction.cpp.o
#11 1166.4 [ 26%] Building CXX object revlanguage/CMakeFiles/rb-parser.dir/moves/matrix/Move_CorrelationMatrixExpansion.cpp.o
#11 1167.9 [ 26%] Building CXX object core/CMakeFiles/rb-core.dir/functions/phylogenetics/TreeAssemblyFunction.cpp.o
#11 1170.4 [ 26%] Building CXX object revlanguage/CMakeFiles/rb-parser.dir/moves/matrix/Move_CorrelationMatrixSpecificElementBeta.cpp.o
#11 1171.8 [ 27%] Building CXX object revlanguage/CMakeFiles/rb-parser.dir/moves/matrix/Move_GraphShiftEdge.cpp.o
#11 1175.2 [ 27%] Building CXX object core/CMakeFiles/rb-core.dir/functions/phylogenetics/PhylogeneticIndependentContrastsMultiSampleFunction.cpp.o
#11 1180.7 [ 27%] Building CXX object revlanguage/CMakeFiles/rb-parser.dir/moves/matrix/Move_GraphFlipClique.cpp.o
#11 1184.0 [ 27%] Building CXX object revlanguage/CMakeFiles/rb-parser.dir/moves/matrix/Move_CorrelationMatrixElementSwap.cpp.o
#11 1191.4 [ 27%] Building CXX object core/CMakeFiles/rb-core.dir/functions/phylogenetics/StitchTreeFunction.cpp.o
#11 1194.7 [ 27%] Building CXX object revlanguage/CMakeFiles/rb-parser.dir/moves/matrix/Move_MatrixRealSymmetricSlide.cpp.o
#11 1198.0 [ 27%] Building CXX object revlanguage/CMakeFiles/rb-parser.dir/moves/matrix/Move_CorrelationMatrixSingleElementBeta.cpp.o
#11 1204.0 [ 27%] Building CXX object revlanguage/CMakeFiles/rb-parser.dir/moves/matrix/Move_MatrixSingleElementScale.cpp.o
#11 1206.2 [ 27%] Building CXX object core/CMakeFiles/rb-core.dir/functions/vector/SimplexFromVectorFunction.cpp.o
#11 1208.8 [ 27%] Building CXX object revlanguage/CMakeFiles/rb-parser.dir/moves/matrix/Move_CorrelationMatrixRandomWalk.cpp.o
#11 1211.9 [ 27%] Building CXX object revlanguage/CMakeFiles/rb-parser.dir/moves/matrix/Move_GraphFlipEdge.cpp.o
#11 1213.4 [ 28%] Building CXX object core/CMakeFiles/rb-core.dir/functions/vector/SimplexScaleFunction.cpp.o
#11 1220.2 [ 28%] Building CXX object revlanguage/CMakeFiles/rb-parser.dir/moves/matrix/Move_CorrelationMatrixUpdate.cpp.o
#11 1224.8 [ 28%] Building CXX object revlanguage/CMakeFiles/rb-parser.dir/moves/matrix/Move_CorrelationMatrixReparameterization.cpp.o
#11 1225.2 [ 28%] Building CXX object core/CMakeFiles/rb-core.dir/functions/vector/SortVectorFunction.cpp.o
#11 1234.5 [ 28%] Building CXX object revlanguage/CMakeFiles/rb-parser.dir/moves/matrix/Move_CorrelationMatrixPartialSingleElementBeta.cpp.o
#11 1235.2 [ 28%] Building CXX object core/CMakeFiles/rb-core.dir/functions/vector/SimplexFunction.cpp.o
#11 1238.4 [ 28%] Building CXX object revlanguage/CMakeFiles/rb-parser.dir/moves/integer/Move_RandomNaturalWalk.cpp.o
#11 1239.0 [ 28%] Building CXX object core/CMakeFiles/rb-core.dir/functions/math/StochasticMatrixFunction.cpp.o
#11 1242.6 [ 28%] Building CXX object revlanguage/CMakeFiles/rb-parser.dir/moves/integer/Move_RandomGeometricWalk.cpp.o
#11 1246.3 [ 28%] Building CXX object core/CMakeFiles/rb-core.dir/functions/math/LogisticFunction.cpp.o
#11 1248.8 [ 28%] Building CXX object revlanguage/CMakeFiles/rb-parser.dir/moves/integer/Move_RandomIntegerWalk.cpp.o
#11 1252.2 [ 29%] Building CXX object revlanguage/CMakeFiles/rb-parser.dir/moves/integer/Move_BinarySwitch.cpp.o
#11 1252.6 [ 29%] Building CXX object core/CMakeFiles/rb-core.dir/functions/math/AssembleOrder1ContinuousMRFFunction.cpp.o
#11 1255.9 [ 29%] Building CXX object revlanguage/CMakeFiles/rb-parser.dir/moves/Move_LevyJumpSum.cpp.o
#11 1262.0 [ 29%] Building CXX object core/CMakeFiles/rb-core.dir/functions/math/CeilFunction.cpp.o
#11 1262.0 [ 29%] Building CXX object revlanguage/CMakeFiles/rb-parser.dir/moves/Move_UpDownSlideBactrian.cpp.o
#11 1265.2 [ 29%] Building CXX object revlanguage/CMakeFiles/rb-parser.dir/moves/Move_ResampleFBD.cpp.o
#11 1268.4 [ 29%] Building CXX object core/CMakeFiles/rb-core.dir/functions/math/AbsoluteValueVectorFunction.cpp.o
#11 1269.5 [ 29%] Building CXX object revlanguage/CMakeFiles/rb-parser.dir/moves/simplex/Move_BetaSimplex.cpp.o
#11 1276.5 [ 29%] Building CXX object revlanguage/CMakeFiles/rb-parser.dir/moves/simplex/Move_ElementSwapSimplex.cpp.o
#11 1278.4 [ 29%] Building CXX object core/CMakeFiles/rb-core.dir/functions/math/UpperTriangle.cpp.o
#11 1279.6 [ 29%] Building CXX object revlanguage/CMakeFiles/rb-parser.dir/moves/simplex/Move_DirichletSimplex.cpp.o
#11 1284.1 [ 29%] Building CXX object revlanguage/CMakeFiles/rb-parser.dir/moves/Move_CharacterHistory.cpp.o
#11 1288.3 [ 29%] Building CXX object core/CMakeFiles/rb-core.dir/functions/math/LogFunction.cpp.o
#11 1291.0 [ 29%] Building CXX object revlanguage/CMakeFiles/rb-parser.dir/moves/Move_HomeologPhase.cpp.o
#11 1294.2 [ 29%] Building CXX object revlanguage/CMakeFiles/rb-parser.dir/moves/RlMove.cpp.o
#11 1295.4 [ 29%] Building CXX object core/CMakeFiles/rb-core.dir/functions/math/GeographicalDistanceFunction.cpp.o
#11 1302.4 [ 29%] Building CXX object core/CMakeFiles/rb-core.dir/functions/math/ExponentialVectorFunction.cpp.o
#11 1305.5 [ 29%] Building CXX object revlanguage/CMakeFiles/rb-parser.dir/moves/scalar/Move_MirrorMultiplier.cpp.o
#11 1308.4 [ 29%] Building CXX object revlanguage/CMakeFiles/rb-parser.dir/moves/scalar/Move_GammaScale.cpp.o
#11 1312.5 [ 29%] Building CXX object core/CMakeFiles/rb-core.dir/functions/math/ChooseFunction.cpp.o
#11 1317.5 [ 29%] Building CXX object revlanguage/CMakeFiles/rb-parser.dir/moves/scalar/Move_Slide.cpp.o
#11 1319.5 [ 29%] Building CXX object core/CMakeFiles/rb-core.dir/functions/math/SigmoidFunction.cpp.o
#11 1320.4 [ 29%] Building CXX object revlanguage/CMakeFiles/rb-parser.dir/moves/scalar/Move_RandomDive.cpp.o
#11 1322.7 [ 29%] Building CXX object revlanguage/CMakeFiles/rb-parser.dir/moves/scalar/Move_ScaleBactrianCauchy.cpp.o
#11 1326.2 [ 29%] Building CXX object core/CMakeFiles/rb-core.dir/functions/math/TruncateFunction.cpp.o
#11 1331.5 [ 30%] Building CXX object revlanguage/CMakeFiles/rb-parser.dir/moves/scalar/Move_Mirror.cpp.o
#11 1333.0 [ 31%] Building CXX object core/CMakeFiles/rb-core.dir/functions/math/LnFunction.cpp.o
#11 1334.5 [ 31%] Building CXX object revlanguage/CMakeFiles/rb-parser.dir/moves/scalar/Move_SliceSampling.cpp.o
#11 1336.6 [ 31%] Building CXX object revlanguage/CMakeFiles/rb-parser.dir/moves/scalar/Move_SlideBactrian.cpp.o
#11 1339.8 [ 31%] Building CXX object core/CMakeFiles/rb-core.dir/functions/math/RoundFunction.cpp.o
#11 1346.1 [ 31%] Building CXX object revlanguage/CMakeFiles/rb-parser.dir/moves/scalar/Move_BetaProbability.cpp.o
#11 1346.4 [ 31%] Building CXX object core/CMakeFiles/rb-core.dir/functions/math/HyperbolicTangentFunction.cpp.o
#11 1348.4 [ 31%] Building CXX object revlanguage/CMakeFiles/rb-parser.dir/moves/scalar/Move_ScaleBactrian.cpp.o
#11 1350.5 [ 31%] Building CXX object revlanguage/CMakeFiles/rb-parser.dir/moves/scalar/Move_Scale.cpp.o
#11 1353.4 [ 31%] Building CXX object core/CMakeFiles/rb-core.dir/functions/math/AssembleOrder2ContinuousMRFFunction.cpp.o
#11 1360.1 [ 31%] Building CXX object revlanguage/CMakeFiles/rb-parser.dir/moves/scalar/Move_GMRFHyperpriorGibbs.cpp.o
#11 1362.6 [ 31%] Building CXX object revlanguage/CMakeFiles/rb-parser.dir/moves/scalar/Move_GMRFUnevenGridHyperpriorGibbs.cpp.o
#11 1363.2 [ 31%] Building CXX object core/CMakeFiles/rb-core.dir/functions/math/SmoothTimeLineFunction.cpp.o
#11 1364.5 [ 31%] Building CXX object revlanguage/CMakeFiles/rb-parser.dir/moves/Move_UpDownTreeScale.cpp.o
#11 1373.4 [ 31%] Building CXX object core/CMakeFiles/rb-core.dir/functions/math/LnProbabilityFunction.cpp.o
#11 1374.8 [ 31%] Building CXX object revlanguage/CMakeFiles/rb-parser.dir/moves/Move_ContinuousCharacterDataSlide.cpp.o
#11 1377.0 [ 31%] Building CXX object revlanguage/CMakeFiles/rb-parser.dir/moves/Move_AVMVN.cpp.o
#11 1380.9 [ 31%] Building CXX object core/CMakeFiles/rb-core.dir/functions/math/ShortestDistanceFunction.cpp.o
#11 1381.3 [ 31%] Building CXX object core/CMakeFiles/rb-core.dir/functions/math/PosteriorPredictiveProbabilityFunction.cpp.o
#11 1388.3 [ 31%] Building CXX object core/CMakeFiles/rb-core.dir/functions/math/PowerFunction.cpp.o
#11 1389.0 [ 31%] Building CXX object revlanguage/CMakeFiles/rb-parser.dir/utils/RbVersion.cpp.o
#11 1390.5 [ 31%] Building CXX object revlanguage/CMakeFiles/rb-parser.dir/utils/TerminalFormatter.cpp.o
#11 1391.2 [ 31%] Building CXX object revlanguage/CMakeFiles/rb-parser.dir/utils/RlUtils.cpp.o
#11 1392.7 [ 32%] Building CXX object revlanguage/CMakeFiles/rb-parser.dir/utils/GitVersion.cpp.o
#11 1392.8 [ 32%] Building CXX object revlanguage/CMakeFiles/rb-parser.dir/parser/SyntaxStatement.cpp.o
#11 1393.4 [ 32%] Building CXX object core/CMakeFiles/rb-core.dir/functions/math/ExponentialFunction.cpp.o
#11 1395.0 [ 32%] Building CXX object core/CMakeFiles/rb-core.dir/functions/math/ContinuousFunction.cpp.o
#11 1396.2 [ 32%] Building CXX object core/CMakeFiles/rb-core.dir/functions/math/EmpiricalQuantileFunction.cpp.o
#11 1399.6 [ 32%] Building CXX object core/CMakeFiles/rb-core.dir/functions/math/SigmoidVectorFunction.cpp.o
#11 1404.3 [ 32%] Building CXX object revlanguage/CMakeFiles/rb-parser.dir/parser/SyntaxConstant.cpp.o
#11 1405.8 [ 32%] Building CXX object core/CMakeFiles/rb-core.dir/functions/math/AbsoluteValueFunction.cpp.o
#11 1406.9 [ 32%] Building CXX object revlanguage/CMakeFiles/rb-parser.dir/parser/SyntaxVariableDecl.cpp.o
#11 1409.2 [ 33%] Building CXX object core/CMakeFiles/rb-core.dir/functions/math/MatrixFunction.cpp.o
#11 1410.4 [ 33%] Building CXX object core/CMakeFiles/rb-core.dir/functions/math/PowerVectorFunction.cpp.o
#11 1412.4 [ 33%] Building CXX object core/CMakeFiles/rb-core.dir/functions/math/GammaFunction.cpp.o
#11 1416.6 [ 33%] Building CXX object core/CMakeFiles/rb-core.dir/functions/math/FloorFunction.cpp.o
#11 1419.3 [ 33%] Building CXX object core/CMakeFiles/rb-core.dir/functions/math/HyperbolicSineFunction.cpp.o
#11 1420.2 [ 33%] Building CXX object core/CMakeFiles/rb-core.dir/functions/distribution/DiscretizeBetaQuadratureFunction.cpp.o
#11 1421.1 [ 33%] Building CXX object revlanguage/CMakeFiles/rb-parser.dir/parser/SyntaxAdditionAssignment.cpp.o
#11 1423.4 [ 33%] Building CXX object core/CMakeFiles/rb-core.dir/functions/distribution/DiscretizeGammaFunction.cpp.o
#11 1425.9 [ 33%] Building CXX object core/CMakeFiles/rb-core.dir/functions/distribution/PartialToCorrelationFunction.cpp.o
#11 1427.0 [ 33%] Building CXX object revlanguage/CMakeFiles/rb-parser.dir/parser/SyntaxReferenceAssignment.cpp.o
#11 1427.7 [ 33%] Building CXX object core/CMakeFiles/rb-core.dir/functions/distribution/QuantileFunction.cpp.o
#11 1433.2 [ 33%] Building CXX object core/CMakeFiles/rb-core.dir/functions/distribution/BetaBrokenStickFunction.cpp.o
#11 1433.2 [ 33%] Building CXX object core/CMakeFiles/rb-core.dir/functions/distribution/DiscretizeDistributionFunction.cpp.o
#11 1434.8 [ 33%] Building CXX object core/CMakeFiles/rb-core.dir/functions/distribution/VarianceCovarianceFunction.cpp.o
#11 1440.4 [ 33%] Building CXX object core/CMakeFiles/rb-core.dir/functions/distribution/CumulativeDistributionFunction.cpp.o
#11 1441.2 [ 33%] Building CXX object revlanguage/CMakeFiles/rb-parser.dir/parser/SyntaxBinaryExpr.cpp.o
#11 1442.0 [ 33%] Building CXX object core/CMakeFiles/rb-core.dir/functions/distribution/DiscretizeGammaQuadratureFunction.cpp.o
#11 1443.2 [ 33%] Building CXX object core/CMakeFiles/rb-core.dir/functions/distribution/DiscretizeLognormalQuadratureFunction.cpp.o
#11 1447.3 [ 34%] Building CXX object core/CMakeFiles/rb-core.dir/functions/distribution/DecomposedVarianceCovarianceFunction.cpp.o
#11 1448.6 [ 34%] Building CXX object revlanguage/CMakeFiles/rb-parser.dir/parser/SyntaxDivisionAssignment.cpp.o
#11 1449.9 [ 34%] Building CXX object core/CMakeFiles/rb-core.dir/functions/distribution/DiscretizeBetaFunction.cpp.o
#11 1451.1 [ 34%] Building CXX object core/CMakeFiles/rb-core.dir/functions/distribution/DiscretizeGammaFromBetaQuantilesFunction.cpp.o
#11 1455.0 [ 34%] Building CXX object core/CMakeFiles/rb-core.dir/functions/builtin/LogicalUnotFunction.cpp.o
#11 1455.0 [ 34%] Building CXX object revlanguage/CMakeFiles/rb-parser.dir/parser/SyntaxUnaryExpr.cpp.o
#11 1459.5 [ 34%] Building CXX object revlanguage/CMakeFiles/rb-parser.dir/parser/Parser.cpp.o
#11 1461.4 [ 34%] Building CXX object core/CMakeFiles/rb-core.dir/functions/builtin/GeometricMeanFunction.cpp.o
#11 1462.4 [ 34%] Building CXX object core/CMakeFiles/rb-core.dir/functions/builtin/LogicalOrFunction.cpp.o
#11 1462.5 [ 34%] Building CXX object revlanguage/CMakeFiles/rb-parser.dir/parser/SyntaxStochasticAssignment.cpp.o
#11 1470.1 [ 34%] Building CXX object revlanguage/CMakeFiles/rb-parser.dir/parser/SyntaxSubtractionAssignment.cpp.o
#11 1470.2 [ 34%] Building CXX object core/CMakeFiles/rb-core.dir/functions/builtin/LogicalAndFunction.cpp.o
#11 1471.0 [ 34%] Building CXX object revlanguage/CMakeFiles/rb-parser.dir/parser/SyntaxLabeledExpr.cpp.o
#11 1476.5 [ 34%] Building CXX object revlanguage/CMakeFiles/rb-parser.dir/parser/SyntaxFunctionCall.cpp.o
#11 1477.3 [ 34%] Building CXX object core/CMakeFiles/rb-core.dir/functions/builtin/SumFunction.cpp.o
#11 1477.5 [ 34%] Building CXX object revlanguage/CMakeFiles/rb-parser.dir/parser/lex.yy.cpp.o
#11 1481.3 [ 35%] Building CXX object revlanguage/CMakeFiles/rb-parser.dir/parser/SyntaxAssignment.cpp.o
#11 1485.2 [ 35%] Building CXX object core/CMakeFiles/rb-core.dir/functions/builtin/MeanFunction.cpp.o
#11 1487.7 [ 35%] Building CXX object revlanguage/CMakeFiles/rb-parser.dir/parser/SyntaxIncrement.cpp.o
#11 1491.9 [ 35%] Building CXX object core/CMakeFiles/rb-core.dir/functions/builtin/MinFunction.cpp.o
#11 1492.4 [ 35%] Building CXX object revlanguage/CMakeFiles/rb-parser.dir/parser/SyntaxVariable.cpp.o
#11 1495.0 [ 35%] Building CXX object core/CMakeFiles/rb-core.dir/functions/builtin/ModuloFunction.cpp.o
#11 1498.6 [ 35%] Building CXX object core/CMakeFiles/rb-core.dir/functions/builtin/NormalizeVectorFunction.cpp.o
#11 1500.9 [ 35%] Building CXX object revlanguage/CMakeFiles/rb-parser.dir/parser/SyntaxElement.cpp.o
#11 1501.4 [ 35%] Building CXX object core/CMakeFiles/rb-core.dir/functions/builtin/MaxFunction.cpp.o
#11 1505.9 [ 35%] Building CXX object core/CMakeFiles/rb-core.dir/functions/builtin/StandardDeviationFunction.cpp.o
#11 1507.1 [ 35%] Building CXX object revlanguage/CMakeFiles/rb-parser.dir/parser/SyntaxClassDef.cpp.o
#11 1508.0 [ 36%] Building CXX object core/CMakeFiles/rb-core.dir/functions/builtin/MedianFunction.cpp.o
#11 1508.3 [ 36%] Building CXX object core/CMakeFiles/rb-core.dir/functions/builtin/SumIntegerFunction.cpp.o
#11 1512.4 [ 36%] Building CXX object core/CMakeFiles/rb-core.dir/functions/builtin/VarianceFunction.cpp.o
#11 1514.8 [ 36%] Building CXX object core/CMakeFiles/rb-core.dir/functions/popgen/TajimasPiFunction.cpp.o
#11 1517.0 [ 36%] Building CXX object core/CMakeFiles/rb-core.dir/functions/popgen/WattersonThetaFunction.cpp.o
#11 1518.4 [ 36%] Building CXX object core/CMakeFiles/rb-core.dir/functions/popgen/SegregatingSitesFunction.cpp.o
#11 1519.6 [ 36%] Building CXX object revlanguage/CMakeFiles/rb-parser.dir/parser/SyntaxFunctionDef.cpp.o
#11 1521.1 [ 36%] Building CXX object core/CMakeFiles/rb-core.dir/functions/popgen/TajimasDFunction.cpp.o
#11 1523.4 [ 36%] Building CXX object revlanguage/CMakeFiles/rb-parser.dir/parser/SyntaxForLoop.cpp.o
#11 1524.8 [ 36%] Building CXX object core/CMakeFiles/rb-core.dir/functions/popgen/PattersonsDFunction.cpp.o
#11 1527.6 [ 36%] Building CXX object core/CMakeFiles/rb-core.dir/functions/Function.cpp.o
#11 1529.7 [ 36%] Building CXX object revlanguage/CMakeFiles/rb-parser.dir/parser/SyntaxIndexOperation.cpp.o
#11 1531.8 [ 36%] Building CXX object core/CMakeFiles/rb-core.dir/help/RbHelpMove.cpp.o
#11 1533.7 [ 36%] Building CXX object revlanguage/CMakeFiles/rb-parser.dir/parser/SyntaxPipePlaceholder.cpp.o
#11 1533.7 [ 36%] Building CXX object core/CMakeFiles/rb-core.dir/help/RbHelpEntry.cpp.o
#11 1534.5 [ 36%] Building CXX object core/CMakeFiles/rb-core.dir/help/RbHelpType.cpp.o
#11 1538.4 [ 36%] Building CXX object core/CMakeFiles/rb-core.dir/help/RbHelpDistribution.cpp.o
#11 1538.7 [ 36%] Building CXX object core/CMakeFiles/rb-core.dir/help/RbHelpSystem.cpp.o
#11 1540.5 [ 36%] Building CXX object core/CMakeFiles/rb-core.dir/help/RbHelpArgument.cpp.o
#11 1541.4 [ 36%] Building CXX object revlanguage/CMakeFiles/rb-parser.dir/parser/SyntaxWorkspaceVariableAssignment.cpp.o
#11 1541.7 [ 37%] Building CXX object core/CMakeFiles/rb-core.dir/help/RbHelpMonitor.cpp.o
#11 1543.9 [ 37%] Building CXX object core/CMakeFiles/rb-core.dir/help/RbHelpReference.cpp.o
#11 1544.7 [ 37%] Building CXX object core/CMakeFiles/rb-core.dir/help/RbHelpFunction.cpp.o
#11 1546.8 [ 37%] Building CXX object core/CMakeFiles/rb-core.dir/help/RbHelpRenderer.cpp.o
#11 1547.6 [ 37%] Building CXX object revlanguage/CMakeFiles/rb-parser.dir/parser/SyntaxDecrement.cpp.o
#11 1548.5 [ 37%] Building CXX object revlanguage/CMakeFiles/rb-parser.dir/parser/grammar.tab.cpp.o
#11 1549.1 [ 37%] Building CXX object core/CMakeFiles/rb-core.dir/help/RbHelpDatabase.cpp.o
#11 1550.4 [ 37%] Building CXX object core/CMakeFiles/rb-core.dir/math/RbMathMatrix.cpp.o
#11 1558.3 [ 37%] Building CXX object core/CMakeFiles/rb-core.dir/math/RbMathGaussianElimination.cpp.o
#11 1561.3 [ 37%] Building CXX object core/CMakeFiles/rb-core.dir/math/RbMathCombinatorialFunctions.cpp.o
#11 1563.4 [ 37%] Building CXX object core/CMakeFiles/rb-core.dir/math/RbMathVector.cpp.o
#11 1564.0 [ 37%] Building CXX object core/CMakeFiles/rb-core.dir/math/RbStatisticsHelper.cpp.o
#11 1564.4 [ 37%] Building CXX object revlanguage/CMakeFiles/rb-parser.dir/parser/SyntaxFormal.cpp.o
#11 1565.8 [ 37%] Building CXX object core/CMakeFiles/rb-core.dir/math/RandomNumberFactory.cpp.o
#11 1566.4 [ 37%] Building CXX object core/CMakeFiles/rb-core.dir/math/RandomNumberGenerator.cpp.o
#11 1567.6 [ 37%] Building CXX object core/CMakeFiles/rb-core.dir/math/distributions/DistributionExponential.cpp.o
#11 1569.2 [ 37%] Building CXX object core/CMakeFiles/rb-core.dir/math/distributions/DistributionVarianceGamma.cpp.o
#11 1571.6 [ 37%] Building CXX object revlanguage/CMakeFiles/rb-parser.dir/parser/SyntaxConstantAssignment.cpp.o
#11 1574.6 [ 38%] Building CXX object core/CMakeFiles/rb-core.dir/math/distributions/DistributionExponentialError.cpp.o
#11 1577.6 [ 39%] Building CXX object revlanguage/CMakeFiles/rb-parser.dir/parser/SyntaxDeterministicAssignment.cpp.o
#11 1577.9 [ 39%] Building CXX object core/CMakeFiles/rb-core.dir/math/distributions/DistributionDecomposedInverseWishart.cpp.o
#11 1582.7 [ 39%] Building CXX object core/CMakeFiles/rb-core.dir/math/distributions/DistributionWishart.cpp.o
#11 1583.7 [ 39%] Building CXX object revlanguage/CMakeFiles/rb-parser.dir/parser/SyntaxMultiplicationAssignment.cpp.o
#11 1584.8 [ 39%] Building CXX object core/CMakeFiles/rb-core.dir/math/distributions/DistributionCauchy.cpp.o
#11 1586.6 [ 39%] Building CXX object core/CMakeFiles/rb-core.dir/math/distributions/DistributionMultinomial.cpp.o
#11 1588.5 [ 39%] Building CXX object core/CMakeFiles/rb-core.dir/math/distributions/DistributionBinomial.cpp.o
#11 1589.8 [ 39%] Building CXX object revlanguage/CMakeFiles/rb-parser.dir/functions/phylogenetics/Func_cladogeneticSpeciationRateMatrix.cpp.o
#11 1590.2 [ 39%] Building CXX object core/CMakeFiles/rb-core.dir/math/distributions/DistributionHalfCauchy.cpp.o
#11 1591.1 [ 39%] Building CXX object revlanguage/CMakeFiles/rb-parser.dir/functions/phylogenetics/Func_featureInformedRates.cpp.o
#11 1592.0 [ 39%] Building CXX object core/CMakeFiles/rb-core.dir/math/distributions/DistributionChisq.cpp.o
#11 1593.7 [ 39%] Building CXX object core/CMakeFiles/rb-core.dir/math/distributions/DistributionF.cpp.o
#11 1595.9 [ 39%] Building CXX object core/CMakeFiles/rb-core.dir/math/distributions/DistributionNegativeBinomial.cpp.o
#11 1597.5 [ 39%] Building CXX object core/CMakeFiles/rb-core.dir/math/distributions/DistributionGilbertGraph.cpp.o
#11 1604.4 [ 39%] Building CXX object core/CMakeFiles/rb-core.dir/math/distributions/DistributionPoisson.cpp.o
#11 1606.3 [ 39%] Building CXX object core/CMakeFiles/rb-core.dir/math/distributions/DistributionLogistic.cpp.o
#11 1608.2 [ 39%] Building CXX object core/CMakeFiles/rb-core.dir/math/distributions/DistributionBeta.cpp.o
#11 1610.4 [ 40%] Building CXX object core/CMakeFiles/rb-core.dir/math/distributions/DistributionInverseGamma.cpp.o
#11 1612.5 [ 40%] Building CXX object core/CMakeFiles/rb-core.dir/math/distributions/DistributionBivariatePoisson.cpp.o
#11 1613.6 [ 40%] Building CXX object core/CMakeFiles/rb-core.dir/math/distributions/DistributionCompoundPoissonNormal.cpp.o
#11 1614.4 [ 40%] Building CXX object core/CMakeFiles/rb-core.dir/math/distributions/DistributionUniform.cpp.o
#11 1616.2 [ 40%] Building CXX object core/CMakeFiles/rb-core.dir/math/distributions/DistributionLaplace.cpp.o
#11 1617.9 [ 40%] Building CXX object core/CMakeFiles/rb-core.dir/math/distributions/DistributionNormal.cpp.o
#11 1619.3 [ 40%] Building CXX object revlanguage/CMakeFiles/rb-parser.dir/functions/phylogenetics/Func_cladogeneticProbabilityMatrix.cpp.o
#11 1619.9 [ 40%] Building CXX object revlanguage/CMakeFiles/rb-parser.dir/functions/phylogenetics/Func_CladeSpecificHierarchicalBranchRate.cpp.o
#11 1621.1 [ 40%] Building CXX object revlanguage/CMakeFiles/rb-parser.dir/functions/phylogenetics/Func_UPGMA.cpp.o
#11 1635.0 [ 40%] Building CXX object revlanguage/CMakeFiles/rb-parser.dir/functions/phylogenetics/tree/Func_stitchTree.cpp.o
#11 1635.1 [ 40%] Building CXX object revlanguage/CMakeFiles/rb-parser.dir/functions/phylogenetics/tree/Func_mrcaIndex.cpp.o
#11 1644.9 [ 40%] Building CXX object revlanguage/CMakeFiles/rb-parser.dir/functions/phylogenetics/tree/Func_simCompleteTree.cpp.o
#11 1649.8 [ 40%] Building CXX object revlanguage/CMakeFiles/rb-parser.dir/functions/phylogenetics/tree/Func_tmrca.cpp.o
#11 1652.3 [ 40%] Building CXX object core/CMakeFiles/rb-core.dir/math/distributions/DistributionScaledDirichlet.cpp.o
#11 1659.0 [ 40%] Building CXX object core/CMakeFiles/rb-core.dir/math/distributions/DistributionMultivariateNormal.cpp.o
#11 1661.7 [ 40%] Building CXX object core/CMakeFiles/rb-core.dir/math/distributions/DistributionStudentT.cpp.o
#11 1663.5 [ 40%] Building CXX object core/CMakeFiles/rb-core.dir/math/distributions/DistributionLKJ.cpp.o
#11 1665.0 [ 40%] Building CXX object revlanguage/CMakeFiles/rb-parser.dir/functions/phylogenetics/tree/Func_BirthDeathSimulator.cpp.o
#11 1666.3 [ 40%] Building CXX object core/CMakeFiles/rb-core.dir/math/distributions/DistributionGeometric.cpp.o
#11 1668.2 [ 40%] Building CXX object core/CMakeFiles/rb-core.dir/math/distributions/DistributionGamma.cpp.o
#11 1669.7 [ 40%] Building CXX object core/CMakeFiles/rb-core.dir/math/distributions/DistributionInverseWishart.cpp.o
#11 1670.6 [ 40%] Building CXX object core/CMakeFiles/rb-core.dir/math/distributions/DistributionDirichlet.cpp.o
#11 1674.2 [ 40%] Building CXX object core/CMakeFiles/rb-core.dir/math/distributions/DistributionLognormal.cpp.o
#11 1674.8 [ 41%] Building CXX object core/CMakeFiles/rb-core.dir/math/RbMathLogic.cpp.o
#11 1677.3 [ 41%] Building CXX object core/CMakeFiles/rb-core.dir/math/RbMathHelper.cpp.o
#11 1677.4 [ 41%] Building CXX object core/CMakeFiles/rb-core.dir/math/EigenSystem.cpp.o
#11 1678.5 [ 41%] Building CXX object core/CMakeFiles/rb-core.dir/math/CholeskyDecomposition.cpp.o
#11 1680.4 [ 41%] Building CXX object core/CMakeFiles/rb-core.dir/math/RbMathFunctions.cpp.o
#11 1683.3 [ 41%] Building CXX object core/CMakeFiles/rb-core.dir/monitors/StochasticBranchStateTimesMonitor.cpp.o
#11 1685.8 [ 41%] Building CXX object core/CMakeFiles/rb-core.dir/monitors/ExtendedNewickTreeMonitor.cpp.o
#11 1686.9 [ 41%] Building CXX object core/CMakeFiles/rb-core.dir/monitors/StochasticBranchRateMonitor.cpp.o
#11 1690.5 [ 41%] Building CXX object revlanguage/CMakeFiles/rb-parser.dir/functions/phylogenetics/tree/Func_phyloDiversity.cpp.o
#11 1693.2 [ 41%] Building CXX object core/CMakeFiles/rb-core.dir/monitors/AbstractFileMonitor.cpp.o
#11 1696.7 [ 41%] Building CXX object core/CMakeFiles/rb-core.dir/monitors/VariableMonitor.cpp.o
#11 1696.9 [ 41%] Building CXX object revlanguage/CMakeFiles/rb-parser.dir/functions/phylogenetics/tree/Func_maximumTree.cpp.o
#11 1700.4 [ 41%] Building CXX object core/CMakeFiles/rb-core.dir/monitors/NexusMonitor.cpp.o
#11 1708.1 [ 41%] Building CXX object core/CMakeFiles/rb-core.dir/monitors/ScreenMonitor.cpp.o
#11 1709.8 [ 41%] Building CXX object core/CMakeFiles/rb-core.dir/monitors/characterhistory/CharacterHistoryNodeMonitor.cpp.o
#11 1711.7 [ 42%] Building CXX object revlanguage/CMakeFiles/rb-parser.dir/functions/phylogenetics/tree/Func_treePairwiseNodalDistances.cpp.o
#11 1713.9 [ 42%] Building CXX object revlanguage/CMakeFiles/rb-parser.dir/functions/phylogenetics/tree/Func_symmetricDifference.cpp.o
#11 1715.2 [ 42%] Building CXX object core/CMakeFiles/rb-core.dir/monitors/characterhistory/PhylowoodNhxMonitor.cpp.o
#11 1717.9 [ 43%] Building CXX object core/CMakeFiles/rb-core.dir/monitors/characterhistory/CharacterHistoryPosteriorPredictiveMonitor.cpp.o
#11 1724.2 [ 43%] Building CXX object core/CMakeFiles/rb-core.dir/monitors/ModelMonitor.cpp.o
#11 1725.9 [ 43%] Building CXX object core/CMakeFiles/rb-core.dir/monitors/ProbabilityMonitor.cpp.o
#11 1726.3 [ 43%] Building CXX object revlanguage/CMakeFiles/rb-parser.dir/functions/phylogenetics/tree/Func_extantTree.cpp.o
#11 1728.4 [ 43%] Building CXX object revlanguage/CMakeFiles/rb-parser.dir/functions/phylogenetics/tree/Func_branchScoreDistance.cpp.o
#11 1730.5 [ 43%] Building CXX object core/CMakeFiles/rb-core.dir/monitors/StochasticVariableMonitor.cpp.o
#11 1732.2 [ 43%] Building CXX object core/CMakeFiles/rb-core.dir/monitors/Monitor.cpp.o
#11 1737.2 [ 43%] Building CXX object core/CMakeFiles/rb-core.dir/monitors/HomeologPhaseMonitor.cpp.o
#11 1740.5 [ 43%] Building CXX object core/CMakeFiles/rb-core.dir/distributions/Distribution.cpp.o
#11 1741.4 [ 43%] Building CXX object revlanguage/CMakeFiles/rb-parser.dir/functions/phylogenetics/tree/Func_simStartingTree.cpp.o
#11 1743.6 [ 43%] Building CXX object revlanguage/CMakeFiles/rb-parser.dir/functions/phylogenetics/tree/Func_earlyBurstRates.cpp.o
#11 1744.7 [ 43%] Building CXX object core/CMakeFiles/rb-core.dir/distributions/phylogenetics/tree/MultispeciesCoalescent.cpp.o
#11 1748.5 [ 43%] Building CXX object core/CMakeFiles/rb-core.dir/distributions/phylogenetics/tree/DuplicationLossProcess.cpp.o
#11 1754.1 [ 43%] Building CXX object revlanguage/CMakeFiles/rb-parser.dir/functions/phylogenetics/tree/Func_chronoToPhylo.cpp.o
#11 1760.9 [ 43%] Building CXX object core/CMakeFiles/rb-core.dir/distributions/phylogenetics/tree/MultispeciesCoalescentUniformPrior.cpp.o
#11 1767.9 [ 43%] Building CXX object revlanguage/CMakeFiles/rb-parser.dir/functions/phylogenetics/tree/Func_MinBLTimeScaling.cpp.o
#11 1768.9 [ 43%] Building CXX object revlanguage/CMakeFiles/rb-parser.dir/functions/phylogenetics/tree/Func_treeAssembly.cpp.o
#11 1769.2 [ 43%] Building CXX object revlanguage/CMakeFiles/rb-parser.dir/functions/phylogenetics/tree/Func_treeScale.cpp.o
#11 1771.0 [ 43%] Building CXX object core/CMakeFiles/rb-core.dir/distributions/phylogenetics/tree/UniformTopologyDistribution.cpp.o
#11 1781.9 [ 43%] Building CXX object revlanguage/CMakeFiles/rb-parser.dir/functions/phylogenetics/tree/Func_treePairwiseDistances.cpp.o
#11 1786.1 [ 43%] Building CXX object revlanguage/CMakeFiles/rb-parser.dir/functions/phylogenetics/tree/Func_nodeAgeByID.cpp.o
#11 1786.7 [ 43%] Building CXX object revlanguage/CMakeFiles/rb-parser.dir/functions/phylogenetics/tree/Func_pruneTree.cpp.o
#11 1787.7 [ 43%] Building CXX object core/CMakeFiles/rb-core.dir/distributions/phylogenetics/tree/UltrametricTreeDistribution.cpp.o
#11 1797.7 [ 43%] Building CXX object revlanguage/CMakeFiles/rb-parser.dir/functions/phylogenetics/tree/Func_simTree.cpp.o
#11 1801.2 [ 43%] Building CXX object revlanguage/CMakeFiles/rb-parser.dir/functions/phylogenetics/ratemap/Func_siteRateModifier.cpp.o
#11 1802.8 [ 43%] Building CXX object core/CMakeFiles/rb-core.dir/distributions/phylogenetics/tree/AbstractMultispeciesCoalescentGenewise.cpp.o
#11 1803.3 [ 44%] Building CXX object revlanguage/CMakeFiles/rb-parser.dir/functions/phylogenetics/ratemap/Func_adjacentRateModifier.cpp.o
#11 1811.7 [ 44%] Building CXX object revlanguage/CMakeFiles/rb-parser.dir/functions/phylogenetics/ratemap/Func_rangeEvolutionRateModifier.cpp.o
#11 1816.9 [ 44%] Building CXX object revlanguage/CMakeFiles/rb-parser.dir/functions/phylogenetics/ratemap/Func_stateCountRateModifier.cpp.o
#11 1819.2 [ 44%] Building CXX object core/CMakeFiles/rb-core.dir/distributions/phylogenetics/tree/NodeOrderConstrainedTreeDistribution.cpp.o
#11 1820.4 [ 44%] Building CXX object core/CMakeFiles/rb-core.dir/distributions/phylogenetics/tree/coalescent/demography/ExponentialDemographicFunction.cpp.o
#11 1829.2 [ 45%] Building CXX object core/CMakeFiles/rb-core.dir/distributions/phylogenetics/tree/coalescent/demography/LinearDemographicFunction.cpp.o
#11 1829.6 [ 45%] Building CXX object revlanguage/CMakeFiles/rb-parser.dir/functions/phylogenetics/ratemap/Func_biogeo_grm.cpp.o
#11 1831.3 [ 45%] Building CXX object core/CMakeFiles/rb-core.dir/distributions/phylogenetics/tree/coalescent/demography/ConstantDemographicFunction.cpp.o
#11 1834.3 [ 45%] Building CXX object revlanguage/CMakeFiles/rb-parser.dir/functions/phylogenetics/ratemap/Func_biogeo_de.cpp.o
#11 1836.5 [ 45%] Building CXX object core/CMakeFiles/rb-core.dir/distributions/phylogenetics/tree/coalescent/demography/DemographicFunction.cpp.o
#11 1838.0 [ 45%] Building CXX object core/CMakeFiles/rb-core.dir/distributions/phylogenetics/tree/coalescent/AbstractCoalescent.cpp.o
#11 1842.7 [ 45%] Building CXX object core/CMakeFiles/rb-core.dir/distributions/phylogenetics/tree/coalescent/DemographyCoalescent.cpp.o
#11 1845.5 [ 45%] Building CXX object revlanguage/CMakeFiles/rb-parser.dir/functions/phylogenetics/ratemap/Func_generalRateGeneratorSequence.cpp.o
#11 1847.1 [ 45%] Building CXX object core/CMakeFiles/rb-core.dir/distributions/phylogenetics/tree/coalescent/PiecewiseCoalescent.cpp.o
#11 1849.8 [ 45%] Building CXX object revlanguage/CMakeFiles/rb-parser.dir/functions/phylogenetics/ratemap/Func_hostSwitchRateModifier.cpp.o
#11 1856.7 [ 45%] Building CXX object core/CMakeFiles/rb-core.dir/distributions/phylogenetics/tree/coalescent/ConstantPopulationCoalescent.cpp.o
#11 1860.8 [ 45%] Building CXX object core/CMakeFiles/rb-core.dir/distributions/phylogenetics/tree/MultispeciesCoalescentInverseGammaPrior.cpp.o
#11 1861.1 [ 45%] Building CXX object revlanguage/CMakeFiles/rb-parser.dir/functions/phylogenetics/Func_inferAncestralPopSize.cpp.o
#11 1865.0 [ 45%] Building CXX object revlanguage/CMakeFiles/rb-parser.dir/functions/phylogenetics/frequencies/Func_F1x4.cpp.o
#11 1866.1 [ 45%] Building CXX object core/CMakeFiles/rb-core.dir/distributions/phylogenetics/tree/MultispeciesCoalescentMigrationODE.cpp.o
#11 1872.8 [ 45%] Building CXX object core/CMakeFiles/rb-core.dir/distributions/phylogenetics/tree/birthdeath/AbstractCharacterHistoryBirthDeathProcess.cpp.o
#11 1876.7 [ 45%] Building CXX object revlanguage/CMakeFiles/rb-parser.dir/functions/phylogenetics/frequencies/Func_F2x4.cpp.o
#11 1878.3 [ 45%] Building CXX object core/CMakeFiles/rb-core.dir/distributions/phylogenetics/tree/birthdeath/ConstantRateOutgroupBirthDeathProcess.cpp.o
#11 1879.8 [ 45%] Building CXX object core/CMakeFiles/rb-core.dir/distributions/phylogenetics/tree/birthdeath/GeneralizedLineageHeterogeneousBirthDeathSamplingProcess.cpp.o
#11 1881.3 [ 45%] Building CXX object revlanguage/CMakeFiles/rb-parser.dir/functions/phylogenetics/frequencies/Func_F3x4.cpp.o
#11 1891.4 [ 45%] Building CXX object core/CMakeFiles/rb-core.dir/distributions/phylogenetics/tree/birthdeath/DiversityDependentPureBirthProcess.cpp.o
#11 1893.5 [ 45%] Building CXX object core/CMakeFiles/rb-core.dir/distributions/phylogenetics/tree/birthdeath/EpisodicBirthDeathProcess.cpp.o
#11 1898.3 [ 45%] Building CXX object revlanguage/CMakeFiles/rb-parser.dir/functions/phylogenetics/Func_DECCladoProbs.cpp.o
#11 1898.8 [ 46%] Building CXX object core/CMakeFiles/rb-core.dir/distributions/phylogenetics/tree/birthdeath/TimeVaryingStateDependentSpeciationExtinctionProcess.cpp.o
#11 1906.2 [ 46%] Building CXX object core/CMakeFiles/rb-core.dir/distributions/phylogenetics/tree/birthdeath/OccurrenceBirthDeathProcess.cpp.o
#11 1916.8 [ 46%] Building CXX object core/CMakeFiles/rb-core.dir/distributions/phylogenetics/tree/birthdeath/AbstractBirthDeathProcess.cpp.o
#11 1917.7 [ 46%] Building CXX object core/CMakeFiles/rb-core.dir/distributions/phylogenetics/tree/birthdeath/OdeHeterogeneousRateBirthDeath.cpp.o
#11 1924.0 [ 46%] Building CXX object core/CMakeFiles/rb-core.dir/distributions/phylogenetics/tree/birthdeath/BirthDeathSamplingTreatmentProcess.cpp.o
#11 1926.5 [ 46%] Building CXX object core/CMakeFiles/rb-core.dir/distributions/phylogenetics/tree/birthdeath/ConstantRateBirthDeathProcess.cpp.o
#11 1934.5 [ 46%] Building CXX object revlanguage/CMakeFiles/rb-parser.dir/functions/phylogenetics/Func_pomoState4Converter.cpp.o
#11 1935.6 [ 46%] Building CXX object core/CMakeFiles/rb-core.dir/distributions/phylogenetics/tree/birthdeath/FossilizedBirthDeathSpeciationProcess.cpp.o
#11 1940.6 [ 46%] Building CXX object revlanguage/CMakeFiles/rb-parser.dir/functions/phylogenetics/Func_chromosomesCladoProbs.cpp.o
#11 1947.0 [ 46%] Building CXX object core/CMakeFiles/rb-core.dir/distributions/phylogenetics/tree/birthdeath/ConstantRateCompleteBirthDeathProcess.cpp.o
#11 1951.1 [ 46%] Building CXX object core/CMakeFiles/rb-core.dir/distributions/phylogenetics/tree/birthdeath/BirthDeathBurstProcess.cpp.o
#11 1952.0 [ 47%] Building CXX object revlanguage/CMakeFiles/rb-parser.dir/functions/phylogenetics/Func_MixtureCladoProbs.cpp.o
#11 1954.4 [ 47%] Building CXX object core/CMakeFiles/rb-core.dir/distributions/phylogenetics/tree/birthdeath/SSE_ODE.cpp.o
#11 1956.3 [ 47%] Building CXX object revlanguage/CMakeFiles/rb-parser.dir/functions/phylogenetics/Func_chromosomesPloidyCladoEventsBD.cpp.o
#11 1960.0 [ 47%] Building CXX object core/CMakeFiles/rb-core.dir/distributions/phylogenetics/tree/birthdeath/HeterogeneousRateBirthDeath.cpp.o
#11 1961.9 [ 47%] Building CXX object core/CMakeFiles/rb-core.dir/distributions/phylogenetics/tree/birthdeath/SampledSpeciationBirthDeathProcess.cpp.o
#11 1967.5 [ 47%] Building CXX object revlanguage/CMakeFiles/rb-parser.dir/functions/phylogenetics/Func_biogeographyCladoEventsBD.cpp.o
#11 1971.4 [ 47%] Building CXX object revlanguage/CMakeFiles/rb-parser.dir/functions/phylogenetics/ratematrix/Func_covarion.cpp.o
#11 1975.3 [ 47%] Building CXX object core/CMakeFiles/rb-core.dir/distributions/phylogenetics/tree/birthdeath/DivergenceTimeCDF.cpp.o
#11 1976.3 [ 47%] Building CXX object core/CMakeFiles/rb-core.dir/distributions/phylogenetics/tree/birthdeath/ConditionedBirthDeathShiftProcessContinuous.cpp.o
#11 1982.5 [ 47%] Building CXX object revlanguage/CMakeFiles/rb-parser.dir/functions/phylogenetics/ratematrix/Func_hky.cpp.o
#11 1985.9 [ 47%] Building CXX object core/CMakeFiles/rb-core.dir/distributions/phylogenetics/tree/birthdeath/StateDependentSpeciationExtinctionProcess.cpp.o
#11 1985.9 [ 47%] Building CXX object revlanguage/CMakeFiles/rb-parser.dir/functions/phylogenetics/ratematrix/Func_InvModel.cpp.o
#11 1988.7 [ 48%] Building CXX object core/CMakeFiles/rb-core.dir/distributions/phylogenetics/tree/birthdeath/BirthDeathProcess.cpp.o
#11 1997.6 [ 48%] Building CXX object core/CMakeFiles/rb-core.dir/distributions/phylogenetics/tree/UniformTopologyBranchLengthDistribution.cpp.o
#11 1997.7 [ 48%] Building CXX object revlanguage/CMakeFiles/rb-parser.dir/functions/phylogenetics/ratematrix/Func_ScaleVectorSiteMixtureModel.cpp.o
#11 2002.8 [ 48%] Building CXX object revlanguage/CMakeFiles/rb-parser.dir/functions/phylogenetics/ratematrix/Func_jones.cpp.o
#11 2010.2 [ 48%] Building CXX object core/CMakeFiles/rb-core.dir/distributions/phylogenetics/tree/MultispeciesCoalescentMigration.cpp.o
#11 2016.1 [ 48%] Building CXX object revlanguage/CMakeFiles/rb-parser.dir/functions/phylogenetics/ratematrix/Func_InfiniteSitesRateMatrix.cpp.o
#11 2023.4 [ 48%] Building CXX object revlanguage/CMakeFiles/rb-parser.dir/functions/phylogenetics/ratematrix/Func_MuseGaut94RateMatrix.cpp.o
#11 2030.8 [ 48%] Building CXX object revlanguage/CMakeFiles/rb-parser.dir/functions/phylogenetics/ratematrix/Func_epoch.cpp.o
#11 2038.3 [ 48%] Building CXX object core/CMakeFiles/rb-core.dir/distributions/phylogenetics/tree/UniformSerialSampledTimeTreeDistribution.cpp.o
#11 2038.8 [ 48%] Building CXX object revlanguage/CMakeFiles/rb-parser.dir/functions/phylogenetics/ratematrix/Func_revPoMoBalance4N.cpp.o
#11 2040.1 [ 48%] Building CXX object core/CMakeFiles/rb-core.dir/distributions/phylogenetics/tree/NodeAgeConstrainedTreeDistribution.cpp.o
#11 2046.0 [ 48%] Building CXX object revlanguage/CMakeFiles/rb-parser.dir/functions/phylogenetics/ratematrix/Func_DECStationaryFrequencies.cpp.o
#11 2047.3 [ 48%] Building CXX object core/CMakeFiles/rb-core.dir/distributions/phylogenetics/tree/AbstractRootedTreeDistribution.cpp.o
#11 2051.4 [ 48%] Building CXX object core/CMakeFiles/rb-core.dir/distributions/phylogenetics/tree/NodeOrderWeightedConstrainedTreeDistribution.cpp.o
#11 2053.7 [ 48%] Building CXX object revlanguage/CMakeFiles/rb-parser.dir/functions/phylogenetics/ratematrix/Func_chromosomes.cpp.o
#11 2058.4 [ 48%] Building CXX object core/CMakeFiles/rb-core.dir/distributions/phylogenetics/tree/AbstractMultispeciesCoalescent.cpp.o
#11 2061.2 [ 48%] Building CXX object core/CMakeFiles/rb-core.dir/distributions/phylogenetics/tree/UniformTimeTreeDistribution.cpp.o
#11 2063.1 [ 48%] Building CXX object revlanguage/CMakeFiles/rb-parser.dir/functions/phylogenetics/ratematrix/Func_covarionRateMatrix.cpp.o
#11 2068.9 [ 49%] Building CXX object revlanguage/CMakeFiles/rb-parser.dir/functions/phylogenetics/ratematrix/Func_TamuraNei.cpp.o
#11 2069.7 [ 49%] Building CXX object core/CMakeFiles/rb-core.dir/distributions/phylogenetics/tree/TopologyConstrainedTreeDistribution.cpp.o
#11 2070.4 [ 49%] Building CXX object core/CMakeFiles/rb-core.dir/distributions/phylogenetics/tree/BranchRateTreeDistribution.cpp.o
#11 2078.4 [ 49%] Building CXX object revlanguage/CMakeFiles/rb-parser.dir/functions/phylogenetics/ratematrix/Func_jc.cpp.o
#11 2080.8 [ 49%] Building CXX object core/CMakeFiles/rb-core.dir/distributions/phylogenetics/tree/TopologyConstrainedSSEDistribution.cpp.o
#11 2085.6 [ 49%] Building CXX object revlanguage/CMakeFiles/rb-parser.dir/functions/phylogenetics/ratematrix/Func_FreeBinary.cpp.o
#11 2086.2 [ 49%] Building CXX object core/CMakeFiles/rb-core.dir/distributions/phylogenetics/continuousCharacter/PhyloBrownianCharacterHistoryProcess.cpp.o
#11 2087.6 [ 49%] Building CXX object core/CMakeFiles/rb-core.dir/distributions/phylogenetics/continuousCharacter/PhyloBrownianProcessMultiSampleREML.cpp.o
#11 2092.6 [ 49%] Building CXX object revlanguage/CMakeFiles/rb-parser.dir/functions/phylogenetics/ratematrix/Func_FMutSel0RateMatrix.cpp.o
#11 2100.0 [ 49%] Building CXX object revlanguage/CMakeFiles/rb-parser.dir/functions/phylogenetics/ratematrix/Func_revPoMoThree4.cpp.o
#11 2101.0 [ 50%] Building CXX object core/CMakeFiles/rb-core.dir/distributions/phylogenetics/continuousCharacter/PhyloBrownianProcess.cpp.o
#11 2104.5 [ 50%] Building CXX object core/CMakeFiles/rb-core.dir/distributions/phylogenetics/continuousCharacter/PhyloWhiteNoiseProcess.cpp.o
#11 2108.4 [ 50%] Building CXX object revlanguage/CMakeFiles/rb-parser.dir/functions/phylogenetics/ratematrix/Func_MutSelRateMatrix.cpp.o
#11 2110.6 [ 50%] Building CXX object core/CMakeFiles/rb-core.dir/distributions/phylogenetics/continuousCharacter/PhyloBrownianProcessMVN.cpp.o
#11 2114.2 [ 50%] Building CXX object core/CMakeFiles/rb-core.dir/distributions/phylogenetics/continuousCharacter/AbstractPhyloContinuousCharacterProcess.cpp.o
#11 2115.4 [ 50%] Building CXX object revlanguage/CMakeFiles/rb-parser.dir/functions/phylogenetics/ratematrix/Func_TVM.cpp.o
#11 2126.2 [ 50%] Building CXX object revlanguage/CMakeFiles/rb-parser.dir/functions/phylogenetics/ratematrix/Func_cpRev.cpp.o
#11 2127.7 [ 50%] Building CXX object core/CMakeFiles/rb-core.dir/distributions/phylogenetics/continuousCharacter/PhyloOrnsteinUhlenbeckProcess.cpp.o
#11 2129.9 [ 50%] Building CXX object core/CMakeFiles/rb-core.dir/distributions/phylogenetics/continuousCharacter/PhyloMultivariateBrownianProcessREML.cpp.o
#11 2130.4 [ 50%] Building CXX object revlanguage/CMakeFiles/rb-parser.dir/functions/phylogenetics/ratematrix/Func_revPoMoThree4N.cpp.o
#11 2137.5 [ 50%] Building CXX object core/CMakeFiles/rb-core.dir/distributions/phylogenetics/continuousCharacter/PhyloOrnsteinUhlenbeckPruning.cpp.o
#11 2139.4 [ 50%] Building CXX object revlanguage/CMakeFiles/rb-parser.dir/functions/phylogenetics/ratematrix/Func_ScaleSiteMixtureModel.cpp.o
#11 2145.3 [ 50%] Building CXX object revlanguage/CMakeFiles/rb-parser.dir/functions/phylogenetics/ratematrix/Func_gtr.cpp.o
#11 2145.9 [ 50%] Building CXX object core/CMakeFiles/rb-core.dir/distributions/phylogenetics/continuousCharacter/AbstractPhyloContinuousCharacterHistoryProcess.cpp.o
#11 2155.2 [ 50%] Building CXX object core/CMakeFiles/rb-core.dir/distributions/phylogenetics/continuousCharacter/PhyloMultivariateBrownianProcess.cpp.o
#11 2155.9 [ 50%] Building CXX object revlanguage/CMakeFiles/rb-parser.dir/functions/phylogenetics/ratematrix/Func_MutSelAARateMatrix.cpp.o
#11 2160.6 [ 50%] Building CXX object revlanguage/CMakeFiles/rb-parser.dir/functions/phylogenetics/ratematrix/Func_FlowT2Populations.cpp.o
#11 2161.9 [ 50%] Building CXX object core/CMakeFiles/rb-core.dir/distributions/phylogenetics/continuousCharacter/PhyloMultiSampleOrnsteinUhlenbeckProcessREML.cpp.o
#11 2167.8 [ 50%] Building CXX object core/CMakeFiles/rb-core.dir/distributions/phylogenetics/continuousCharacter/AbstractPhyloBrownianProcess.cpp.o
#11 2174.2 [ 50%] Building CXX object revlanguage/CMakeFiles/rb-parser.dir/functions/phylogenetics/ratematrix/Func_pomo.cpp.o
#11 2176.1 [ 51%] Building CXX object revlanguage/CMakeFiles/rb-parser.dir/functions/phylogenetics/ratematrix/Func_chromosomesPloidy.cpp.o
#11 2180.3 [ 51%] Building CXX object core/CMakeFiles/rb-core.dir/distributions/phylogenetics/continuousCharacter/PhyloMultivariateBrownianProcessMultiSampleREML.cpp.o
#11 2181.2 [ 51%] Building CXX object core/CMakeFiles/rb-core.dir/distributions/phylogenetics/continuousCharacter/PhyloOrnsteinUhlenbeckProcessEVE.cpp.o
#11 2189.3 [ 51%] Building CXX object revlanguage/CMakeFiles/rb-parser.dir/functions/phylogenetics/ratematrix/Func_codonSynonymousNonsynonymousRateMatrix.cpp.o
#11 2191.2 [ 51%] Building CXX object revlanguage/CMakeFiles/rb-parser.dir/functions/phylogenetics/ratematrix/Func_FMutSelRateMatrix.cpp.o
#11 2198.3 [ 51%] Building CXX object core/CMakeFiles/rb-core.dir/distributions/phylogenetics/continuousCharacter/PhyloBrownianProcessREML.cpp.o
#11 2199.1 [ 52%] Building CXX object core/CMakeFiles/rb-core.dir/distributions/phylogenetics/continuousCharacter/PhyloOrnsteinUhlenbeckThreePoint.cpp.o
#11 2204.9 [ 52%] Building CXX object revlanguage/CMakeFiles/rb-parser.dir/functions/phylogenetics/ratematrix/Func_PoMoKN.cpp.o
#11 2207.8 [ 52%] Building CXX object revlanguage/CMakeFiles/rb-parser.dir/functions/phylogenetics/ratematrix/Func_X2RateMatrix.cpp.o
#11 2215.1 [ 52%] Building CXX object core/CMakeFiles/rb-core.dir/distributions/phylogenetics/continuousCharacter/PhyloBranchRatesBM.cpp.o
#11 2216.9 [ 52%] Building CXX object revlanguage/CMakeFiles/rb-parser.dir/functions/phylogenetics/ratematrix/Func_lg.cpp.o
#11 2219.6 [ 52%] Building CXX object revlanguage/CMakeFiles/rb-parser.dir/functions/phylogenetics/ratematrix/Func_DECRoot.cpp.o
#11 2224.1 [ 52%] Building CXX object revlanguage/CMakeFiles/rb-parser.dir/functions/phylogenetics/ratematrix/Func_reversiblePoMo.cpp.o
#11 2226.4 [ 52%] Building CXX object core/CMakeFiles/rb-core.dir/distributions/phylogenetics/continuousCharacter/PhyloMultiSampleOrnsteinUhlenbeckProcess.cpp.o
#11 2234.9 [ 52%] Building CXX object revlanguage/CMakeFiles/rb-parser.dir/functions/phylogenetics/ratematrix/Func_TIM.cpp.o
#11 2238.0 [ 52%] Building CXX object revlanguage/CMakeFiles/rb-parser.dir/functions/phylogenetics/ratematrix/Func_ConvertRateMatrix.cpp.o
#11 2239.7 [ 52%] Building CXX object revlanguage/CMakeFiles/rb-parser.dir/functions/phylogenetics/ratematrix/Func_k80.cpp.o
#11 2245.0 [ 52%] Building CXX object core/CMakeFiles/rb-core.dir/distributions/phylogenetics/continuousCharacter/PhyloOrnsteinUhlenbeckProcessMVN.cpp.o
#11 2250.3 [ 52%] Building CXX object revlanguage/CMakeFiles/rb-parser.dir/functions/phylogenetics/ratematrix/Func_UnitMixture.cpp.o
#11 2254.6 [ 52%] Building CXX object revlanguage/CMakeFiles/rb-parser.dir/functions/phylogenetics/ratematrix/Func_vt.cpp.o
#11 2255.0 [ 52%] Building CXX object core/CMakeFiles/rb-core.dir/distributions/phylogenetics/substitution/PopGenInfinitesSites.cpp.o
#11 2262.4 [ 52%] Building CXX object core/CMakeFiles/rb-core.dir/distributions/phylogenetics/substitution/PhyloCTMCSiteHomogeneousBinary.cpp.o
#11 2262.6 [ 52%] Building CXX object core/CMakeFiles/rb-core.dir/distributions/phylogenetics/substitution/PhyloCTMCSiteHomogeneousDollo.cpp.o
#11 2267.7 [ 52%] Building CXX object revlanguage/CMakeFiles/rb-parser.dir/functions/phylogenetics/ratematrix/Func_PoMo4N.cpp.o
#11 2267.9 [ 53%] Building CXX object revlanguage/CMakeFiles/rb-parser.dir/functions/phylogenetics/ratematrix/Func_revPoMoTwo4N.cpp.o
#11 2282.0 [ 53%] Building CXX object revlanguage/CMakeFiles/rb-parser.dir/functions/phylogenetics/ratematrix/Func_MuseGaut94KRateMatrix.cpp.o
#11 2282.5 [ 53%] Building CXX object revlanguage/CMakeFiles/rb-parser.dir/functions/phylogenetics/ratematrix/Func_FreeK.cpp.o
#11 2296.7 [ 53%] Building CXX object revlanguage/CMakeFiles/rb-parser.dir/functions/phylogenetics/ratematrix/Func_orderedRateMatrix.cpp.o
#11 2297.5 [ 53%] Building CXX object revlanguage/CMakeFiles/rb-parser.dir/functions/phylogenetics/ratematrix/Func_f81.cpp.o
#11 2311.4 [ 53%] Building CXX object core/CMakeFiles/rb-core.dir/distributions/phylogenetics/substitution/PhyloCTMCSiteHomogeneousDolloBinary.cpp.o
#11 2312.1 [ 53%] Building CXX object revlanguage/CMakeFiles/rb-parser.dir/functions/phylogenetics/ratematrix/Func_t92.cpp.o
#11 2312.4 [ 53%] Building CXX object revlanguage/CMakeFiles/rb-parser.dir/functions/phylogenetics/ratematrix/Func_GammaRateModel.cpp.o
#11 2315.9 [ 53%] Building CXX object core/CMakeFiles/rb-core.dir/distributions/phylogenetics/substitution/PhyloDistanceGamma.cpp.o
#11 2326.5 [ 53%] Building CXX object core/CMakeFiles/rb-core.dir/distributions/phylogenetics/matrix/FossilizedBirthDeathRangeProcess.cpp.o
#11 2326.5 [ 53%] Building CXX object revlanguage/CMakeFiles/rb-parser.dir/functions/phylogenetics/ratematrix/Func_rtRev.cpp.o
#11 2328.3 [ 53%] Building CXX object revlanguage/CMakeFiles/rb-parser.dir/functions/phylogenetics/ratematrix/Func_codonSynonymousNonsynonymousHKYRateMatrix.cpp.o
#11 2336.4 [ 53%] Building CXX object core/CMakeFiles/rb-core.dir/distributions/phylogenetics/AbstractFossilizedBirthDeathRangeProcess.cpp.o
#11 2339.8 [ 53%] Building CXX object revlanguage/CMakeFiles/rb-parser.dir/functions/phylogenetics/ratematrix/Func_X3RateMatrix.cpp.o
#11 2342.8 [ 53%] Building CXX object revlanguage/CMakeFiles/rb-parser.dir/functions/phylogenetics/ratematrix/Func_dayhoff.cpp.o
#11 2345.9 [ 53%] Building CXX object core/CMakeFiles/rb-core.dir/distributions/phylogenetics/MPEST.cpp.o
#11 2354.7 [ 53%] Building CXX object revlanguage/CMakeFiles/rb-parser.dir/functions/phylogenetics/ratematrix/Func_DECRateMatrix.cpp.o
#11 2355.7 [ 53%] Building CXX object revlanguage/CMakeFiles/rb-parser.dir/functions/phylogenetics/ratematrix/Func_Kimura81.cpp.o
#11 2357.9 [ 53%] Building CXX object core/CMakeFiles/rb-core.dir/distributions/MultivariateLogDistribution.cpp.o
#11 2360.0 [ 53%] Building CXX object core/CMakeFiles/rb-core.dir/distributions/TransformedVectorDistribution.cpp.o
#11 2368.1 [ 53%] Building CXX object core/CMakeFiles/rb-core.dir/distributions/math/BimodalLognormalDistribution.cpp.o
#11 2370.8 [ 54%] Building CXX object core/CMakeFiles/rb-core.dir/distributions/math/ExponentialErrorDistribution.cpp.o
#11 2372.1 [ 54%] Building CXX object revlanguage/CMakeFiles/rb-parser.dir/functions/phylogenetics/ratematrix/Func_GoldmanYang94RateMatrix.cpp.o
#11 2372.3 [ 54%] Building CXX object revlanguage/CMakeFiles/rb-parser.dir/functions/phylogenetics/ratematrix/Func_freeSymmetricRateMatrix.cpp.o
#11 2375.1 [ 54%] Building CXX object core/CMakeFiles/rb-core.dir/distributions/math/ExponentialDistribution.cpp.o
#11 2377.4 [ 54%] Building CXX object core/CMakeFiles/rb-core.dir/distributions/math/GeometricDistribution.cpp.o
#11 2381.7 [ 54%] Building CXX object core/CMakeFiles/rb-core.dir/distributions/math/StudentTDistribution.cpp.o
#11 2384.3 [ 54%] Building CXX object core/CMakeFiles/rb-core.dir/distributions/math/InverseWishartDistribution.cpp.o
#11 2386.4 [ 55%] Building CXX object revlanguage/CMakeFiles/rb-parser.dir/functions/phylogenetics/ratematrix/Func_SampledCladogenesisRootFrequencies.cpp.o
#11 2386.8 [ 55%] Building CXX object revlanguage/CMakeFiles/rb-parser.dir/functions/phylogenetics/ratematrix/Func_blosum62.cpp.o
#11 2388.1 [ 55%] Building CXX object core/CMakeFiles/rb-core.dir/distributions/math/NegativeBinomialDistribution.cpp.o
#11 2391.0 [ 55%] Building CXX object core/CMakeFiles/rb-core.dir/distributions/math/InverseGammaDistribution.cpp.o
#11 2394.8 [ 55%] Building CXX object core/CMakeFiles/rb-core.dir/distributions/math/ContinuousDistribution.cpp.o
#11 2397.7 [ 55%] Building CXX object core/CMakeFiles/rb-core.dir/distributions/math/SoftBoundUniformNormalDistribution.cpp.o
#11 2399.6 [ 55%] Building CXX object revlanguage/CMakeFiles/rb-parser.dir/functions/phylogenetics/ratematrix/Func_BinaryMutationCoalescentRateMatrix.cpp.o
#11 2401.3 [ 55%] Building CXX object core/CMakeFiles/rb-core.dir/distributions/math/NormalDistribution.cpp.o
#11 2402.6 [ 55%] Building CXX object revlanguage/CMakeFiles/rb-parser.dir/functions/phylogenetics/ratematrix/Func_revPoMo2N.cpp.o
#11 2404.7 [ 55%] Building CXX object core/CMakeFiles/rb-core.dir/distributions/math/ScaledDirichletDistribution.cpp.o
#11 2408.2 [ 55%] Building CXX object core/CMakeFiles/rb-core.dir/distributions/math/BimodalNormalDistribution.cpp.o
#11 2412.1 [ 55%] Building CXX object core/CMakeFiles/rb-core.dir/distributions/math/LognormalDistribution.cpp.o
#11 2415.0 [ 55%] Building CXX object revlanguage/CMakeFiles/rb-parser.dir/functions/phylogenetics/ratematrix/Func_wag.cpp.o
#11 2415.6 [ 55%] Building CXX object core/CMakeFiles/rb-core.dir/distributions/math/LaplaceDistribution.cpp.o
#11 2417.4 [ 55%] Building CXX object revlanguage/CMakeFiles/rb-parser.dir/functions/phylogenetics/ratematrix/Func_PoMo2N.cpp.o
#11 2419.0 [ 56%] Building CXX object core/CMakeFiles/rb-core.dir/distributions/math/BivariatePoissonDistribution.cpp.o
#11 2422.4 [ 56%] Building CXX object core/CMakeFiles/rb-core.dir/distributions/math/CompoundPoissonNormalDistribution.cpp.o
#11 2428.6 [ 56%] Building CXX object core/CMakeFiles/rb-core.dir/distributions/math/BernoulliDistribution.cpp.o
#11 2429.4 [ 56%] Building CXX object core/CMakeFiles/rb-core.dir/distributions/math/ChisqDistribution.cpp.o
#11 2431.6 [ 56%] Building CXX object revlanguage/CMakeFiles/rb-parser.dir/functions/phylogenetics/ratematrix/Func_mtMam.cpp.o
#11 2432.4 [ 56%] Building CXX object revlanguage/CMakeFiles/rb-parser.dir/functions/phylogenetics/ratematrix/Func_revPoMoKN.cpp.o
#11 2435.5 [ 56%] Building CXX object core/CMakeFiles/rb-core.dir/distributions/math/WishartDistribution.cpp.o
#11 2436.0 [ 56%] Building CXX object core/CMakeFiles/rb-core.dir/distributions/math/HalfCauchyDistribution.cpp.o
#11 2442.5 [ 56%] Building CXX object core/CMakeFiles/rb-core.dir/distributions/math/CategoricalDistribution.cpp.o
#11 2442.9 [ 56%] Building CXX object core/CMakeFiles/rb-core.dir/distributions/math/HalfNormalDistribution.cpp.o
#11 2444.4 [ 56%] Building CXX object revlanguage/CMakeFiles/rb-parser.dir/functions/phylogenetics/ratematrix/Func_revPoMo4N.cpp.o
#11 2447.0 [ 56%] Building CXX object revlanguage/CMakeFiles/rb-parser.dir/functions/phylogenetics/ratematrix/Func_mtRev.cpp.o
#11 2449.4 [ 56%] Building CXX object core/CMakeFiles/rb-core.dir/distributions/math/LogUniformDistribution.cpp.o
#11 2449.4 [ 56%] Building CXX object core/CMakeFiles/rb-core.dir/distributions/math/LKJDistribution.cpp.o
#11 2456.3 [ 56%] Building CXX object core/CMakeFiles/rb-core.dir/distributions/math/OrnsteinUhlenbeckProcess.cpp.o
#11 2456.5 [ 56%] Building CXX object core/CMakeFiles/rb-core.dir/distributions/math/DirichletDistribution.cpp.o
#11 2459.3 [ 56%] Building CXX object revlanguage/CMakeFiles/rb-parser.dir/functions/phylogenetics/ratematrix/Func_hiddenStateRateMatrix.cpp.o
#11 2460.5 [ 56%] Building CXX object revlanguage/CMakeFiles/rb-parser.dir/functions/phylogenetics/ratematrix/Func_DECRates.cpp.o
#11 2463.3 [ 56%] Building CXX object core/CMakeFiles/rb-core.dir/distributions/math/GammaDistribution.cpp.o
#11 2463.9 [ 56%] Building CXX object core/CMakeFiles/rb-core.dir/distributions/math/BinomialDistribution.cpp.o
#11 2470.2 [ 56%] Building CXX object core/CMakeFiles/rb-core.dir/distributions/math/VarianceGammaDistribution.cpp.o
#11 2470.8 [ 57%] Building CXX object core/CMakeFiles/rb-core.dir/distributions/math/MultinomialDistribution.cpp.o
#11 2475.0 [ 57%] Building CXX object revlanguage/CMakeFiles/rb-parser.dir/functions/phylogenetics/ratematrix/Func_dNdSRateMatrix.cpp.o
#11 2477.2 [ 57%] Building CXX object core/CMakeFiles/rb-core.dir/distributions/math/GilbertGraphDistribution.cpp.o
#11 2480.2 [ 57%] Building CXX object core/CMakeFiles/rb-core.dir/distributions/math/UniformIntegerDistribution.cpp.o
#11 2483.6 [ 57%] Building CXX object revlanguage/CMakeFiles/rb-parser.dir/functions/phylogenetics/ratematrix/Func_MixtureModel.cpp.o
#11 2484.0 [ 57%] Building CXX object core/CMakeFiles/rb-core.dir/distributions/math/UniformDistribution.cpp.o
#11 2487.3 [ 57%] Building CXX object core/CMakeFiles/rb-core.dir/distributions/math/PointMassDistribution.cpp.o
#11 2490.3 [ 58%] Building CXX object revlanguage/CMakeFiles/rb-parser.dir/functions/phylogenetics/ratematrix/Func_revPoMoNeutralM4N.cpp.o
#11 2491.0 [ 58%] Building CXX object core/CMakeFiles/rb-core.dir/distributions/math/CauchyDistribution.cpp.o
#11 2494.8 [ 58%] Building CXX object core/CMakeFiles/rb-core.dir/distributions/math/WhiteNoiseDistribution.cpp.o
#11 2498.4 [ 58%] Building CXX object revlanguage/CMakeFiles/rb-parser.dir/functions/phylogenetics/ratematrix/Func_ConvertVectorRateMatrix.cpp.o
#11 2501.1 [ 58%] Building CXX object revlanguage/CMakeFiles/rb-parser.dir/functions/phylogenetics/ratematrix/Func_biogeographyRateMatrix.cpp.o
#11 2501.9 [ 58%] Building CXX object core/CMakeFiles/rb-core.dir/distributions/math/BetaDistribution.cpp.o
#11 2505.9 [ 58%] Building CXX object revlanguage/CMakeFiles/rb-parser.dir/functions/phylogenetics/Func_PhylogeneticIndependentContrasts.cpp.o
#11 2508.4 [ 58%] Building CXX object core/CMakeFiles/rb-core.dir/distributions/math/PoissonDistribution.cpp.o
#11 2515.5 [ 58%] Building CXX object core/CMakeFiles/rb-core.dir/distributions/math/MultivariateNormalDistribution.cpp.o
#11 2518.1 [ 58%] Building CXX object revlanguage/CMakeFiles/rb-parser.dir/functions/phylogenetics/Func_concatenateFromVector.cpp.o
#11 2524.5 [ 58%] Building CXX object revlanguage/CMakeFiles/rb-parser.dir/functions/phylogenetics/Func_EpochCladoProbs.cpp.o
#11 2526.2 [ 58%] Building CXX object core/CMakeFiles/rb-core.dir/distributions/math/LKJPartialDistribution.cpp.o
#11 2529.7 [ 58%] Building CXX object revlanguage/CMakeFiles/rb-parser.dir/functions/phylogenetics/Func_PhylogeneticIndependentContrastsMultiSample.cpp.o
#11 2531.9 [ 58%] Building CXX object revlanguage/CMakeFiles/rb-parser.dir/functions/phylogenetics/Func_avgDistanceMatrix.cpp.o
#11 2532.9 [ 58%] Building CXX object core/CMakeFiles/rb-core.dir/distributions/math/DecomposedInverseWishartDistribution.cpp.o
#11 2539.4 [ 58%] Building CXX object revlanguage/CMakeFiles/rb-parser.dir/functions/phylogenetics/Func_concatenate.cpp.o
#11 2539.7 [ 58%] Building CXX object core/CMakeFiles/rb-core.dir/distributions/TransformedDistribution.cpp.o
#11 2547.4 [ 58%] Building CXX object core/CMakeFiles/rb-core.dir/distributions/MultiValueEventDistribution.cpp.o
#11 2547.6 [ 58%] Building CXX object revlanguage/CMakeFiles/rb-parser.dir/functions/phylogenetics/Func_checkNodeOrderConstraints.cpp.o
#11 2552.8 [ 58%] Building CXX object revlanguage/CMakeFiles/rb-parser.dir/functions/phylogenetics/Func_combineCharacter.cpp.o
#11 2553.1 [ 58%] Building CXX object revlanguage/CMakeFiles/rb-parser.dir/functions/phylogenetics/Func_constructRootedTripletDistribution.cpp.o
#11 2557.9 [ 59%] Building CXX object core/CMakeFiles/rb-core.dir/distributions/events/MarkovTimesDistribution.cpp.o
#11 2562.5 [ 59%] Building CXX object revlanguage/CMakeFiles/rb-parser.dir/functions/phylogenetics/Func_concatenateContinuousCharacterData.cpp.o
#11 2565.7 [ 59%] Building CXX object revlanguage/CMakeFiles/rb-parser.dir/functions/phylogenetics/Func_pomoRootFrequencies.cpp.o
#11 2569.1 [ 59%] Building CXX object core/CMakeFiles/rb-core.dir/distributions/AutocorrelatedEventDistribution.cpp.o
#11 2569.8 [ 59%] Building CXX object revlanguage/CMakeFiles/rb-parser.dir/functions/phylogenetics/Func_chromosomesCladoEventsBD.cpp.o
#11 2577.1 [ 60%] Building CXX object revlanguage/CMakeFiles/rb-parser.dir/functions/phylogenetics/Func_computeWeightedNodeOrderConstraintsScore.cpp.o
#11 2581.8 [ 60%] Building CXX object core/CMakeFiles/rb-core.dir/datatypes/phylogenetics/geography/GeographicArea.cpp.o
#11 2582.9 [ 60%] Building CXX object revlanguage/CMakeFiles/rb-parser.dir/functions/Func_varianceCovarianceMatrix.cpp.o
#11 2585.1 [ 60%] Building CXX object core/CMakeFiles/rb-core.dir/datatypes/phylogenetics/geography/RegionalFeatures.cpp.o
#11 2585.7 [ 60%] Building CXX object revlanguage/CMakeFiles/rb-parser.dir/functions/MemberProcedure.cpp.o
#11 2591.9 [ 60%] Building CXX object revlanguage/CMakeFiles/rb-parser.dir/functions/Func_partialToCorrelationMatrix.cpp.o
#11 2592.6 [ 60%] Building CXX object revlanguage/CMakeFiles/rb-parser.dir/functions/RlFunction.cpp.o
#11 2594.4 [ 60%] Building CXX object core/CMakeFiles/rb-core.dir/datatypes/phylogenetics/geography/RegionalFeatureLayer.cpp.o
#11 2595.9 [ 60%] Building CXX object core/CMakeFiles/rb-core.dir/datatypes/phylogenetics/geography/TimeAtlas.cpp.o
#11 2596.4 [ 60%] Building CXX object revlanguage/CMakeFiles/rb-parser.dir/functions/io/Func_readDistanceMatrix.cpp.o
#11 2599.2 [ 60%] Building CXX object core/CMakeFiles/rb-core.dir/datatypes/phylogenetics/TaxonMap.cpp.o
#11 2600.0 [ 60%] Building CXX object revlanguage/CMakeFiles/rb-parser.dir/functions/io/Func_formatDiscreteCharacterData.cpp.o
#11 2602.6 [ 60%] Building CXX object revlanguage/CMakeFiles/rb-parser.dir/functions/io/Func_readBranchLengthTrees.cpp.o
#11 2604.3 [ 60%] Building CXX object core/CMakeFiles/rb-core.dir/datatypes/phylogenetics/ratemap/StateCountRateModifier.cpp.o
#11 2605.2 [ 60%] Building CXX object revlanguage/CMakeFiles/rb-parser.dir/functions/io/Func_fileExists.cpp.o
#11 2608.9 [ 60%] Building CXX object revlanguage/CMakeFiles/rb-parser.dir/functions/io/Func_writeDelimitedCharacterData.cpp.o
#11 2610.9 [ 60%] Building CXX object core/CMakeFiles/rb-core.dir/datatypes/phylogenetics/ratemap/RateGeneratorSequence_Biogeography.cpp.o
#11 2613.8 [ 60%] Building CXX object revlanguage/CMakeFiles/rb-parser.dir/functions/io/Func_readTreeTrace.cpp.o
#11 2616.5 [ 60%] Building CXX object core/CMakeFiles/rb-core.dir/datatypes/phylogenetics/ratemap/RangeEvolutionRateModifier.cpp.o
#11 2617.8 [ 60%] Building CXX object revlanguage/CMakeFiles/rb-parser.dir/functions/io/Func_readCharacterData.cpp.o
#11 2618.1 [ 60%] Building CXX object revlanguage/CMakeFiles/rb-parser.dir/functions/io/Func_mccTree.cpp.o
#11 2622.5 [ 60%] Building CXX object core/CMakeFiles/rb-core.dir/datatypes/phylogenetics/ratemap/CharacterHistoryRateModifier.cpp.o
#11 2624.1 [ 60%] Building CXX object core/CMakeFiles/rb-core.dir/datatypes/phylogenetics/ratemap/DistanceRateModifier.cpp.o
#11 2633.1 [ 60%] Building CXX object revlanguage/CMakeFiles/rb-parser.dir/functions/io/Func_readMatrix.cpp.o
#11 2636.3 [ 60%] Building CXX object core/CMakeFiles/rb-core.dir/datatypes/phylogenetics/ratemap/RateGeneratorSequence.cpp.o
#11 2642.0 [ 61%] Building CXX object revlanguage/CMakeFiles/rb-parser.dir/functions/io/Func_convertFastaFileToNaturalNumbers.cpp.o
#11 2643.0 [ 61%] Building CXX object core/CMakeFiles/rb-core.dir/datatypes/phylogenetics/ratemap/AdjacentRateModifier.cpp.o
#11 2646.2 [ 61%] Building CXX object revlanguage/CMakeFiles/rb-parser.dir/functions/io/Func_TaxonReader.cpp.o
#11 2651.6 [ 61%] Building CXX object revlanguage/CMakeFiles/rb-parser.dir/functions/io/Func_readAncestralStateTreeTrace.cpp.o
#11 2652.3 [ 62%] Building CXX object core/CMakeFiles/rb-core.dir/datatypes/phylogenetics/ratemap/HostSwitchRateModifier.cpp.o
#11 2655.8 [ 62%] Building CXX object revlanguage/CMakeFiles/rb-parser.dir/functions/io/Func_readDiscreteCharacterData.cpp.o
#11 2660.7 [ 62%] Building CXX object core/CMakeFiles/rb-core.dir/datatypes/phylogenetics/ratemap/SiteRateModifier.cpp.o
#11 2669.2 [ 62%] Building CXX object revlanguage/CMakeFiles/rb-parser.dir/functions/io/Func_source.cpp.o
#11 2669.4 [ 62%] Building CXX object revlanguage/CMakeFiles/rb-parser.dir/functions/io/Func_readTrace.cpp.o
#11 2674.7 [ 62%] Building CXX object core/CMakeFiles/rb-core.dir/datatypes/phylogenetics/ratemap/RateGeneratorSequenceUsingMatrix.cpp.o
#11 2682.8 [ 62%] Building CXX object revlanguage/CMakeFiles/rb-parser.dir/functions/io/Func_readDelimitedDataFile.cpp.o
#11 2685.4 [ 62%] Building CXX object core/CMakeFiles/rb-core.dir/datatypes/phylogenetics/substitution/SiteModel.cpp.o
#11 2693.7 [ 62%] Building CXX object revlanguage/CMakeFiles/rb-parser.dir/functions/io/Func_convertToPhylowood.cpp.o
#11 2694.8 [ 62%] Building CXX object core/CMakeFiles/rb-core.dir/datatypes/phylogenetics/substitution/SiteMixtureModel.cpp.o
#11 2697.8 [ 62%] Building CXX object revlanguage/CMakeFiles/rb-parser.dir/functions/io/Func_annotateTree.cpp.o
#11 2706.9 [ 62%] Building CXX object core/CMakeFiles/rb-core.dir/datatypes/phylogenetics/substitution/GeneratorToSiteModel.cpp.o
#11 2707.4 [ 62%] Building CXX object core/CMakeFiles/rb-core.dir/datatypes/phylogenetics/character/CodonState.cpp.o
#11 2710.9 [ 62%] Building CXX object core/CMakeFiles/rb-core.dir/datatypes/phylogenetics/character/PoMoState4.cpp.o
#11 2712.7 [ 62%] Building CXX object revlanguage/CMakeFiles/rb-parser.dir/functions/io/Func_write.cpp.o
#11 2713.8 [ 62%] Building CXX object core/CMakeFiles/rb-core.dir/datatypes/phylogenetics/character/DnaState.cpp.o
#11 2716.7 [ 62%] Building CXX object core/CMakeFiles/rb-core.dir/datatypes/phylogenetics/character/RnaState.cpp.o
#11 2716.8 [ 62%] Building CXX object core/CMakeFiles/rb-core.dir/datatypes/phylogenetics/character/DoubletState.cpp.o
#11 2719.5 [ 62%] Building CXX object core/CMakeFiles/rb-core.dir/datatypes/phylogenetics/character/CharacterTranslator.cpp.o
#11 2720.3 [ 62%] Building CXX object core/CMakeFiles/rb-core.dir/datatypes/phylogenetics/character/AminoAcidState.cpp.o
#11 2723.3 [ 62%] Building CXX object core/CMakeFiles/rb-core.dir/datatypes/phylogenetics/character/PoMoState.cpp.o
#11 2726.3 [ 62%] Building CXX object revlanguage/CMakeFiles/rb-parser.dir/functions/io/Func_readAncestralStateTrace.cpp.o
#11 2728.3 [ 62%] Building CXX object core/CMakeFiles/rb-core.dir/datatypes/phylogenetics/character/CharacterState.cpp.o
#11 2729.2 [ 62%] Building CXX object revlanguage/CMakeFiles/rb-parser.dir/functions/io/Func_readRelativeNodeAgeWeightedConstraints.cpp.o
#11 2729.3 [ 62%] Building CXX object revlanguage/CMakeFiles/rb-parser.dir/functions/io/Func_characterMapTree.cpp.o
#11 2730.0 [ 63%] Building CXX object core/CMakeFiles/rb-core.dir/datatypes/phylogenetics/character/StandardState.cpp.o
#11 2733.0 [ 63%] Building CXX object core/CMakeFiles/rb-core.dir/datatypes/phylogenetics/character/TripletState.cpp.o
#11 2733.0 [ 63%] Building CXX object core/CMakeFiles/rb-core.dir/datatypes/phylogenetics/character/TaxaState.cpp.o
#11 2739.2 [ 63%] Building CXX object core/CMakeFiles/rb-core.dir/datatypes/phylogenetics/character/BinaryState.cpp.o
#11 2742.1 [ 63%] Building CXX object core/CMakeFiles/rb-core.dir/datatypes/phylogenetics/character/DiscreteCharacterState.cpp.o
#11 2743.7 [ 63%] Building CXX object revlanguage/CMakeFiles/rb-parser.dir/functions/io/Func_readDelimitedCharacterData.cpp.o
#11 2745.4 [ 63%] Building CXX object revlanguage/CMakeFiles/rb-parser.dir/functions/io/Func_readRegionalFeatures.cpp.o
#11 2746.0 [ 63%] Building CXX object core/CMakeFiles/rb-core.dir/datatypes/phylogenetics/character/NaturalNumbersState.cpp.o
#11 2749.1 [ 64%] Building CXX object revlanguage/CMakeFiles/rb-parser.dir/functions/io/Func_ancestralStateTree.cpp.o
#11 2750.5 [ 64%] Building CXX object core/CMakeFiles/rb-core.dir/datatypes/phylogenetics/character/DiscretizedContinuousState.cpp.o
#11 2756.0 [ 64%] Building CXX object core/CMakeFiles/rb-core.dir/datatypes/phylogenetics/RelativeNodeAgeConstraints.cpp.o
#11 2759.6 [ 64%] Building CXX object core/CMakeFiles/rb-core.dir/datatypes/phylogenetics/ratematrix/RateGenerator.cpp.o
#11 2764.6 [ 64%] Building CXX object revlanguage/CMakeFiles/rb-parser.dir/functions/io/Func_loadPlugin.cpp.o
#11 2766.4 [ 64%] Building CXX object revlanguage/CMakeFiles/rb-parser.dir/functions/io/Func_convertCountFileToNaturalNumbers.cpp.o
#11 2770.7 [ 64%] Building CXX object core/CMakeFiles/rb-core.dir/datatypes/phylogenetics/ratematrix/RateMatrix_revPoMoNeutralM4N.cpp.o
#11 2777.4 [ 64%] Building CXX object revlanguage/CMakeFiles/rb-parser.dir/functions/io/Func_listFiles.cpp.o
#11 2778.2 [ 64%] Building CXX object revlanguage/CMakeFiles/rb-parser.dir/functions/io/Func_mapTree.cpp.o
#11 2779.0 [ 64%] Building CXX object revlanguage/CMakeFiles/rb-parser.dir/functions/io/Func_writeNexus.cpp.o
#11 2780.3 [ 64%] Building CXX object core/CMakeFiles/rb-core.dir/datatypes/phylogenetics/ratematrix/RateMatrix_RtRev.cpp.o
#11 2787.7 [ 64%] Building CXX object core/CMakeFiles/rb-core.dir/datatypes/phylogenetics/ratematrix/RateMatrix_ChromosomesPloidy.cpp.o
#11 2792.1 [ 64%] Building CXX object revlanguage/CMakeFiles/rb-parser.dir/functions/io/Func_summarizeCharacterMaps.cpp.o
#11 2792.9 [ 64%] Building CXX object revlanguage/CMakeFiles/rb-parser.dir/functions/io/Func_readStochasticVariableTrace.cpp.o
#11 2795.0 [ 64%] Building CXX object core/CMakeFiles/rb-core.dir/datatypes/phylogenetics/ratematrix/RateMatrix_InfiniteSites.cpp.o
#11 2800.3 [ 64%] Building CXX object revlanguage/CMakeFiles/rb-parser.dir/functions/io/Func_readAtlas.cpp.o
#11 2802.2 [ 64%] Building CXX object core/CMakeFiles/rb-core.dir/datatypes/phylogenetics/ratematrix/TimeReversibleRateMatrix.cpp.o
#11 2808.7 [ 65%] Building CXX object core/CMakeFiles/rb-core.dir/datatypes/phylogenetics/ratematrix/AbstractRateMatrix.cpp.o
#11 2810.3 [ 65%] Building CXX object revlanguage/CMakeFiles/rb-parser.dir/functions/io/Func_readPoMoCountFile.cpp.o
#11 2810.3 [ 65%] Building CXX object revlanguage/CMakeFiles/rb-parser.dir/functions/io/Func_readTrees.cpp.o
#11 2813.1 [ 65%] Building CXX object revlanguage/CMakeFiles/rb-parser.dir/functions/io/Func_readRelativeNodeAgeConstraints.cpp.o
#11 2823.9 [ 65%] Building CXX object core/CMakeFiles/rb-core.dir/datatypes/phylogenetics/ratematrix/RateMatrix_FreeBinary.cpp.o
#11 2841.9 [ 65%] Building CXX object core/CMakeFiles/rb-core.dir/datatypes/phylogenetics/ratematrix/RateMatrix_HKY.cpp.o
#11 2844.3 [ 65%] Building CXX object revlanguage/CMakeFiles/rb-parser.dir/functions/io/Func_readVCF.cpp.o
#11 2852.1 [ 65%] Building CXX object core/CMakeFiles/rb-core.dir/datatypes/phylogenetics/ratematrix/RateMatrix_PoMoKN.cpp.o
#11 2855.8 [ 65%] Building CXX object core/CMakeFiles/rb-core.dir/datatypes/phylogenetics/ratematrix/RateMatrix_PoMo2N.cpp.o
#11 2860.1 [ 65%] Building CXX object revlanguage/CMakeFiles/rb-parser.dir/functions/io/Func_module.cpp.o
#11 2860.3 [ 65%] Building CXX object core/CMakeFiles/rb-core.dir/datatypes/phylogenetics/ratematrix/RateMatrix_CodonSynonymousNonsynonymous.cpp.o
#11 2860.3 [ 66%] Building CXX object revlanguage/CMakeFiles/rb-parser.dir/functions/io/Func_treeTrace.cpp.o
#11 2862.9 [ 66%] Building CXX object core/CMakeFiles/rb-core.dir/datatypes/phylogenetics/ratematrix/RateMatrix_revPoMo4N.cpp.o
#11 2869.0 [ 66%] Building CXX object core/CMakeFiles/rb-core.dir/datatypes/phylogenetics/ratematrix/RateMatrix_revPoMoKN.cpp.o
#11 2872.5 [ 66%] Building CXX object core/CMakeFiles/rb-core.dir/datatypes/phylogenetics/ratematrix/RateMatrix_Vt.cpp.o
#11 2874.5 [ 66%] Building CXX object revlanguage/CMakeFiles/rb-parser.dir/functions/io/Func_maxdiff.cpp.o
#11 2879.1 [ 66%] Building CXX object revlanguage/CMakeFiles/rb-parser.dir/functions/io/Func_readContinuousCharacterData.cpp.o
#11 2880.3 [ 66%] Building CXX object revlanguage/CMakeFiles/rb-parser.dir/functions/io/Func_consensusTree.cpp.o
#11 2881.8 [ 66%] Building CXX object core/CMakeFiles/rb-core.dir/datatypes/phylogenetics/ratematrix/RateMatrix_Kimura81.cpp.o
#11 2891.5 [ 66%] Building CXX object core/CMakeFiles/rb-core.dir/datatypes/phylogenetics/ratematrix/RateMatrix_MtRev24.cpp.o
#11 2892.8 [ 66%] Building CXX object revlanguage/CMakeFiles/rb-parser.dir/functions/io/Func_writeFasta.cpp.o
#11 2898.3 [ 66%] Building CXX object revlanguage/CMakeFiles/rb-parser.dir/functions/type_conversion/Proc_StringToInt.cpp.o
#11 2900.6 [ 66%] Building CXX object core/CMakeFiles/rb-core.dir/datatypes/phylogenetics/ratematrix/RateMatrix_BinaryMutationCoalescent.cpp.o
#11 2906.5 [ 66%] Building CXX object revlanguage/CMakeFiles/rb-parser.dir/functions/argumentrules/Ellipsis.cpp.o
#11 2910.0 [ 66%] Building CXX object revlanguage/CMakeFiles/rb-parser.dir/functions/argumentrules/Delimiter.cpp.o
#11 2910.8 [ 66%] Building CXX object core/CMakeFiles/rb-core.dir/datatypes/phylogenetics/ratematrix/RateMatrix_CpRev.cpp.o
#11 2915.4 [ 66%] Building CXX object revlanguage/CMakeFiles/rb-parser.dir/functions/argumentrules/OptionRule.cpp.o
#11 2916.1 [ 66%] Building CXX object revlanguage/CMakeFiles/rb-parser.dir/functions/argumentrules/ArgumentRules.cpp.o
#11 2920.4 [ 66%] Building CXX object core/CMakeFiles/rb-core.dir/datatypes/phylogenetics/ratematrix/RateMatrix_FreeSymmetric.cpp.o
#11 2923.4 [ 66%] Building CXX object revlanguage/CMakeFiles/rb-parser.dir/functions/argumentrules/ArgumentRule.cpp.o
#11 2925.8 [ 66%] Building CXX object revlanguage/CMakeFiles/rb-parser.dir/functions/DistributionFunctionQuantilePositiveContinuous.cpp.o
#11 2929.6 [ 66%] Building CXX object core/CMakeFiles/rb-core.dir/datatypes/phylogenetics/ratematrix/RateMatrix_TVM.cpp.o
#11 2930.1 [ 66%] Building CXX object revlanguage/CMakeFiles/rb-parser.dir/functions/UserProcedure.cpp.o
#11 2931.9 [ 66%] Building CXX object revlanguage/CMakeFiles/rb-parser.dir/functions/basic/Func_listOptions.cpp.o
#11 2937.0 [ 67%] Building CXX object revlanguage/CMakeFiles/rb-parser.dir/functions/basic/Func_structure.cpp.o
#11 2938.3 [ 68%] Building CXX object core/CMakeFiles/rb-core.dir/datatypes/phylogenetics/ratematrix/RateMatrix_Kimura80.cpp.o
#11 2942.4 [ 68%] Building CXX object revlanguage/CMakeFiles/rb-parser.dir/functions/basic/Func_getOption.cpp.o
#11 2946.2 [ 68%] Building CXX object core/CMakeFiles/rb-core.dir/datatypes/phylogenetics/ratematrix/RateMatrix_revPoMoThree4.cpp.o
#11 2947.4 [ 68%] Building CXX object revlanguage/CMakeFiles/rb-parser.dir/functions/basic/Func_range.cpp.o
#11 2953.2 [ 68%] Building CXX object revlanguage/CMakeFiles/rb-parser.dir/functions/basic/Func_time.cpp.o
#11 2957.6 [ 68%] Building CXX object core/CMakeFiles/rb-core.dir/datatypes/phylogenetics/ratematrix/RateMatrix_JC.cpp.o
#11 2958.7 [ 68%] Building CXX object revlanguage/CMakeFiles/rb-parser.dir/functions/basic/Func_clear.cpp.o
#11 2964.9 [ 68%] Building CXX object core/CMakeFiles/rb-core.dir/datatypes/phylogenetics/ratematrix/RateMatrix_PoMo.cpp.o
#11 2974.4 [ 68%] Building CXX object revlanguage/CMakeFiles/rb-parser.dir/functions/basic/Func_profile.cpp.o
#11 2974.6 [ 68%] Building CXX object revlanguage/CMakeFiles/rb-parser.dir/functions/basic/Func_seed.cpp.o
#11 2974.8 [ 68%] Building CXX object core/CMakeFiles/rb-core.dir/datatypes/phylogenetics/ratematrix/RateMatrix_Empirical.cpp.o
#11 2976.3 [ 68%] Building CXX object revlanguage/CMakeFiles/rb-parser.dir/functions/basic/Func_sort.cpp.o
#11 2984.0 [ 68%] Building CXX object core/CMakeFiles/rb-core.dir/datatypes/phylogenetics/ratematrix/RateMatrix_F81.cpp.o
#11 2992.9 [ 68%] Building CXX object revlanguage/CMakeFiles/rb-parser.dir/functions/basic/Func_help.cpp.o
#11 2994.0 [ 68%] Building CXX object core/CMakeFiles/rb-core.dir/datatypes/phylogenetics/ratematrix/RateMatrix_Chromosomes.cpp.o
#11 3001.9 [ 68%] Building CXX object core/CMakeFiles/rb-core.dir/datatypes/phylogenetics/ratematrix/RateMatrix_ReversiblePoMo.cpp.o
#11 3004.4 [ 68%] Building CXX object revlanguage/CMakeFiles/rb-parser.dir/functions/basic/Func_getwd.cpp.o
#11 3006.9 [ 68%] Building CXX object revlanguage/CMakeFiles/rb-parser.dir/functions/basic/Func_printSeed.cpp.o
#11 3007.3 [ 68%] Building CXX object revlanguage/CMakeFiles/rb-parser.dir/functions/basic/Func_ls.cpp.o
#11 3009.7 [ 68%] Building CXX object core/CMakeFiles/rb-core.dir/datatypes/phylogenetics/ratematrix/RateMatrix_Covarion.cpp.o
#11 3012.6 [ 68%] Building CXX object revlanguage/CMakeFiles/rb-parser.dir/functions/basic/Func_system.cpp.o
#11 3016.3 [ 68%] Building CXX object revlanguage/CMakeFiles/rb-parser.dir/functions/basic/Func_setwd.cpp.o
#11 3020.2 [ 68%] Building CXX object core/CMakeFiles/rb-core.dir/datatypes/phylogenetics/ratematrix/RateMatrix_Tamura92.cpp.o
#11 3022.0 [ 68%] Building CXX object revlanguage/CMakeFiles/rb-parser.dir/functions/basic/Func_type.cpp.o
#11 3025.2 [ 69%] Building CXX object revlanguage/CMakeFiles/rb-parser.dir/functions/basic/Func_quit.cpp.o
#11 3027.4 [ 69%] Building CXX object core/CMakeFiles/rb-core.dir/datatypes/phylogenetics/ratematrix/RateMatrix_revPoMo2N.cpp.o
#11 3030.3 [ 69%] Building CXX object revlanguage/CMakeFiles/rb-parser.dir/functions/basic/Func_VectorMonitors.cpp.o
#11 3036.9 [ 69%] Building CXX object revlanguage/CMakeFiles/rb-parser.dir/functions/basic/Func_license.cpp.o
#11 3037.0 [ 69%] Building CXX object core/CMakeFiles/rb-core.dir/datatypes/phylogenetics/ratematrix/ConcreteTimeReversibleRateMatrix.cpp.o
#11 3040.5 [ 69%] Building CXX object revlanguage/CMakeFiles/rb-parser.dir/functions/basic/Func_VectorMoves.cpp.o
#11 3043.9 [ 69%] Building CXX object core/CMakeFiles/rb-core.dir/datatypes/phylogenetics/ratematrix/RateMatrix_CodonSynonymousNonsynonymousHKY.cpp.o
#11 3047.2 [ 69%] Building CXX object revlanguage/CMakeFiles/rb-parser.dir/functions/basic/Func_setOption.cpp.o
#11 3049.6 [ 69%] Building CXX object revlanguage/CMakeFiles/rb-parser.dir/functions/basic/Func_exists.cpp.o
#11 3052.1 [ 69%] Building CXX object core/CMakeFiles/rb-core.dir/datatypes/phylogenetics/ratematrix/RateMatrix_Senca.cpp.o
#11 3055.6 [ 69%] Building CXX object revlanguage/CMakeFiles/rb-parser.dir/functions/UserFunction.cpp.o
#11 3059.0 [ 69%] Building CXX object revlanguage/CMakeFiles/rb-parser.dir/functions/argument/Argument.cpp.o
#11 3059.4 [ 70%] Building CXX object core/CMakeFiles/rb-core.dir/datatypes/phylogenetics/ratematrix/RateMatrix_Jones.cpp.o
#11 3061.1 [ 70%] Building CXX object revlanguage/CMakeFiles/rb-parser.dir/functions/Func_decomposedVarianceCovarianceMatrix.cpp.o
#11 3062.0 [ 70%] Building CXX object revlanguage/CMakeFiles/rb-parser.dir/functions/math/Func_discretizeProbabilityDistribution.cpp.o
#11 3064.4 [ 70%] Building CXX object revlanguage/CMakeFiles/rb-parser.dir/functions/math/Func_matrix.cpp.o
#11 3066.2 [ 70%] Building CXX object core/CMakeFiles/rb-core.dir/datatypes/phylogenetics/ratematrix/RateMatrix_MtMam.cpp.o
#11 3072.8 [ 70%] Building CXX object core/CMakeFiles/rb-core.dir/datatypes/phylogenetics/ratematrix/RateMatrix_FreeK.cpp.o
#11 3074.3 [ 70%] Building CXX object revlanguage/CMakeFiles/rb-parser.dir/functions/math/Func_shortestDistance.cpp.o
#11 3077.6 [ 70%] Building CXX object revlanguage/CMakeFiles/rb-parser.dir/functions/math/Func_cos.cpp.o
#11 3081.3 [ 70%] Building CXX object core/CMakeFiles/rb-core.dir/datatypes/phylogenetics/ratematrix/RateMatrix_TamuraNei.cpp.o
#11 3082.1 [ 70%] Building CXX object revlanguage/CMakeFiles/rb-parser.dir/functions/math/Func_coala.cpp.o
#11 3088.1 [ 70%] Building CXX object core/CMakeFiles/rb-core.dir/datatypes/phylogenetics/ratematrix/GeneralRateMatrix.cpp.o
#11 3090.8 [ 71%] Building CXX object revlanguage/CMakeFiles/rb-parser.dir/functions/math/Func_sqrt.cpp.o
#11 3094.2 [ 71%] Building CXX object core/CMakeFiles/rb-core.dir/datatypes/phylogenetics/ratematrix/RateMatrix_Biogeography.cpp.o
#11 3099.0 [ 71%] Building CXX object revlanguage/CMakeFiles/rb-parser.dir/functions/math/Func_sigmoid.cpp.o
#11 3102.0 [ 71%] Building CXX object revlanguage/CMakeFiles/rb-parser.dir/functions/math/Func_exp.cpp.o
#11 3104.1 [ 71%] Building CXX object revlanguage/CMakeFiles/rb-parser.dir/functions/math/Func_hyperbolicTangent.cpp.o
#11 3107.5 [ 71%] Building CXX object core/CMakeFiles/rb-core.dir/datatypes/phylogenetics/ratematrix/RateMatrix_Blosum62.cpp.o
#11 3111.8 [ 71%] Building CXX object revlanguage/CMakeFiles/rb-parser.dir/functions/math/Func_sumInteger.cpp.o
#11 3114.3 [ 71%] Building CXX object core/CMakeFiles/rb-core.dir/datatypes/phylogenetics/ratematrix/RateMatrix_PoMo4N.cpp.o
#11 3115.3 [ 71%] Building CXX object revlanguage/CMakeFiles/rb-parser.dir/functions/math/Func_logit.cpp.o
#11 3118.1 [ 71%] Building CXX object revlanguage/CMakeFiles/rb-parser.dir/functions/math/Func_sum.cpp.o
#11 3121.4 [ 71%] Building CXX object core/CMakeFiles/rb-core.dir/datatypes/phylogenetics/ratematrix/RateMatrix_TIM.cpp.o
#11 3124.8 [ 71%] Building CXX object revlanguage/CMakeFiles/rb-parser.dir/functions/math/Func_discretizeGamma.cpp.o
#11 3128.0 [ 71%] Building CXX object core/CMakeFiles/rb-core.dir/datatypes/phylogenetics/ratematrix/RateMatrix.cpp.o
#11 3128.4 [ 71%] Building CXX object revlanguage/CMakeFiles/rb-parser.dir/functions/math/Func_choose.cpp.o
#11 3130.5 [ 71%] Building CXX object revlanguage/CMakeFiles/rb-parser.dir/functions/math/Func_discretizeBetaQuadrature.cpp.o
#11 3133.3 [ 71%] Building CXX object core/CMakeFiles/rb-core.dir/datatypes/phylogenetics/ratematrix/RateMatrix_PoMo4.cpp.o
#11 3142.5 [ 71%] Building CXX object core/CMakeFiles/rb-core.dir/datatypes/phylogenetics/ratematrix/RateMatrix_DECRateMatrix.cpp.o
#11 3143.3 [ 71%] Building CXX object revlanguage/CMakeFiles/rb-parser.dir/functions/math/Func_geometricMean.cpp.o
#11 3145.3 [ 71%] Building CXX object revlanguage/CMakeFiles/rb-parser.dir/functions/math/Func_discretizePositiveDistribution.cpp.o
#11 3146.6 [ 71%] Building CXX object revlanguage/CMakeFiles/rb-parser.dir/functions/math/Func_abs.cpp.o
#11 3156.4 [ 71%] Building CXX object core/CMakeFiles/rb-core.dir/datatypes/phylogenetics/ratematrix/RateMatrix_Dayhoff.cpp.o
#11 3156.5 [ 71%] Building CXX object core/CMakeFiles/rb-core.dir/datatypes/phylogenetics/ratematrix/RateMatrix_revPoMoBalance4N.cpp.o
#11 3159.7 [ 71%] Building CXX object revlanguage/CMakeFiles/rb-parser.dir/functions/math/Func_meanPositive.cpp.o
#11 3162.7 [ 71%] Building CXX object core/CMakeFiles/rb-core.dir/datatypes/phylogenetics/ratematrix/RateMatrix_revPoMoThree4N.cpp.o
#11 3163.6 [ 72%] Building CXX object core/CMakeFiles/rb-core.dir/datatypes/phylogenetics/ratematrix/RateMatrix_GTR.cpp.o
#11 3165.3 [ 72%] Building CXX object revlanguage/CMakeFiles/rb-parser.dir/functions/math/Func_powerVector.cpp.o
#11 3170.2 [ 72%] Building CXX object core/CMakeFiles/rb-core.dir/datatypes/phylogenetics/ratematrix/RateGenerator_Epoch.cpp.o
#11 3170.6 [ 72%] Building CXX object core/CMakeFiles/rb-core.dir/datatypes/phylogenetics/ratematrix/RateMatrix_FlowT2Populations.cpp.o
#11 3171.6 [ 73%] Building CXX object revlanguage/CMakeFiles/rb-parser.dir/functions/math/Func_meanSimplex.cpp.o
#11 3177.7 [ 73%] Building CXX object revlanguage/CMakeFiles/rb-parser.dir/functions/math/Func_discretizeGammaQuadrature.cpp.o
#11 3181.9 [ 73%] Building CXX object core/CMakeFiles/rb-core.dir/datatypes/phylogenetics/ratematrix/RateMatrix_revPoMoTwo4N.cpp.o
#11 3184.2 [ 73%] Building CXX object revlanguage/CMakeFiles/rb-parser.dir/functions/math/Func_posteriorPredictiveProbability.cpp.o
#11 3184.5 [ 73%] Building CXX object revlanguage/CMakeFiles/rb-parser.dir/functions/math/Func_discretizeLognormalQuadrature.cpp.o
#11 3190.1 [ 73%] Building CXX object core/CMakeFiles/rb-core.dir/datatypes/phylogenetics/Taxon.cpp.o
#11 3190.7 [ 73%] Building CXX object revlanguage/CMakeFiles/rb-parser.dir/functions/math/Func_log.cpp.o
#11 3191.7 [ 73%] Building CXX object core/CMakeFiles/rb-core.dir/datatypes/phylogenetics/TreeDiscreteCharacterData.cpp.o
#11 3197.2 [ 73%] Building CXX object revlanguage/CMakeFiles/rb-parser.dir/functions/math/Func_hyperbolicSine.cpp.o
#11 3197.8 [ 73%] Building CXX object revlanguage/CMakeFiles/rb-parser.dir/functions/math/Func_upperTriangle.cpp.o
#11 3203.9 [ 73%] Building CXX object core/CMakeFiles/rb-core.dir/datatypes/phylogenetics/DistanceMatrix.cpp.o
#11 3204.2 [ 73%] Building CXX object revlanguage/CMakeFiles/rb-parser.dir/functions/math/Func_empiricalQuantile.cpp.o
#11 3210.8 [ 73%] Building CXX object revlanguage/CMakeFiles/rb-parser.dir/functions/math/Func_mean.cpp.o
#11 3211.0 [ 73%] Building CXX object core/CMakeFiles/rb-core.dir/datatypes/phylogenetics/AverageDistanceMatrix.cpp.o
#11 3216.8 [ 73%] Building CXX object revlanguage/CMakeFiles/rb-parser.dir/functions/math/Func_max.cpp.o
#11 3217.5 [ 73%] Building CXX object core/CMakeFiles/rb-core.dir/datatypes/phylogenetics/cladogeneticmatrix/CladogeneticProbabilityMatrix.cpp.o
#11 3217.6 [ 73%] Building CXX object revlanguage/CMakeFiles/rb-parser.dir/functions/math/Func_power.cpp.o
#11 3223.0 [ 73%] Building CXX object revlanguage/CMakeFiles/rb-parser.dir/functions/math/Func_sumPositive.cpp.o
#11 3224.0 [ 73%] Building CXX object core/CMakeFiles/rb-core.dir/datatypes/phylogenetics/cladogeneticmatrix/CladogeneticProbabilityMatrix_Epoch.cpp.o
#11 3229.1 [ 73%] Building CXX object revlanguage/CMakeFiles/rb-parser.dir/functions/math/Func_min.cpp.o
#11 3230.3 [ 73%] Building CXX object revlanguage/CMakeFiles/rb-parser.dir/functions/math/Func_discretizeBeta.cpp.o
#11 3235.4 [ 73%] Building CXX object core/CMakeFiles/rb-core.dir/datatypes/phylogenetics/cladogeneticmatrix/CladogeneticSpeciationRateMatrix.cpp.o
#11 3235.9 [ 74%] Building CXX object revlanguage/CMakeFiles/rb-parser.dir/functions/math/Func_median.cpp.o
#11 3242.6 [ 74%] Building CXX object revlanguage/CMakeFiles/rb-parser.dir/functions/math/Func_geographicalDistance.cpp.o
#11 3247.9 [ 74%] Building CXX object core/CMakeFiles/rb-core.dir/datatypes/phylogenetics/TimeInterval.cpp.o
#11 3248.8 [ 74%] Building CXX object revlanguage/CMakeFiles/rb-parser.dir/functions/math/Func_sin.cpp.o
#11 3249.1 [ 74%] Building CXX object core/CMakeFiles/rb-core.dir/datatypes/phylogenetics/characterhistory/CharacterEventDiscrete.cpp.o
#11 3250.1 [ 74%] Building CXX object core/CMakeFiles/rb-core.dir/datatypes/phylogenetics/characterhistory/CharacterHistoryContinuous.cpp.o
#11 3250.6 [ 74%] Building CXX object revlanguage/CMakeFiles/rb-parser.dir/functions/math/Func_ln.cpp.o
#11 3255.0 [ 74%] Building CXX object revlanguage/CMakeFiles/rb-parser.dir/functions/math/Func_diagonalMatrix.cpp.o
#11 3255.3 [ 75%] Building CXX object core/CMakeFiles/rb-core.dir/datatypes/phylogenetics/characterhistory/CharacterEventContinuous.cpp.o
#11 3256.6 [ 75%] Building CXX object core/CMakeFiles/rb-core.dir/datatypes/phylogenetics/characterhistory/BranchHistory.cpp.o
#11 3260.2 [ 75%] Building CXX object core/CMakeFiles/rb-core.dir/datatypes/phylogenetics/characterhistory/CharacterHistoryDiscrete.cpp.o
#11 3261.5 [ 75%] Building CXX object revlanguage/CMakeFiles/rb-parser.dir/functions/math/Func_expVector.cpp.o
#11 3263.2 [ 75%] Building CXX object revlanguage/CMakeFiles/rb-parser.dir/functions/math/Func_sigmoidVector.cpp.o
#11 3266.1 [ 75%] Building CXX object core/CMakeFiles/rb-core.dir/datatypes/phylogenetics/characterhistory/CharacterHistory.cpp.o
#11 3266.5 [ 75%] Building CXX object revlanguage/CMakeFiles/rb-parser.dir/functions/math/Func_gamma.cpp.o
#11 3269.4 [ 75%] Building CXX object core/CMakeFiles/rb-core.dir/datatypes/phylogenetics/characterhistory/BranchHistoryContinuous.cpp.o
#11 3272.3 [ 75%] Building CXX object core/CMakeFiles/rb-core.dir/datatypes/phylogenetics/characterhistory/CharacterEvent.cpp.o
#11 3273.2 [ 75%] Building CXX object core/CMakeFiles/rb-core.dir/datatypes/phylogenetics/characterhistory/BranchHistoryDiscrete.cpp.o
#11 3275.8 [ 75%] Building CXX object core/CMakeFiles/rb-core.dir/datatypes/phylogenetics/RelativeNodeAgeWeightedConstraints.cpp.o
#11 3279.3 [ 75%] Building CXX object core/CMakeFiles/rb-core.dir/datatypes/phylogenetics/characterdata/ContinuousCharacterData.cpp.o
#11 3280.5 [ 75%] Building CXX object revlanguage/CMakeFiles/rb-parser.dir/functions/math/Func_sumNatural.cpp.o
#11 3281.7 [ 75%] Building CXX object revlanguage/CMakeFiles/rb-parser.dir/functions/math/Func_discretizeGammaFromBetaQuantiles.cpp.o
#11 3283.2 [ 75%] Building CXX object revlanguage/CMakeFiles/rb-parser.dir/functions/math/Func_discretizeDistribution.cpp.o
#11 3291.9 [ 75%] Building CXX object revlanguage/CMakeFiles/rb-parser.dir/functions/math/Func_absVector.cpp.o
#11 3295.4 [ 75%] Building CXX object core/CMakeFiles/rb-core.dir/datatypes/phylogenetics/characterdata/AbstractHomologousDiscreteCharacterData.cpp.o
#11 3299.9 [ 75%] Building CXX object revlanguage/CMakeFiles/rb-parser.dir/functions/math/Func_standardDeviation.cpp.o
#11 3301.8 [ 75%] Building CXX object revlanguage/CMakeFiles/rb-parser.dir/functions/math/Func_logistic.cpp.o
#11 3307.5 [ 75%] Building CXX object core/CMakeFiles/rb-core.dir/datatypes/phylogenetics/characterdata/AbstractDiscreteTaxonData.cpp.o
#11 3309.8 [ 75%] Building CXX object core/CMakeFiles/rb-core.dir/datatypes/phylogenetics/characterdata/AbstractCharacterData.cpp.o
#11 3311.4 [ 75%] Building CXX object revlanguage/CMakeFiles/rb-parser.dir/functions/math/Func_betaBrokenStick.cpp.o
#11 3313.0 [ 76%] Building CXX object revlanguage/CMakeFiles/rb-parser.dir/functions/math/Func_variance.cpp.o
#11 3315.0 [ 76%] Building CXX object revlanguage/CMakeFiles/rb-parser.dir/functions/math/Func_normalize.cpp.o
#11 3318.0 [ 76%] Building CXX object core/CMakeFiles/rb-core.dir/datatypes/phylogenetics/characterdata/NonHomologousCharacterData.cpp.o
#11 3321.3 [ 76%] Building CXX object core/CMakeFiles/rb-core.dir/datatypes/phylogenetics/characterdata/AbstractNonHomologousDiscreteCharacterData.cpp.o
#11 3324.3 [ 77%] Building CXX object core/CMakeFiles/rb-core.dir/datatypes/phylogenetics/characterdata/HomologousCharacterData.cpp.o
#11 3324.6 [ 77%] Building CXX object revlanguage/CMakeFiles/rb-parser.dir/functions/DistributionFunctionQuantileContinuous.cpp.o
#11 3325.0 [ 77%] Building CXX object revlanguage/CMakeFiles/rb-parser.dir/functions/Procedure.cpp.o
#11 3327.9 [ 77%] Building CXX object core/CMakeFiles/rb-core.dir/datatypes/phylogenetics/characterdata/DiscretizedContinuousCharacterData.cpp.o
#11 3330.5 [ 77%] Building CXX object revlanguage/CMakeFiles/rb-parser.dir/functions/DistributionFunctionCdf.cpp.o
#11 3334.7 [ 77%] Building CXX object revlanguage/CMakeFiles/rb-parser.dir/functions/math_helper/Func_dppConcFromMean.cpp.o
#11 3338.7 [ 77%] Building CXX object revlanguage/CMakeFiles/rb-parser.dir/functions/math_helper/Func_stirling.cpp.o
#11 3344.1 [ 77%] Building CXX object revlanguage/CMakeFiles/rb-parser.dir/functions/math_helper/Func_lnProbability.cpp.o
#11 3345.8 [ 77%] Building CXX object revlanguage/CMakeFiles/rb-parser.dir/functions/math_helper/Func_assembleContinuousMRF.cpp.o
#11 3349.5 [ 77%] Building CXX object core/CMakeFiles/rb-core.dir/datatypes/phylogenetics/characterdata/ContinuousTaxonData.cpp.o
#11 3351.8 [ 77%] Building CXX object core/CMakeFiles/rb-core.dir/datatypes/phylogenetics/characterdata/AbstractTaxonData.cpp.o
#11 3352.5 [ 77%] Building CXX object core/CMakeFiles/rb-core.dir/datatypes/DagNodeMap.cpp.o
#11 3353.0 [ 77%] Building CXX object core/CMakeFiles/rb-core.dir/datatypes/MultiValueEvent.cpp.o
#11 3353.1 [ 77%] Building CXX object core/CMakeFiles/rb-core.dir/datatypes/trees/Clade.cpp.o
#11 3356.6 [ 77%] Building CXX object revlanguage/CMakeFiles/rb-parser.dir/functions/math_helper/Func_dppMeanFromConc.cpp.o
#11 3359.8 [ 77%] Building CXX object core/CMakeFiles/rb-core.dir/datatypes/trees/Tree.cpp.o
#11 3362.1 [ 77%] Building CXX object core/CMakeFiles/rb-core.dir/datatypes/trees/RootedTripletDistribution.cpp.o
#11 3366.5 [ 77%] Building CXX object revlanguage/CMakeFiles/rb-parser.dir/functions/math_helper/Func_SmoothTimeLine.cpp.o
#11 3370.7 [ 77%] Building CXX object revlanguage/CMakeFiles/rb-parser.dir/functions/internal/Func__mod.cpp.o
#11 3377.0 [ 77%] Building CXX object core/CMakeFiles/rb-core.dir/datatypes/trees/TreeChangeEventHandler.cpp.o
#11 3378.1 [ 77%] Building CXX object core/CMakeFiles/rb-core.dir/datatypes/trees/TopologyNode.cpp.o
#11 3379.8 [ 77%] Building CXX object core/CMakeFiles/rb-core.dir/datatypes/Parallelizable.cpp.o
#11 3379.9 [ 77%] Building CXX object core/CMakeFiles/rb-core.dir/datatypes/math/CorrespondenceAnalysis.cpp.o
#11 3384.3 [ 77%] Building CXX object revlanguage/CMakeFiles/rb-parser.dir/functions/internal/Func__and.cpp.o
#11 3386.7 [ 77%] Building CXX object core/CMakeFiles/rb-core.dir/datatypes/math/Simplex.cpp.o
#11 3388.2 [ 77%] Building CXX object revlanguage/CMakeFiles/rb-parser.dir/functions/internal/Func__or.cpp.o
#11 3391.8 [ 77%] Building CXX object core/CMakeFiles/rb-core.dir/datatypes/math/DualityDiagram.cpp.o
#11 3395.4 [ 78%] Building CXX object core/CMakeFiles/rb-core.dir/datatypes/math/OrderedEventTimes.cpp.o
#11 3397.8 [ 79%] Building CXX object revlanguage/CMakeFiles/rb-parser.dir/functions/internal/Func__unot.cpp.o
#11 3398.9 [ 79%] Building CXX object core/CMakeFiles/rb-core.dir/datatypes/math/MatrixComplex.cpp.o
#11 3402.8 [ 79%] Building CXX object revlanguage/CMakeFiles/rb-parser.dir/functions/internal/Func__simplexIndexOperator.cpp.o
#11 3407.5 [ 79%] Building CXX object revlanguage/CMakeFiles/rb-parser.dir/functions/UserFunctionDef.cpp.o
#11 3411.6 [ 79%] Building CXX object core/CMakeFiles/rb-core.dir/datatypes/math/MatrixBoolean.cpp.o
#11 3420.4 [ 79%] Building CXX object revlanguage/CMakeFiles/rb-parser.dir/functions/ConstructorFunction.cpp.o
#11 3424.6 [ 79%] Building CXX object revlanguage/CMakeFiles/rb-parser.dir/functions/popgen/Func_SegregatingSites.cpp.o
#11 3430.1 [ 79%] Building CXX object revlanguage/CMakeFiles/rb-parser.dir/functions/popgen/Func_WattersonTheta.cpp.o
#11 3431.4 [ 79%] Building CXX object revlanguage/CMakeFiles/rb-parser.dir/functions/popgen/Func_TajimasD.cpp.o
#11 3433.6 [ 79%] Building CXX object core/CMakeFiles/rb-core.dir/datatypes/math/TransitionProbabilityMatrix.cpp.o
#11 3441.8 [ 79%] Building CXX object core/CMakeFiles/rb-core.dir/datatypes/math/MatrixReal.cpp.o
#11 3444.4 [ 79%] Building CXX object revlanguage/CMakeFiles/rb-parser.dir/functions/popgen/Func_TajimasPi.cpp.o
#11 3448.0 [ 79%] Building CXX object revlanguage/CMakeFiles/rb-parser.dir/functions/popgen/Func_PattersonsD.cpp.o
#11 3448.3 [ 79%] Building CXX object revlanguage/CMakeFiles/rb-parser.dir/monitors/Mntr_Model.cpp.o
#11 3455.3 [ 79%] Building CXX object core/CMakeFiles/rb-core.dir/datatypes/Serializable.cpp.o
#11 3458.8 [ 79%] Building CXX object core/CMakeFiles/rb-core.dir/datatypes/RbBoolean.cpp.o
#11 3459.4 [ 79%] Building CXX object revlanguage/CMakeFiles/rb-parser.dir/monitors/Mntr_AncestralState.cpp.o
#11 3459.7 [ 79%] Building CXX object core/CMakeFiles/rb-core.dir/analysis/MonteCarloAnalysis.cpp.o
#11 3462.9 [ 79%] Building CXX object revlanguage/CMakeFiles/rb-parser.dir/monitors/RlMonitor.cpp.o
#11 3467.8 [ 79%] Building CXX object core/CMakeFiles/rb-core.dir/analysis/mcmc/MonteCarloSampler.cpp.o
#11 3472.2 [ 79%] Building CXX object revlanguage/CMakeFiles/rb-parser.dir/monitors/Mntr_JointConditionalAncestralState.cpp.o
#11 3475.7 [ 79%] Building CXX object core/CMakeFiles/rb-core.dir/analysis/mcmc/PathSampler.cpp.o
#11 3475.8 [ 79%] Building CXX object revlanguage/CMakeFiles/rb-parser.dir/monitors/Mntr_SiteMixtureAllocation.cpp.o
#11 3477.8 [ 80%] Building CXX object revlanguage/CMakeFiles/rb-parser.dir/monitors/Mntr_Screen.cpp.o
#11 3479.4 [ 80%] Building CXX object core/CMakeFiles/rb-core.dir/analysis/mcmc/WangLandauMcmc.cpp.o
#11 3485.7 [ 80%] Building CXX object core/CMakeFiles/rb-core.dir/analysis/mcmc/SteppingStoneSampler.cpp.o
#11 3488.6 [ 80%] Building CXX object core/CMakeFiles/rb-core.dir/analysis/mcmc/Mcmc.cpp.o
#11 3489.6 [ 80%] Building CXX object revlanguage/CMakeFiles/rb-parser.dir/monitors/Mntr_NexusFile.cpp.o
#11 3490.0 [ 80%] Building CXX object revlanguage/CMakeFiles/rb-parser.dir/monitors/RlFileMonitor.cpp.o
#11 3492.0 [ 80%] Building CXX object revlanguage/CMakeFiles/rb-parser.dir/monitors/Mntr_StochasticBranchStateTimes.cpp.o
#11 3500.0 [ 80%] Building CXX object core/CMakeFiles/rb-core.dir/analysis/mcmc/output/Trace.cpp.o
#11 3500.2 [ 80%] Building CXX object revlanguage/CMakeFiles/rb-parser.dir/monitors/Mntr_Probability.cpp.o
#11 3501.0 [ 80%] Building CXX object revlanguage/CMakeFiles/rb-parser.dir/monitors/Mntr_File.cpp.o
#11 3502.8 [ 80%] Building CXX object revlanguage/CMakeFiles/rb-parser.dir/monitors/Mntr_StochasticVariable.cpp.o
#11 3508.5 [ 81%] Building CXX object core/CMakeFiles/rb-core.dir/analysis/mcmc/output/TreeSummary.cpp.o
#11 3512.9 [ 81%] Building CXX object core/CMakeFiles/rb-core.dir/analysis/mcmc/output/JointAncestralStateTrace.cpp.o
#11 3515.1 [ 81%] Building CXX object revlanguage/CMakeFiles/rb-parser.dir/monitors/Mntr_ExtendedNewickFile.cpp.o
#11 3515.2 [ 81%] Building CXX object revlanguage/CMakeFiles/rb-parser.dir/monitors/characterhistory/Mntr_CharacterHistoryNewickFile.cpp.o
#11 3526.6 [ 81%] Building CXX object revlanguage/CMakeFiles/rb-parser.dir/monitors/characterhistory/Mntr_CharacterHistoryNhxFile.cpp.o
#11 3527.7 [ 81%] Building CXX object revlanguage/CMakeFiles/rb-parser.dir/monitors/characterhistory/Mntr_CharacterHistorySummary.cpp.o
#11 3531.4 [ 81%] Building CXX object core/CMakeFiles/rb-core.dir/analysis/mcmc/output/TraceNumeric.cpp.o
#11 3531.5 [ 81%] Building CXX object revlanguage/CMakeFiles/rb-parser.dir/monitors/Mntr_StochasticCharacterMapping.cpp.o
#11 3537.9 [ 81%] Building CXX object core/CMakeFiles/rb-core.dir/analysis/mcmc/output/TraceTree.cpp.o
#11 3541.3 [ 81%] Building CXX object revlanguage/CMakeFiles/rb-parser.dir/monitors/Mntr_StochasticBranchRate.cpp.o
#11 3543.2 [ 81%] Building CXX object revlanguage/CMakeFiles/rb-parser.dir/monitors/Mntr_HomeologPhase.cpp.o
#11 3545.9 [ 81%] Building CXX object revlanguage/CMakeFiles/rb-parser.dir/distributions/Dist_Log.cpp.o
#11 3549.9 [ 81%] Building CXX object core/CMakeFiles/rb-core.dir/analysis/mcmc/convergence/SemMin.cpp.o
#11 3553.3 [ 81%] Building CXX object core/CMakeFiles/rb-core.dir/analysis/mcmc/convergence/StationarityTest.cpp.o
#11 3554.7 [ 82%] Building CXX object revlanguage/CMakeFiles/rb-parser.dir/distributions/mixture/Dist_markovTimes.cpp.o
#11 3555.4 [ 82%] Building CXX object core/CMakeFiles/rb-core.dir/analysis/mcmc/convergence/EssMax.cpp.o
#11 3558.4 [ 82%] Building CXX object core/CMakeFiles/rb-core.dir/analysis/mcmc/convergence/GewekeTest.cpp.o
#11 3560.4 [ 82%] Building CXX object core/CMakeFiles/rb-core.dir/analysis/mcmc/convergence/GelmanRubinTest.cpp.o
#11 3563.7 [ 82%] Building CXX object core/CMakeFiles/rb-core.dir/analysis/mcmc/convergence/EssTest.cpp.o
#11 3566.0 [ 82%] Building CXX object core/CMakeFiles/rb-core.dir/analysis/mcmc/Mcmcmc.cpp.o
#11 3569.0 [ 82%] Building CXX object revlanguage/CMakeFiles/rb-parser.dir/distributions/mixture/Dist_AutocorrelatedEvent.cpp.o
#11 3569.3 [ 82%] Building CXX object core/CMakeFiles/rb-core.dir/analysis/mcmc/MarginalLikelihoodEstimator.cpp.o
#11 3574.2 [ 82%] Building CXX object core/CMakeFiles/rb-core.dir/analysis/MaximumLikelihoodEstimation.cpp.o
#11 3579.3 [ 82%] Building CXX object revlanguage/CMakeFiles/rb-parser.dir/distributions/mixture/Dist_MultiValueEvent.cpp.o
#11 3580.5 [ 82%] Building CXX object core/CMakeFiles/rb-core.dir/analysis/ValidationAnalysis.cpp.o
#11 3582.6 [ 82%] Building CXX object core/CMakeFiles/rb-core.dir/analysis/PowerPosteriorAnalysis.cpp.o
#11 3590.1 [ 83%] Building CXX object core/CMakeFiles/rb-core.dir/analysis/MaximumLikelihoodAnalysis.cpp.o
#11 3592.2 [ 83%] Building CXX object core/CMakeFiles/rb-core.dir/analysis/PosteriorPredictiveAnalysis.cpp.o
#11 3596.1 [ 83%] Building CXX object core/CMakeFiles/rb-core.dir/analysis/BootstrapAnalysis.cpp.o
#11 3599.4 [ 83%] Building CXX object revlanguage/CMakeFiles/rb-parser.dir/distributions/RlPositiveContinuousDistribution.cpp.o
#11 3600.3 [ 83%] Building CXX object core/CMakeFiles/rb-core.dir/analysis/Model.cpp.o
#11 3602.0 [ 83%] Building CXX object core/CMakeFiles/rb-core.dir/analysis/PosteriorPredictiveSimulation.cpp.o
#11 3606.6 [ 83%] Building CXX object core/CMakeFiles/rb-core.dir/analysis/stoppingRule/StoppingRule.cpp.o
#11 3607.4 [ 83%] Building CXX object core/CMakeFiles/rb-core.dir/analysis/stoppingRule/MinEssStoppingRule.cpp.o
#11 3607.5 [ 83%] Building CXX object revlanguage/CMakeFiles/rb-parser.dir/distributions/phylogenetics/branchrate/Dist_PhyloMultivariateBrownianMultiSampleREML.cpp.o
#11 3614.9 [ 83%] Building CXX object core/CMakeFiles/rb-core.dir/analysis/stoppingRule/MaxTimeStoppingRule.cpp.o
#11 3616.5 [ 83%] Building CXX object core/CMakeFiles/rb-core.dir/analysis/stoppingRule/GelmanRubinStoppingRule.cpp.o
#11 3624.3 [ 83%] Building CXX object core/CMakeFiles/rb-core.dir/analysis/stoppingRule/AbstractConvergenceStoppingRule.cpp.o
#11 3624.4 [ 83%] Building CXX object revlanguage/CMakeFiles/rb-parser.dir/distributions/phylogenetics/branchrate/Dist_PhyloOrnsteinUhlenbeckMVN.cpp.o
#11 3626.8 [ 83%] Building CXX object core/CMakeFiles/rb-core.dir/analysis/stoppingRule/StationarityStoppingRule.cpp.o
#11 3629.7 [ 83%] Building CXX object core/CMakeFiles/rb-core.dir/analysis/stoppingRule/MaxIterationStoppingRule.cpp.o
#11 3630.6 [ 83%] Building CXX object core/CMakeFiles/rb-core.dir/analysis/stoppingRule/GewekeStoppingRule.cpp.o
#11 3632.9 [ 83%] Building CXX object revlanguage/CMakeFiles/rb-parser.dir/distributions/phylogenetics/branchrate/Dist_PhyloMultiSampleOrnsteinUhlenbeckREML.cpp.o
#11 3634.7 [ 83%] Building CXX object core/CMakeFiles/rb-core.dir/analysis/HillClimber.cpp.o
#11 3638.5 [ 83%] Building CXX object revlanguage/CMakeFiles/rb-parser.dir/distributions/phylogenetics/branchrate/Dist_PhyloOrnsteinUhlenbeckPruning.cpp.o
#11 3645.7 [ 84%] Linking CXX static library librb-core.a
#11 3647.8 [ 84%] Built target rb-core
#11 3647.8 [ 84%] Building CXX object revlanguage/CMakeFiles/rb-parser.dir/distributions/phylogenetics/branchrate/Dist_PhyloBrownianMVN.cpp.o
#11 3649.6 [ 84%] Building CXX object revlanguage/CMakeFiles/rb-parser.dir/distributions/phylogenetics/branchrate/Dist_PhyloOrnsteinUhlenbeck.cpp.o
#11 3659.1 [ 84%] Building CXX object revlanguage/CMakeFiles/rb-parser.dir/distributions/phylogenetics/branchrate/Dist_PhyloMultivariateBrownianREML.cpp.o
#11 3664.2 [ 84%] Building CXX object revlanguage/CMakeFiles/rb-parser.dir/distributions/phylogenetics/branchrate/Dist_PhyloBrownianMultiSampleREML.cpp.o
#11 3671.2 [ 84%] Building CXX object revlanguage/CMakeFiles/rb-parser.dir/distributions/phylogenetics/branchrate/Dist_PhyloBrownianREML.cpp.o
#11 3672.5 [ 84%] Building CXX object revlanguage/CMakeFiles/rb-parser.dir/distributions/phylogenetics/branchrate/Dist_PhyloOrnsteinUhlenbeckThreePoint.cpp.o
#11 3684.2 [ 85%] Building CXX object revlanguage/CMakeFiles/rb-parser.dir/distributions/phylogenetics/branchrate/Dist_PhyloBrownian.cpp.o
#11 3690.2 [ 85%] Building CXX object revlanguage/CMakeFiles/rb-parser.dir/distributions/phylogenetics/branchrate/Dist_PhyloWhiteNoise.cpp.o
#11 3698.3 [ 85%] Building CXX object revlanguage/CMakeFiles/rb-parser.dir/distributions/phylogenetics/branchrate/Dist_PhyloMultiSampleOrnsteinUhlenbeck.cpp.o
#11 3699.7 [ 85%] Building CXX object revlanguage/CMakeFiles/rb-parser.dir/distributions/phylogenetics/branchrate/Dist_PhyloMvtBrownian.cpp.o
#11 3708.5 [ 85%] Building CXX object revlanguage/CMakeFiles/rb-parser.dir/distributions/phylogenetics/branchrate/Dist_PhyloBranchRateBM.cpp.o
#11 3715.8 [ 85%] Building CXX object revlanguage/CMakeFiles/rb-parser.dir/distributions/phylogenetics/tree/Dist_ConstrainedNodeOrder.cpp.o
#11 3723.2 [ 85%] Building CXX object revlanguage/CMakeFiles/rb-parser.dir/distributions/phylogenetics/tree/Dist_conditionedBirthDeathShiftProcessContinuous.cpp.o
#11 3729.2 [ 85%] Building CXX object revlanguage/CMakeFiles/rb-parser.dir/distributions/phylogenetics/tree/Dist_FBDSP.cpp.o
#11 3734.2 [ 85%] Building CXX object revlanguage/CMakeFiles/rb-parser.dir/distributions/phylogenetics/tree/Dist_multispeciesCoalescentInverseGammaPrior.cpp.o
#11 3739.1 [ 85%] Building CXX object revlanguage/CMakeFiles/rb-parser.dir/distributions/phylogenetics/tree/Dist_TimeVaryingStateDependentSpeciationExtinctionProcess.cpp.o
#11 3753.6 [ 85%] Building CXX object revlanguage/CMakeFiles/rb-parser.dir/distributions/phylogenetics/tree/Dist_GLHBDSP.cpp.o
#11 3755.8 [ 85%] Building CXX object revlanguage/CMakeFiles/rb-parser.dir/distributions/phylogenetics/tree/Dist_episodicBirthDeath.cpp.o
#11 3765.2 [ 85%] Building CXX object revlanguage/CMakeFiles/rb-parser.dir/distributions/phylogenetics/tree/Dist_multispeciesCoalescentUniformPrior.cpp.o
#11 3766.2 [ 85%] Building CXX object revlanguage/CMakeFiles/rb-parser.dir/distributions/phylogenetics/tree/Dist_BDSTP.cpp.o
#11 3781.1 [ 85%] Building CXX object revlanguage/CMakeFiles/rb-parser.dir/distributions/phylogenetics/tree/Dist_uniformTimeTree.cpp.o
#11 3782.7 [ 86%] Building CXX object revlanguage/CMakeFiles/rb-parser.dir/distributions/phylogenetics/tree/Dist_BirthDeathBurstProcess.cpp.o
#11 3789.0 [ 86%] Building CXX object revlanguage/CMakeFiles/rb-parser.dir/distributions/phylogenetics/tree/Dist_uniformSerialSampledTimeTree.cpp.o
#11 3791.5 [ 86%] Building CXX object revlanguage/CMakeFiles/rb-parser.dir/distributions/phylogenetics/tree/Dist_Coalescent.cpp.o
#11 3807.8 [ 86%] Building CXX object revlanguage/CMakeFiles/rb-parser.dir/distributions/phylogenetics/tree/Dist_WeightedConstrainedNodeOrder.cpp.o
#11 3810.2 [ 86%] Building CXX object revlanguage/CMakeFiles/rb-parser.dir/distributions/phylogenetics/tree/Dist_uniformTopology.cpp.o
#11 3814.4 [ 86%] Building CXX object revlanguage/CMakeFiles/rb-parser.dir/distributions/phylogenetics/tree/Dist_bdp.cpp.o
#11 3822.4 [ 86%] Building CXX object revlanguage/CMakeFiles/rb-parser.dir/distributions/phylogenetics/tree/Dist_DuplicationLoss.cpp.o
#11 3830.0 [ 86%] Building CXX object revlanguage/CMakeFiles/rb-parser.dir/distributions/phylogenetics/tree/Dist_sampledSpeciationBirthDeathProcess.cpp.o
#11 3834.6 [ 86%] Building CXX object revlanguage/CMakeFiles/rb-parser.dir/distributions/phylogenetics/tree/Dist_BranchRateTree.cpp.o
#11 3840.0 [ 86%] Building CXX object revlanguage/CMakeFiles/rb-parser.dir/distributions/phylogenetics/tree/Dist_MultispeciesCoalescentMigration.cpp.o
#11 3848.4 [ 86%] Building CXX object revlanguage/CMakeFiles/rb-parser.dir/distributions/phylogenetics/tree/Dist_FBDP.cpp.o
#11 3861.8 [ 86%] Building CXX object revlanguage/CMakeFiles/rb-parser.dir/distributions/phylogenetics/tree/RlBirthDeathProcess.cpp.o
#11 3865.8 [ 86%] Building CXX object revlanguage/CMakeFiles/rb-parser.dir/distributions/phylogenetics/tree/Dist_CharacterDependentBirthDeathProcess.cpp.o
#11 3869.5 [ 86%] Building CXX object revlanguage/CMakeFiles/rb-parser.dir/distributions/phylogenetics/tree/Dist_PhylodynamicBDP.cpp.o
#11 3872.8 [ 87%] Building CXX object revlanguage/CMakeFiles/rb-parser.dir/distributions/phylogenetics/tree/Dist_outgroupBirthDeath.cpp.o
#11 3885.9 [ 87%] Building CXX object revlanguage/CMakeFiles/rb-parser.dir/distributions/phylogenetics/tree/Dist_CoalescentDemography.cpp.o
#11 3892.2 [ 87%] Building CXX object revlanguage/CMakeFiles/rb-parser.dir/distributions/phylogenetics/tree/Dist_heterogeneousRateBirthDeath.cpp.o
#11 3896.2 [ 87%] Building CXX object revlanguage/CMakeFiles/rb-parser.dir/distributions/phylogenetics/tree/Dist_uniformTopologyBranchLength.cpp.o
#11 3897.7 [ 87%] Building CXX object revlanguage/CMakeFiles/rb-parser.dir/distributions/phylogenetics/tree/Dist_occurrenceBirthDeathProcess.cpp.o
#11 3920.3 [ 87%] Building CXX object revlanguage/CMakeFiles/rb-parser.dir/distributions/phylogenetics/tree/Dist_UltrametricTree.cpp.o
#11 3922.4 [ 87%] Building CXX object revlanguage/CMakeFiles/rb-parser.dir/distributions/phylogenetics/tree/Dist_divDepYuleProcess.cpp.o
#11 3924.9 [ 87%] Building CXX object revlanguage/CMakeFiles/rb-parser.dir/distributions/phylogenetics/tree/Dist_ConstrainedNodeAge.cpp.o
#11 3926.6 [ 87%] Building CXX object revlanguage/CMakeFiles/rb-parser.dir/distributions/phylogenetics/tree/Dist_ConstrainedUnrootedTopology.cpp.o
#11 3947.1 [ 87%] Building CXX object revlanguage/CMakeFiles/rb-parser.dir/distributions/phylogenetics/tree/Dist_bdp_complete.cpp.o
#11 3947.7 [ 87%] Building CXX object revlanguage/CMakeFiles/rb-parser.dir/distributions/phylogenetics/tree/Dist_ConstrainedTopology.cpp.o
#11 3948.9 [ 87%] Building CXX object revlanguage/CMakeFiles/rb-parser.dir/distributions/phylogenetics/tree/Dist_CoalescentSkyline.cpp.o
#11 3957.3 [ 87%] Building CXX object revlanguage/CMakeFiles/rb-parser.dir/distributions/phylogenetics/tree/Dist_constPopMultispCoal.cpp.o
#11 3971.1 [ 87%] Building CXX object revlanguage/CMakeFiles/rb-parser.dir/distributions/phylogenetics/tree/Dist_empiricalTree.cpp.o
#11 3978.3 [ 88%] Building CXX object revlanguage/CMakeFiles/rb-parser.dir/distributions/phylogenetics/tree/Dist_ConstrainedTopologySSE.cpp.o
#11 3981.0 [ 88%] Building CXX object revlanguage/CMakeFiles/rb-parser.dir/distributions/phylogenetics/character/Dist_CTMC.cpp.o
#11 3982.8 [ 88%] Building CXX object revlanguage/CMakeFiles/rb-parser.dir/distributions/phylogenetics/character/Dist_phyloDistanceGamma.cpp.o
#11 3998.0 [ 88%] Building CXX object revlanguage/CMakeFiles/rb-parser.dir/distributions/phylogenetics/character/Dist_phyloCTMCDASiteIID.cpp.o
#11 4008.0 [ 88%] Building CXX object revlanguage/CMakeFiles/rb-parser.dir/distributions/phylogenetics/character/Dist_phyloCTMC.cpp.o
#11 4011.1 [ 88%] Building CXX object revlanguage/CMakeFiles/rb-parser.dir/distributions/phylogenetics/character/Dist_phyloCTMCDASequence.cpp.o
#11 4040.4 [ 88%] Building CXX object revlanguage/CMakeFiles/rb-parser.dir/distributions/phylogenetics/character/Dist_phyloCTMCDollo.cpp.o
#11 4068.6 [ 88%] Building CXX object revlanguage/CMakeFiles/rb-parser.dir/distributions/phylogenetics/character/Dist_PhyloCTMCClado.cpp.o
#11 4083.1 [ 88%] Building CXX object revlanguage/CMakeFiles/rb-parser.dir/distributions/phylogenetics/matrix/Dist_FBDRP.cpp.o
#11 4096.1 [ 88%] Building CXX object revlanguage/CMakeFiles/rb-parser.dir/distributions/phylogenetics/Dist_MPEST.cpp.o
#11 4110.1 [ 88%] Building CXX object revlanguage/CMakeFiles/rb-parser.dir/distributions/transforms/Transform_Vector_Logit.cpp.o
#11 4122.7 [ 88%] Building CXX object revlanguage/CMakeFiles/rb-parser.dir/distributions/transforms/Transform_Logit.cpp.o
#11 4133.5 [ 88%] Building CXX object revlanguage/CMakeFiles/rb-parser.dir/distributions/transforms/Transform_Sub1.cpp.o
#11 4146.5 [ 88%] Building CXX object revlanguage/CMakeFiles/rb-parser.dir/distributions/transforms/Transform_Log.cpp.o
#11 4152.8 [ 88%] Building CXX object revlanguage/CMakeFiles/rb-parser.dir/distributions/transforms/Transform_Vector_Invlogit.cpp.o
#11 4154.9 [ 89%] Building CXX object revlanguage/CMakeFiles/rb-parser.dir/distributions/transforms/Transform_Sub2.cpp.o
#11 4156.7 [ 89%] Building CXX object revlanguage/CMakeFiles/rb-parser.dir/distributions/transforms/Transform_Vector_Exp.cpp.o
#11 4170.4 [ 89%] Building CXX object revlanguage/CMakeFiles/rb-parser.dir/distributions/transforms/Transform_InvLogit.cpp.o
#11 4179.0 [ 89%] Building CXX object revlanguage/CMakeFiles/rb-parser.dir/distributions/transforms/Transform_Vector_Log.cpp.o
#11 4179.8 [ 89%] Building CXX object revlanguage/CMakeFiles/rb-parser.dir/distributions/transforms/Transforms.cpp.o
#11 4182.7 [ 89%] Building CXX object revlanguage/CMakeFiles/rb-parser.dir/distributions/transforms/Transform_Exp.cpp.o
#11 4185.1 [ 89%] Building CXX object revlanguage/CMakeFiles/rb-parser.dir/distributions/RlContinuousDistribution.cpp.o
#11 4193.8 [ 89%] Building CXX object revlanguage/CMakeFiles/rb-parser.dir/distributions/RlProbabilityContinuousDistribution.cpp.o
#11 4202.0 [ 89%] Building CXX object revlanguage/CMakeFiles/rb-parser.dir/distributions/math/Dist_whiteNoise.cpp.o
#11 4206.2 [ 89%] Building CXX object revlanguage/CMakeFiles/rb-parser.dir/distributions/math/Dist_multinomial.cpp.o
#11 4208.1 [ 89%] Building CXX object revlanguage/CMakeFiles/rb-parser.dir/distributions/math/Dist_unif.cpp.o
#11 4213.7 [ 89%] Building CXX object revlanguage/CMakeFiles/rb-parser.dir/distributions/math/Dist_normTruncatedPositive.cpp.o
#11 4217.6 [ 89%] Building CXX object revlanguage/CMakeFiles/rb-parser.dir/distributions/math/Dist_softBoundUniformNormal.cpp.o
#11 4220.1 [ 89%] Building CXX object revlanguage/CMakeFiles/rb-parser.dir/distributions/math/Dist_bivariatePoisson.cpp.o
#11 4225.9 [ 90%] Building CXX object revlanguage/CMakeFiles/rb-parser.dir/distributions/math/Dist_inverseGamma.cpp.o
#11 4230.0 [ 90%] Building CXX object revlanguage/CMakeFiles/rb-parser.dir/distributions/math/Dist_beta.cpp.o
#11 4237.0 [ 90%] Building CXX object revlanguage/CMakeFiles/rb-parser.dir/distributions/math/Dist_logUniform.cpp.o
#11 4238.2 [ 90%] Building CXX object revlanguage/CMakeFiles/rb-parser.dir/distributions/math/Process_OrnsteinUhlenbeck.cpp.o
#11 4242.1 [ 90%] Building CXX object revlanguage/CMakeFiles/rb-parser.dir/distributions/math/Dist_bimodalLnorm.cpp.o
#11 4248.6 [ 90%] Building CXX object revlanguage/CMakeFiles/rb-parser.dir/distributions/math/Dist_exponential.cpp.o
#11 4251.0 [ 90%] Building CXX object revlanguage/CMakeFiles/rb-parser.dir/distributions/math/Dist_UniformInteger.cpp.o
#11 4251.1 [ 90%] Building CXX object revlanguage/CMakeFiles/rb-parser.dir/distributions/math/Dist_gamma.cpp.o
#11 4255.0 [ 90%] Building CXX object revlanguage/CMakeFiles/rb-parser.dir/distributions/math/Dist_bimodalNorm.cpp.o
#11 4262.0 [ 90%] Building CXX object revlanguage/CMakeFiles/rb-parser.dir/distributions/math/Dist_Cauchy.cpp.o
#11 4263.7 [ 90%] Building CXX object revlanguage/CMakeFiles/rb-parser.dir/distributions/math/Dist_normTruncated.cpp.o
#11 4268.0 [ 90%] Building CXX object revlanguage/CMakeFiles/rb-parser.dir/distributions/math/Dist_pointMass.cpp.o
#11 4274.1 [ 90%] Building CXX object revlanguage/CMakeFiles/rb-parser.dir/distributions/math/Dist_logExponential.cpp.o
#11 4275.7 [ 90%] Building CXX object revlanguage/CMakeFiles/rb-parser.dir/distributions/math/Dist_chisq.cpp.o
#11 4276.0 [ 90%] Building CXX object revlanguage/CMakeFiles/rb-parser.dir/distributions/math/Dist_varianceGamma.cpp.o
#11 4279.1 [ 91%] Building CXX object revlanguage/CMakeFiles/rb-parser.dir/distributions/math/Dist_halfCauchy.cpp.o
#11 4284.6 [ 91%] Building CXX object revlanguage/CMakeFiles/rb-parser.dir/distributions/math/Dist_inverseWishart.cpp.o
#11 4286.5 [ 91%] Building CXX object revlanguage/CMakeFiles/rb-parser.dir/distributions/math/Dist_halfCauchyPositive.cpp.o
#11 4287.0 [ 91%] Building CXX object revlanguage/CMakeFiles/rb-parser.dir/distributions/math/Dist_decomposedInverseWishart.cpp.o
#11 4290.5 [ 91%] Building CXX object revlanguage/CMakeFiles/rb-parser.dir/distributions/math/Dist_nbinomial.cpp.o
#11 4298.9 [ 91%] Building CXX object revlanguage/CMakeFiles/rb-parser.dir/distributions/math/Dist_halfNormalPositive.cpp.o
#11 4309.9 [ 91%] Building CXX object revlanguage/CMakeFiles/rb-parser.dir/distributions/math/Dist_exponentialNegativeOffset.cpp.o
#11 4311.1 [ 91%] Building CXX object revlanguage/CMakeFiles/rb-parser.dir/distributions/math/Dist_UniformNatural.cpp.o
#11 4313.9 [ 91%] Building CXX object revlanguage/CMakeFiles/rb-parser.dir/distributions/math/Dist_categorical.cpp.o
#11 4315.8 [ 91%] Building CXX object revlanguage/CMakeFiles/rb-parser.dir/distributions/math/Dist_unifPositive.cpp.o
#11 4321.6 [ 91%] Building CXX object revlanguage/CMakeFiles/rb-parser.dir/distributions/math/Dist_pointMassPositive.cpp.o
#11 4326.5 [ 91%] Building CXX object revlanguage/CMakeFiles/rb-parser.dir/distributions/math/Dist_Laplace.cpp.o
#11 4332.4 [ 91%] Building CXX object revlanguage/CMakeFiles/rb-parser.dir/distributions/math/Dist_bernoulli.cpp.o
#11 4333.9 [ 91%] Building CXX object revlanguage/CMakeFiles/rb-parser.dir/distributions/math/Dist_lnormNegativeOffset.cpp.o
#11 4336.2 [ 92%] Building CXX object revlanguage/CMakeFiles/rb-parser.dir/distributions/math/Dist_norm.cpp.o
#11 4337.7 [ 92%] Building CXX object revlanguage/CMakeFiles/rb-parser.dir/distributions/math/Dist_LKJPartial.cpp.o
#11 4345.6 [ 92%] Building CXX object revlanguage/CMakeFiles/rb-parser.dir/distributions/math/Dist_multivariateNorm.cpp.o
#11 4347.8 [ 92%] Building CXX object revlanguage/CMakeFiles/rb-parser.dir/distributions/math/Dist_LKJ.cpp.o
#11 4356.2 [ 92%] Building CXX object revlanguage/CMakeFiles/rb-parser.dir/distributions/math/Dist_lnorm.cpp.o
#11 4361.7 [ 92%] Building CXX object revlanguage/CMakeFiles/rb-parser.dir/distributions/math/Dist_cppNormal.cpp.o
#11 4367.6 [ 92%] Building CXX object revlanguage/CMakeFiles/rb-parser.dir/distributions/math/Dist_halfNormal.cpp.o
#11 4369.3 [ 92%] Building CXX object revlanguage/CMakeFiles/rb-parser.dir/distributions/math/Dist_dirichlet.cpp.o
#11 4371.2 [ 92%] Building CXX object revlanguage/CMakeFiles/rb-parser.dir/distributions/math/Dist_studentT.cpp.o
#11 4373.0 [ 92%] Building CXX object revlanguage/CMakeFiles/rb-parser.dir/distributions/math/Dist_geom.cpp.o
#11 4379.1 [ 92%] Building CXX object revlanguage/CMakeFiles/rb-parser.dir/distributions/math/Dist_unifProbability.cpp.o
#11 4383.1 [ 92%] Building CXX object revlanguage/CMakeFiles/rb-parser.dir/distributions/math/Dist_binomial.cpp.o
#11 4391.4 [ 92%] Building CXX object revlanguage/CMakeFiles/rb-parser.dir/distributions/math/Dist_exponentialError.cpp.o
#11 4393.3 [ 92%] Building CXX object revlanguage/CMakeFiles/rb-parser.dir/distributions/math/Dist_scaledDirichlet.cpp.o
#11 4397.5 [ 92%] Building CXX object revlanguage/CMakeFiles/rb-parser.dir/distributions/math/Dist_wishart.cpp.o
#11 4406.8 [ 93%] Building CXX object revlanguage/CMakeFiles/rb-parser.dir/distributions/math/Dist_poisson.cpp.o
#11 4415.9 [ 93%] Building CXX object revlanguage/CMakeFiles/rb-parser.dir/distributions/math/Dist_GilbertGraph.cpp.o
#11 4416.7 [ 93%] Building CXX object revlanguage/CMakeFiles/rb-parser.dir/distributions/Dist_MultivariateLog.cpp.o
#11 4421.5 [ 93%] Building CXX object revlanguage/CMakeFiles/rb-parser.dir/distributions/RlDistribution.cpp.o
#11 4428.9 [ 93%] Building CXX object revlanguage/CMakeFiles/rb-parser.dir/ui/RlUserInterface.cpp.o
#11 4431.1 [ 93%] Building CXX object revlanguage/CMakeFiles/rb-parser.dir/ui/RevClient.cpp.o
#11 4435.6 [ 93%] Building CXX object revlanguage/CMakeFiles/rb-parser.dir/ui/RlStringOutputStream.cpp.o
#11 4436.3 [ 93%] Building CXX object revlanguage/CMakeFiles/rb-parser.dir/ui/RlCommandLineOutputStream.cpp.o
#11 4437.2 [ 93%] Building CXX object revlanguage/CMakeFiles/rb-parser.dir/datatypes/RevObject.cpp.o
#11 4441.8 [ 93%] Building CXX object revlanguage/CMakeFiles/rb-parser.dir/datatypes/RevNullObject.cpp.o
#11 4444.0 [ 93%] Building CXX object revlanguage/CMakeFiles/rb-parser.dir/datatypes/phylogenetics/geography/RlRegionalFeatureLayer.cpp.o
#11 4444.3 [ 93%] Building CXX object revlanguage/CMakeFiles/rb-parser.dir/datatypes/phylogenetics/geography/RlRegionalFeatures.cpp.o
#11 4448.5 [ 93%] Building CXX object revlanguage/CMakeFiles/rb-parser.dir/datatypes/phylogenetics/geography/RlAtlas.cpp.o
#11 4454.9 [ 93%] Building CXX object revlanguage/CMakeFiles/rb-parser.dir/datatypes/phylogenetics/RlRelativeNodeAgeWeightedConstraints.cpp.o
#11 4467.8 [ 94%] Building CXX object revlanguage/CMakeFiles/rb-parser.dir/datatypes/phylogenetics/demography/RlDemographicFunction.cpp.o
#11 4472.2 [ 94%] Building CXX object revlanguage/CMakeFiles/rb-parser.dir/datatypes/phylogenetics/demography/RlConstantDemographicFunction.cpp.o
#11 4474.2 [ 94%] Building CXX object revlanguage/CMakeFiles/rb-parser.dir/datatypes/phylogenetics/demography/RlExponentialDemographicFunction.cpp.o
#11 4480.1 [ 94%] Building CXX object revlanguage/CMakeFiles/rb-parser.dir/datatypes/phylogenetics/demography/RlLinearDemographicFunction.cpp.o
#11 4484.1 [ 94%] Building CXX object revlanguage/CMakeFiles/rb-parser.dir/datatypes/phylogenetics/character/RlNaturalNumbersState.cpp.o
#11 4485.9 [ 94%] Building CXX object revlanguage/CMakeFiles/rb-parser.dir/datatypes/phylogenetics/character/RlRnaState.cpp.o
#11 4486.0 [ 94%] Building CXX object revlanguage/CMakeFiles/rb-parser.dir/datatypes/phylogenetics/character/RlStandardState.cpp.o
#11 4491.7 [ 94%] Building CXX object revlanguage/CMakeFiles/rb-parser.dir/datatypes/phylogenetics/character/RlDiscretizedContinuousState.cpp.o
#11 4498.6 [ 94%] Building CXX object revlanguage/CMakeFiles/rb-parser.dir/datatypes/phylogenetics/character/RlAminoAcidState.cpp.o
#11 4499.7 [ 94%] Building CXX object revlanguage/CMakeFiles/rb-parser.dir/datatypes/phylogenetics/character/RlDiscreteCharacterState.cpp.o
#11 4499.9 [ 94%] Building CXX object revlanguage/CMakeFiles/rb-parser.dir/datatypes/phylogenetics/character/RlDnaState.cpp.o
#11 4506.0 [ 94%] Building CXX object revlanguage/CMakeFiles/rb-parser.dir/datatypes/phylogenetics/character/RlPoMoState.cpp.o
#11 4512.5 [ 94%] Building CXX object revlanguage/CMakeFiles/rb-parser.dir/datatypes/phylogenetics/RlDistanceMatrix.cpp.o
#11 4513.1 [ 94%] Building CXX object revlanguage/CMakeFiles/rb-parser.dir/datatypes/phylogenetics/RlRelativeNodeAgeConstraints.cpp.o
#11 4513.9 [ 95%] Building CXX object revlanguage/CMakeFiles/rb-parser.dir/datatypes/phylogenetics/trees/RlRootedTripletDistribution.cpp.o
#11 4520.6 [ 95%] Building CXX object revlanguage/CMakeFiles/rb-parser.dir/datatypes/phylogenetics/trees/RlTimeTree.cpp.o
#11 4528.3 [ 95%] Building CXX object revlanguage/CMakeFiles/rb-parser.dir/datatypes/phylogenetics/trees/RlClade.cpp.o
#11 4536.4 [ 95%] Building CXX object revlanguage/CMakeFiles/rb-parser.dir/datatypes/phylogenetics/trees/RlTree.cpp.o
#11 4545.7 [ 95%] Building CXX object revlanguage/CMakeFiles/rb-parser.dir/datatypes/phylogenetics/trees/RlBranchLengthTree.cpp.o
#11 4547.0 [ 95%] Building CXX object revlanguage/CMakeFiles/rb-parser.dir/datatypes/phylogenetics/RlTaxon.cpp.o
#11 4553.1 [ 95%] Building CXX object revlanguage/CMakeFiles/rb-parser.dir/datatypes/phylogenetics/RlAverageDistanceMatrix.cpp.o
#11 4559.9 [ 95%] Building CXX object revlanguage/CMakeFiles/rb-parser.dir/datatypes/phylogenetics/characterhistory/RlCharacterHistoryRateModifier.cpp.o
#11 4561.0 [ 95%] Building CXX object revlanguage/CMakeFiles/rb-parser.dir/datatypes/phylogenetics/characterdata/RlDiscretizedContinuousCharacterData.cpp.o
#11 4573.2 [ 95%] Building CXX object revlanguage/CMakeFiles/rb-parser.dir/datatypes/phylogenetics/characterdata/RlContinuousTaxonData.cpp.o
#11 4574.3 [ 95%] Building CXX object revlanguage/CMakeFiles/rb-parser.dir/datatypes/phylogenetics/characterdata/RlAbstractCharacterData.cpp.o
#11 4575.5 [ 95%] Building CXX object revlanguage/CMakeFiles/rb-parser.dir/datatypes/phylogenetics/characterdata/RlNonHomologousCharacterData.cpp.o
#11 4586.5 [ 95%] Building CXX object revlanguage/CMakeFiles/rb-parser.dir/datatypes/phylogenetics/characterdata/RlAbstractNonHomologousDiscreteCharacterData.cpp.o
#11 4586.7 [ 95%] Building CXX object revlanguage/CMakeFiles/rb-parser.dir/datatypes/phylogenetics/characterdata/RlHomologousCharacterData.cpp.o
#11 4587.7 [ 95%] Building CXX object revlanguage/CMakeFiles/rb-parser.dir/datatypes/phylogenetics/characterdata/RlAbstractDiscreteTaxonData.cpp.o
#11 4595.4 [ 96%] Building CXX object revlanguage/CMakeFiles/rb-parser.dir/datatypes/phylogenetics/characterdata/RlContinuousCharacterData.cpp.o
#11 4600.4 [ 96%] Building CXX object revlanguage/CMakeFiles/rb-parser.dir/datatypes/phylogenetics/characterdata/RlAbstractHomologousDiscreteCharacterData.cpp.o
#11 4601.5 [ 96%] Building CXX object revlanguage/CMakeFiles/rb-parser.dir/datatypes/RlMultiValueEvent.cpp.o
#11 4605.9 [ 96%] Building CXX object revlanguage/CMakeFiles/rb-parser.dir/datatypes/WorkspaceObject.cpp.o
#11 4610.9 [ 96%] Building CXX object revlanguage/CMakeFiles/rb-parser.dir/datatypes/AbstractModelObject.cpp.o
#11 4611.1 [ 96%] Building CXX object revlanguage/CMakeFiles/rb-parser.dir/datatypes/basic/RlString.cpp.o
#11 4616.1 [ 96%] Building CXX object revlanguage/CMakeFiles/rb-parser.dir/datatypes/basic/Natural.cpp.o
#11 4617.1 [ 96%] Building CXX object revlanguage/CMakeFiles/rb-parser.dir/datatypes/basic/Integer.cpp.o
#11 4625.9 [ 96%] Building CXX object revlanguage/CMakeFiles/rb-parser.dir/datatypes/basic/Probability.cpp.o
#11 4632.2 [ 96%] Building CXX object revlanguage/CMakeFiles/rb-parser.dir/datatypes/basic/IntegerPos.cpp.o
#11 4633.5 [ 96%] Building CXX object revlanguage/CMakeFiles/rb-parser.dir/datatypes/basic/Real.cpp.o
#11 4633.8 [ 96%] Building CXX object revlanguage/CMakeFiles/rb-parser.dir/datatypes/basic/RealPos.cpp.o
#11 4639.5 [ 96%] Building CXX object revlanguage/CMakeFiles/rb-parser.dir/datatypes/basic/RlBoolean.cpp.o
#11 4647.7 [ 96%] Building CXX object revlanguage/CMakeFiles/rb-parser.dir/datatypes/math/RlSimplex.cpp.o
#11 4647.7 [ 97%] Building CXX object revlanguage/CMakeFiles/rb-parser.dir/datatypes/math/RlRateGeneratorSequence.cpp.o
#11 4649.8 [ 97%] Building CXX object revlanguage/CMakeFiles/rb-parser.dir/datatypes/math/RlRateGenerator.cpp.o
#11 4655.8 [ 97%] Building CXX object revlanguage/CMakeFiles/rb-parser.dir/datatypes/math/RlMatrixReal.cpp.o
#11 4660.8 [ 97%] Building CXX object revlanguage/CMakeFiles/rb-parser.dir/datatypes/math/RlRateMatrix.cpp.o
#11 4670.0 [ 97%] Building CXX object revlanguage/CMakeFiles/rb-parser.dir/datatypes/math/RlCladogeneticProbabilityMatrix.cpp.o
#11 4676.9 [ 97%] Building CXX object revlanguage/CMakeFiles/rb-parser.dir/datatypes/math/RlSiteMixtureModel.cpp.o
#11 4678.0 [ 97%] Building CXX object revlanguage/CMakeFiles/rb-parser.dir/datatypes/math/RlMatrixRealPos.cpp.o
#11 4683.0 [ 97%] Building CXX object revlanguage/CMakeFiles/rb-parser.dir/datatypes/math/RlStochasticMatrix.cpp.o
#11 4684.0 [ 97%] Building CXX object revlanguage/CMakeFiles/rb-parser.dir/datatypes/math/RlCorrespondenceAnalysis.cpp.o
#11 4702.6 [ 97%] Building CXX object revlanguage/CMakeFiles/rb-parser.dir/datatypes/math/RlMatrixBoolean.cpp.o
#11 4706.4 [ 97%] Building CXX object revlanguage/CMakeFiles/rb-parser.dir/datatypes/math/RlOrderedEventTimes.cpp.o
#11 4708.1 [ 97%] Building CXX object revlanguage/CMakeFiles/rb-parser.dir/datatypes/math/RlMatrixRealSymmetric.cpp.o
#11 4711.7 [ 97%] Building CXX object revlanguage/CMakeFiles/rb-parser.dir/datatypes/math/RlSiteModel.cpp.o
#11 4726.2 [ 97%] Building CXX object revlanguage/CMakeFiles/rb-parser.dir/datatypes/math/RlCladogeneticSpeciationRateMatrix.cpp.o
#11 4729.9 [ 97%] Building CXX object revlanguage/CMakeFiles/rb-parser.dir/datatypes/RevAbstractType.cpp.o
#11 4730.2 [ 98%] Building CXX object revlanguage/CMakeFiles/rb-parser.dir/analysis/mcmc/RlMcmcmc.cpp.o
#11 4735.1 [ 98%] Building CXX object revlanguage/CMakeFiles/rb-parser.dir/analysis/mcmc/RlSteppingStoneSampler.cpp.o
#11 4742.3 [ 98%] Building CXX object revlanguage/CMakeFiles/rb-parser.dir/analysis/mcmc/RlMcmc.cpp.o
#11 4745.1 [ 98%] Building CXX object revlanguage/CMakeFiles/rb-parser.dir/analysis/mcmc/RlPathSampler.cpp.o
#11 4746.5 [ 98%] Building CXX object revlanguage/CMakeFiles/rb-parser.dir/analysis/mcmc/output/RlModelTrace.cpp.o
#11 4756.2 [ 98%] Building CXX object revlanguage/CMakeFiles/rb-parser.dir/analysis/mcmc/output/RlAncestralStateTrace.cpp.o
#11 4756.2 [ 98%] Building CXX object revlanguage/CMakeFiles/rb-parser.dir/analysis/mcmc/output/RlBurninEstimationConvergenceAssessment.cpp.o
#11 4758.8 [ 98%] Building CXX object revlanguage/CMakeFiles/rb-parser.dir/analysis/mcmc/output/RlTrace.cpp.o
#11 4759.3 [ 98%] Building CXX object revlanguage/CMakeFiles/rb-parser.dir/analysis/mcmc/output/RlTraceTree.cpp.o
#11 4768.3 [ 98%] Building CXX object revlanguage/CMakeFiles/rb-parser.dir/analysis/mcmc/RlMonteCarloAnalysis.cpp.o
#11 4771.3 [ 98%] Building CXX object revlanguage/CMakeFiles/rb-parser.dir/analysis/RlMaximumLikelihoodAnalysis.cpp.o
#11 4779.9 [ 98%] Building CXX object revlanguage/CMakeFiles/rb-parser.dir/analysis/RlAbstractConvergenceStoppingRule.cpp.o
#11 4782.1 [ 98%] Building CXX object revlanguage/CMakeFiles/rb-parser.dir/analysis/RlBootstrapAnalysis.cpp.o
#11 4782.7 [ 98%] Building CXX object revlanguage/CMakeFiles/rb-parser.dir/analysis/RlValidationAnalysis.cpp.o
#11 4791.1 [ 99%] Building CXX object revlanguage/CMakeFiles/rb-parser.dir/analysis/RlPosteriorPredictiveAnalysis.cpp.o
#11 4793.6 [ 99%] Building CXX object revlanguage/CMakeFiles/rb-parser.dir/analysis/RlHillClimber.cpp.o
#11 4794.5 [ 99%] Building CXX object revlanguage/CMakeFiles/rb-parser.dir/analysis/RlPosteriorPredictiveSimulation.cpp.o
#11 4796.1 [ 99%] Building CXX object revlanguage/CMakeFiles/rb-parser.dir/analysis/RlMinEssStoppingRule.cpp.o
#11 4803.7 [ 99%] Building CXX object revlanguage/CMakeFiles/rb-parser.dir/analysis/RlStoppingRule.cpp.o
#11 4808.2 [ 99%] Building CXX object revlanguage/CMakeFiles/rb-parser.dir/analysis/RlModel.cpp.o
#11 4808.4 [ 99%] Building CXX object revlanguage/CMakeFiles/rb-parser.dir/analysis/RlPowerPosteriorAnalysis.cpp.o
#11 4809.1 [ 99%] Building CXX object revlanguage/CMakeFiles/rb-parser.dir/analysis/RlGelmanRubinStoppingRule.cpp.o
#11 4809.8 [ 99%] Building CXX object revlanguage/CMakeFiles/rb-parser.dir/analysis/RlGewekeStoppingRule.cpp.o
#11 4820.2 [ 99%] Building CXX object revlanguage/CMakeFiles/rb-parser.dir/analysis/RlMaxTimeStoppingRule.cpp.o
#11 4821.3 [ 99%] Building CXX object revlanguage/CMakeFiles/rb-parser.dir/analysis/RlStationarityStoppingRule.cpp.o
#11 4822.4 [ 99%] Building CXX object revlanguage/CMakeFiles/rb-parser.dir/analysis/RlMaxIterationStoppingRule.cpp.o
#11 4822.6 [ 99%] Building CXX object revlanguage/CMakeFiles/rb-parser.dir/RevLanguageMain.cpp.o
#11 4828.6 [ 99%] Building CXX object revlanguage/CMakeFiles/rb-parser.dir/main.cpp.o
#11 4837.6 [100%] Linking CXX static library librb-parser.a
#11 4843.7 [100%] Built target rb-parser
#11 4843.7 [100%] Building CXX object CMakeFiles/rb-help2yml.dir/help2yml/main.cpp.o
#11 4843.7 [100%] Building CXX object CMakeFiles/rb.dir/revlanguage/main.cpp.o
#11 4848.0 [100%] Linking CXX executable ../rb-help2yml
#11 4852.1 [100%] Linking CXX executable rb
#11 4857.2 [100%] Built target rb-help2yml
#11 4860.9 [100%] Built target rb
#11 DONE 4861.2s

#12 [ 8/18] RUN ln -s /revbayes/projects/cmake/build/rb /usr/local/bin/rb
#12 DONE 0.2s

#13 [ 9/18] RUN git clone https://bitbucket.org/mrmay/tensorphylo.git /tensorphylo
#13 0.216 Cloning into '/tensorphylo'...
#13 DONE 6.9s

#14 [10/18] WORKDIR /tensorphylo/
#14 DONE 0.0s

#15 [11/18] RUN git checkout tree-inference
#15 0.367 branch 'tree-inference' set up to track 'origin/tree-inference'.
#15 0.369 Switched to a new branch 'tree-inference'
#15 DONE 0.4s

#16 [12/18] WORKDIR /tensorphylo/build/installer/
#16 DONE 0.0s

#17 [13/18] RUN bash install.sh &&     mkdir /.plugins &&     cp /tensorphylo/build/installer/lib/libTensorPhylo.so /.plugins/libTensorPhylo.so
#17 0.212 The installation will proceed for a 'Linux' system and will take several minutes (with 4 processors).
#17 0.218 ########################################
#17 0.218 Checking your installation
#17 0.275 > connection established successfully
#17 0.276 > curl found: /usr/bin/curl
#17 0.277 > python found: /usr/local/bin/python
#17 0.279 > autoconf/automake found: /usr/bin/autoconf
#17 0.281 > make found: /usr/bin/make
#17 0.282 > unzip found: /usr/bin/unzip
#17 0.284 > perl found: /usr/bin/perl
#17 0.286 > compiler found: /usr/bin/g++
#17 0.778 > compiler is c++11 compatible
#17 1.742 > local scons has been installed
#17 1.742 ########################################
#17 1.742 
#17 1.742 ########################################
#17 1.742 Downloading boost locally
#17 1.742 .. will take a few minutes..
#17 36.50 > boost available in: /tensorphylo/build/installer/build/tmp/boost_1_73_0
#17 36.50 > done
#17 36.50 ########################################
#17 36.50 
#17 36.50 ########################################
#17 36.50 Downloading eigen c++ locally
#17 36.50 .. will take a few seconds..
#17 36.97 Archive:  eigen.zip
#17 36.97 3147391d946bb4b6c68edd901f2add6ac1f31f8c
#17 36.98    creating: eigen-3.4.0/
#17 36.98   inflating: eigen-3.4.0/.gitignore  
#17 36.98   inflating: eigen-3.4.0/.gitlab-ci.yml  
#17 36.98    creating: eigen-3.4.0/.gitlab/
#17 36.98    creating: eigen-3.4.0/.gitlab/issue_templates/
#17 36.98   inflating: eigen-3.4.0/.gitlab/issue_templates/Bug Report.md  
#17 36.98   inflating: eigen-3.4.0/.gitlab/issue_templates/Feature Request.md  
#17 36.98    creating: eigen-3.4.0/.gitlab/merge_request_templates/
#17 36.98   inflating: eigen-3.4.0/.gitlab/merge_request_templates/Merge Request Template.md  
#17 36.98   inflating: eigen-3.4.0/.hgeol      
#17 36.98   inflating: eigen-3.4.0/CMakeLists.txt  
#17 36.98   inflating: eigen-3.4.0/COPYING.APACHE  
#17 36.98   inflating: eigen-3.4.0/COPYING.BSD  
#17 36.98   inflating: eigen-3.4.0/COPYING.GPL  
#17 36.98   inflating: eigen-3.4.0/COPYING.LGPL  
#17 36.98   inflating: eigen-3.4.0/COPYING.MINPACK  
#17 36.99   inflating: eigen-3.4.0/COPYING.MPL2  
#17 36.99   inflating: eigen-3.4.0/COPYING.README  
#17 36.99   inflating: eigen-3.4.0/CTestConfig.cmake  
#17 36.99   inflating: eigen-3.4.0/CTestCustom.cmake.in  
#17 36.99    creating: eigen-3.4.0/Eigen/
#17 36.99   inflating: eigen-3.4.0/Eigen/Cholesky  
#17 36.99   inflating: eigen-3.4.0/Eigen/CholmodSupport  
#17 36.99   inflating: eigen-3.4.0/Eigen/Core  
#17 36.99   inflating: eigen-3.4.0/Eigen/Dense  
#17 36.99   inflating: eigen-3.4.0/Eigen/Eigen  
#17 36.99   inflating: eigen-3.4.0/Eigen/Eigenvalues  
#17 36.99   inflating: eigen-3.4.0/Eigen/Geometry  
#17 36.99   inflating: eigen-3.4.0/Eigen/Householder  
#17 36.99   inflating: eigen-3.4.0/Eigen/IterativeLinearSolvers  
#17 36.99   inflating: eigen-3.4.0/Eigen/Jacobi  
#17 36.99   inflating: eigen-3.4.0/Eigen/KLUSupport  
#17 36.99   inflating: eigen-3.4.0/Eigen/LU    
#17 36.99   inflating: eigen-3.4.0/Eigen/MetisSupport  
#17 36.99   inflating: eigen-3.4.0/Eigen/OrderingMethods  
#17 36.99   inflating: eigen-3.4.0/Eigen/PaStiXSupport  
#17 36.99   inflating: eigen-3.4.0/Eigen/PardisoSupport  
#17 36.99   inflating: eigen-3.4.0/Eigen/QR    
#17 37.00   inflating: eigen-3.4.0/Eigen/QtAlignedMalloc  
#17 37.00   inflating: eigen-3.4.0/Eigen/SPQRSupport  
#17 37.00   inflating: eigen-3.4.0/Eigen/SVD   
#17 37.00   inflating: eigen-3.4.0/Eigen/Sparse  
#17 37.00   inflating: eigen-3.4.0/Eigen/SparseCholesky  
#17 37.00   inflating: eigen-3.4.0/Eigen/SparseCore  
#17 37.00   inflating: eigen-3.4.0/Eigen/SparseLU  
#17 37.00   inflating: eigen-3.4.0/Eigen/SparseQR  
#17 37.00   inflating: eigen-3.4.0/Eigen/StdDeque  
#17 37.00   inflating: eigen-3.4.0/Eigen/StdList  
#17 37.00   inflating: eigen-3.4.0/Eigen/StdVector  
#17 37.00   inflating: eigen-3.4.0/Eigen/SuperLUSupport  
#17 37.00   inflating: eigen-3.4.0/Eigen/UmfPackSupport  
#17 37.00    creating: eigen-3.4.0/Eigen/src/
#17 37.00    creating: eigen-3.4.0/Eigen/src/Cholesky/
#17 37.00   inflating: eigen-3.4.0/Eigen/src/Cholesky/LDLT.h  
#17 37.00   inflating: eigen-3.4.0/Eigen/src/Cholesky/LLT.h  
#17 37.00   inflating: eigen-3.4.0/Eigen/src/Cholesky/LLT_LAPACKE.h  
#17 37.00    creating: eigen-3.4.0/Eigen/src/CholmodSupport/
#17 37.00   inflating: eigen-3.4.0/Eigen/src/CholmodSupport/CholmodSupport.h  
#17 37.00    creating: eigen-3.4.0/Eigen/src/Core/
#17 37.00   inflating: eigen-3.4.0/Eigen/src/Core/ArithmeticSequence.h  
#17 37.00   inflating: eigen-3.4.0/Eigen/src/Core/Array.h  
#17 37.01   inflating: eigen-3.4.0/Eigen/src/Core/ArrayBase.h  
#17 37.01   inflating: eigen-3.4.0/Eigen/src/Core/ArrayWrapper.h  
#17 37.01   inflating: eigen-3.4.0/Eigen/src/Core/Assign.h  
#17 37.01   inflating: eigen-3.4.0/Eigen/src/Core/AssignEvaluator.h  
#17 37.01   inflating: eigen-3.4.0/Eigen/src/Core/Assign_MKL.h  
#17 37.01   inflating: eigen-3.4.0/Eigen/src/Core/BandMatrix.h  
#17 37.01   inflating: eigen-3.4.0/Eigen/src/Core/Block.h  
#17 37.01   inflating: eigen-3.4.0/Eigen/src/Core/BooleanRedux.h  
#17 37.01   inflating: eigen-3.4.0/Eigen/src/Core/CommaInitializer.h  
#17 37.01   inflating: eigen-3.4.0/Eigen/src/Core/ConditionEstimator.h  
#17 37.01   inflating: eigen-3.4.0/Eigen/src/Core/CoreEvaluators.h  
#17 37.01   inflating: eigen-3.4.0/Eigen/src/Core/CoreIterators.h  
#17 37.01   inflating: eigen-3.4.0/Eigen/src/Core/CwiseBinaryOp.h  
#17 37.01   inflating: eigen-3.4.0/Eigen/src/Core/CwiseNullaryOp.h  
#17 37.01   inflating: eigen-3.4.0/Eigen/src/Core/CwiseTernaryOp.h  
#17 37.01   inflating: eigen-3.4.0/Eigen/src/Core/CwiseUnaryOp.h  
#17 37.01   inflating: eigen-3.4.0/Eigen/src/Core/CwiseUnaryView.h  
#17 37.01   inflating: eigen-3.4.0/Eigen/src/Core/DenseBase.h  
#17 37.02   inflating: eigen-3.4.0/Eigen/src/Core/DenseCoeffsBase.h  
#17 37.02   inflating: eigen-3.4.0/Eigen/src/Core/DenseStorage.h  
#17 37.02   inflating: eigen-3.4.0/Eigen/src/Core/Diagonal.h  
#17 37.02   inflating: eigen-3.4.0/Eigen/src/Core/DiagonalMatrix.h  
#17 37.02   inflating: eigen-3.4.0/Eigen/src/Core/DiagonalProduct.h  
#17 37.02   inflating: eigen-3.4.0/Eigen/src/Core/Dot.h  
#17 37.02   inflating: eigen-3.4.0/Eigen/src/Core/EigenBase.h  
#17 37.02   inflating: eigen-3.4.0/Eigen/src/Core/ForceAlignedAccess.h  
#17 37.02   inflating: eigen-3.4.0/Eigen/src/Core/Fuzzy.h  
#17 37.02   inflating: eigen-3.4.0/Eigen/src/Core/GeneralProduct.h  
#17 37.02   inflating: eigen-3.4.0/Eigen/src/Core/GenericPacketMath.h  
#17 37.02   inflating: eigen-3.4.0/Eigen/src/Core/GlobalFunctions.h  
#17 37.02   inflating: eigen-3.4.0/Eigen/src/Core/IO.h  
#17 37.02   inflating: eigen-3.4.0/Eigen/src/Core/IndexedView.h  
#17 37.03   inflating: eigen-3.4.0/Eigen/src/Core/Inverse.h  
#17 37.03   inflating: eigen-3.4.0/Eigen/src/Core/Map.h  
#17 37.03   inflating: eigen-3.4.0/Eigen/src/Core/MapBase.h  
#17 37.03   inflating: eigen-3.4.0/Eigen/src/Core/MathFunctions.h  
#17 37.03   inflating: eigen-3.4.0/Eigen/src/Core/MathFunctionsImpl.h  
#17 37.03   inflating: eigen-3.4.0/Eigen/src/Core/Matrix.h  
#17 37.03   inflating: eigen-3.4.0/Eigen/src/Core/MatrixBase.h  
#17 37.03   inflating: eigen-3.4.0/Eigen/src/Core/NestByValue.h  
#17 37.03   inflating: eigen-3.4.0/Eigen/src/Core/NoAlias.h  
#17 37.03   inflating: eigen-3.4.0/Eigen/src/Core/NumTraits.h  
#17 37.03   inflating: eigen-3.4.0/Eigen/src/Core/PartialReduxEvaluator.h  
#17 37.03   inflating: eigen-3.4.0/Eigen/src/Core/PermutationMatrix.h  
#17 37.03   inflating: eigen-3.4.0/Eigen/src/Core/PlainObjectBase.h  
#17 37.04   inflating: eigen-3.4.0/Eigen/src/Core/Product.h  
#17 37.04   inflating: eigen-3.4.0/Eigen/src/Core/ProductEvaluators.h  
#17 37.04   inflating: eigen-3.4.0/Eigen/src/Core/Random.h  
#17 37.04   inflating: eigen-3.4.0/Eigen/src/Core/Redux.h  
#17 37.04   inflating: eigen-3.4.0/Eigen/src/Core/Ref.h  
#17 37.04   inflating: eigen-3.4.0/Eigen/src/Core/Replicate.h  
#17 37.04   inflating: eigen-3.4.0/Eigen/src/Core/Reshaped.h  
#17 37.04   inflating: eigen-3.4.0/Eigen/src/Core/ReturnByValue.h  
#17 37.04   inflating: eigen-3.4.0/Eigen/src/Core/Reverse.h  
#17 37.04   inflating: eigen-3.4.0/Eigen/src/Core/Select.h  
#17 37.04   inflating: eigen-3.4.0/Eigen/src/Core/SelfAdjointView.h  
#17 37.04   inflating: eigen-3.4.0/Eigen/src/Core/SelfCwiseBinaryOp.h  
#17 37.04   inflating: eigen-3.4.0/Eigen/src/Core/Solve.h  
#17 37.04   inflating: eigen-3.4.0/Eigen/src/Core/SolveTriangular.h  
#17 37.04   inflating: eigen-3.4.0/Eigen/src/Core/SolverBase.h  
#17 37.04   inflating: eigen-3.4.0/Eigen/src/Core/StableNorm.h  
#17 37.04   inflating: eigen-3.4.0/Eigen/src/Core/StlIterators.h  
#17 37.04   inflating: eigen-3.4.0/Eigen/src/Core/Stride.h  
#17 37.04   inflating: eigen-3.4.0/Eigen/src/Core/Swap.h  
#17 37.05   inflating: eigen-3.4.0/Eigen/src/Core/Transpose.h  
#17 37.05   inflating: eigen-3.4.0/Eigen/src/Core/Transpositions.h  
#17 37.05   inflating: eigen-3.4.0/Eigen/src/Core/TriangularMatrix.h  
#17 37.05   inflating: eigen-3.4.0/Eigen/src/Core/VectorBlock.h  
#17 37.05   inflating: eigen-3.4.0/Eigen/src/Core/VectorwiseOp.h  
#17 37.05   inflating: eigen-3.4.0/Eigen/src/Core/Visitor.h  
#17 37.05    creating: eigen-3.4.0/Eigen/src/Core/arch/
#17 37.05    creating: eigen-3.4.0/Eigen/src/Core/arch/AVX/
#17 37.05   inflating: eigen-3.4.0/Eigen/src/Core/arch/AVX/Complex.h  
#17 37.05   inflating: eigen-3.4.0/Eigen/src/Core/arch/AVX/MathFunctions.h  
#17 37.05   inflating: eigen-3.4.0/Eigen/src/Core/arch/AVX/PacketMath.h  
#17 37.05   inflating: eigen-3.4.0/Eigen/src/Core/arch/AVX/TypeCasting.h  
#17 37.05    creating: eigen-3.4.0/Eigen/src/Core/arch/AVX512/
#17 37.05   inflating: eigen-3.4.0/Eigen/src/Core/arch/AVX512/Complex.h  
#17 37.05   inflating: eigen-3.4.0/Eigen/src/Core/arch/AVX512/MathFunctions.h  
#17 37.05   inflating: eigen-3.4.0/Eigen/src/Core/arch/AVX512/PacketMath.h  
#17 37.06   inflating: eigen-3.4.0/Eigen/src/Core/arch/AVX512/TypeCasting.h  
#17 37.06    creating: eigen-3.4.0/Eigen/src/Core/arch/AltiVec/
#17 37.06   inflating: eigen-3.4.0/Eigen/src/Core/arch/AltiVec/Complex.h  
#17 37.06   inflating: eigen-3.4.0/Eigen/src/Core/arch/AltiVec/MathFunctions.h  
#17 37.06   inflating: eigen-3.4.0/Eigen/src/Core/arch/AltiVec/MatrixProduct.h  
#17 37.06   inflating: eigen-3.4.0/Eigen/src/Core/arch/AltiVec/MatrixProductCommon.h  
#17 37.06   inflating: eigen-3.4.0/Eigen/src/Core/arch/AltiVec/MatrixProductMMA.h  
#17 37.06   inflating: eigen-3.4.0/Eigen/src/Core/arch/AltiVec/PacketMath.h  
#17 37.06    creating: eigen-3.4.0/Eigen/src/Core/arch/CUDA/
#17 37.06   inflating: eigen-3.4.0/Eigen/src/Core/arch/CUDA/Complex.h  
#17 37.06    creating: eigen-3.4.0/Eigen/src/Core/arch/Default/
#17 37.06   inflating: eigen-3.4.0/Eigen/src/Core/arch/Default/BFloat16.h  
#17 37.06   inflating: eigen-3.4.0/Eigen/src/Core/arch/Default/ConjHelper.h  
#17 37.06   inflating: eigen-3.4.0/Eigen/src/Core/arch/Default/GenericPacketMathFunctions.h  
#17 37.06   inflating: eigen-3.4.0/Eigen/src/Core/arch/Default/GenericPacketMathFunctionsFwd.h  
#17 37.06   inflating: eigen-3.4.0/Eigen/src/Core/arch/Default/Half.h  
#17 37.06   inflating: eigen-3.4.0/Eigen/src/Core/arch/Default/Settings.h  
#17 37.06   inflating: eigen-3.4.0/Eigen/src/Core/arch/Default/TypeCasting.h  
#17 37.06    creating: eigen-3.4.0/Eigen/src/Core/arch/GPU/
#17 37.06   inflating: eigen-3.4.0/Eigen/src/Core/arch/GPU/MathFunctions.h  
#17 37.06   inflating: eigen-3.4.0/Eigen/src/Core/arch/GPU/PacketMath.h  
#17 37.07   inflating: eigen-3.4.0/Eigen/src/Core/arch/GPU/TypeCasting.h  
#17 37.07    creating: eigen-3.4.0/Eigen/src/Core/arch/HIP/
#17 37.07    creating: eigen-3.4.0/Eigen/src/Core/arch/HIP/hcc/
#17 37.07   inflating: eigen-3.4.0/Eigen/src/Core/arch/HIP/hcc/math_constants.h  
#17 37.07    creating: eigen-3.4.0/Eigen/src/Core/arch/MSA/
#17 37.07   inflating: eigen-3.4.0/Eigen/src/Core/arch/MSA/Complex.h  
#17 37.07   inflating: eigen-3.4.0/Eigen/src/Core/arch/MSA/MathFunctions.h  
#17 37.07   inflating: eigen-3.4.0/Eigen/src/Core/arch/MSA/PacketMath.h  
#17 37.07    creating: eigen-3.4.0/Eigen/src/Core/arch/NEON/
#17 37.07   inflating: eigen-3.4.0/Eigen/src/Core/arch/NEON/Complex.h  
#17 37.07   inflating: eigen-3.4.0/Eigen/src/Core/arch/NEON/GeneralBlockPanelKernel.h  
#17 37.07   inflating: eigen-3.4.0/Eigen/src/Core/arch/NEON/MathFunctions.h  
#17 37.07   inflating: eigen-3.4.0/Eigen/src/Core/arch/NEON/PacketMath.h  
#17 37.07   inflating: eigen-3.4.0/Eigen/src/Core/arch/NEON/TypeCasting.h  
#17 37.07    creating: eigen-3.4.0/Eigen/src/Core/arch/SSE/
#17 37.07   inflating: eigen-3.4.0/Eigen/src/Core/arch/SSE/Complex.h  
#17 37.08   inflating: eigen-3.4.0/Eigen/src/Core/arch/SSE/MathFunctions.h  
#17 37.08   inflating: eigen-3.4.0/Eigen/src/Core/arch/SSE/PacketMath.h  
#17 37.08   inflating: eigen-3.4.0/Eigen/src/Core/arch/SSE/TypeCasting.h  
#17 37.08    creating: eigen-3.4.0/Eigen/src/Core/arch/SVE/
#17 37.08   inflating: eigen-3.4.0/Eigen/src/Core/arch/SVE/MathFunctions.h  
#17 37.08   inflating: eigen-3.4.0/Eigen/src/Core/arch/SVE/PacketMath.h  
#17 37.08   inflating: eigen-3.4.0/Eigen/src/Core/arch/SVE/TypeCasting.h  
#17 37.08    creating: eigen-3.4.0/Eigen/src/Core/arch/SYCL/
#17 37.08   inflating: eigen-3.4.0/Eigen/src/Core/arch/SYCL/InteropHeaders.h  
#17 37.08   inflating: eigen-3.4.0/Eigen/src/Core/arch/SYCL/MathFunctions.h  
#17 37.08   inflating: eigen-3.4.0/Eigen/src/Core/arch/SYCL/PacketMath.h  
#17 37.08   inflating: eigen-3.4.0/Eigen/src/Core/arch/SYCL/SyclMemoryModel.h  
#17 37.08   inflating: eigen-3.4.0/Eigen/src/Core/arch/SYCL/TypeCasting.h  
#17 37.08    creating: eigen-3.4.0/Eigen/src/Core/arch/ZVector/
#17 37.08   inflating: eigen-3.4.0/Eigen/src/Core/arch/ZVector/Complex.h  
#17 37.08   inflating: eigen-3.4.0/Eigen/src/Core/arch/ZVector/MathFunctions.h  
#17 37.08   inflating: eigen-3.4.0/Eigen/src/Core/arch/ZVector/PacketMath.h  
#17 37.08    creating: eigen-3.4.0/Eigen/src/Core/functors/
#17 37.08   inflating: eigen-3.4.0/Eigen/src/Core/functors/AssignmentFunctors.h  
#17 37.09   inflating: eigen-3.4.0/Eigen/src/Core/functors/BinaryFunctors.h  
#17 37.09   inflating: eigen-3.4.0/Eigen/src/Core/functors/NullaryFunctors.h  
#17 37.09   inflating: eigen-3.4.0/Eigen/src/Core/functors/StlFunctors.h  
#17 37.09   inflating: eigen-3.4.0/Eigen/src/Core/functors/TernaryFunctors.h  
#17 37.09   inflating: eigen-3.4.0/Eigen/src/Core/functors/UnaryFunctors.h  
#17 37.09    creating: eigen-3.4.0/Eigen/src/Core/products/
#17 37.09   inflating: eigen-3.4.0/Eigen/src/Core/products/GeneralBlockPanelKernel.h  
#17 37.09   inflating: eigen-3.4.0/Eigen/src/Core/products/GeneralMatrixMatrix.h  
#17 37.09   inflating: eigen-3.4.0/Eigen/src/Core/products/GeneralMatrixMatrixTriangular.h  
#17 37.09   inflating: eigen-3.4.0/Eigen/src/Core/products/GeneralMatrixMatrixTriangular_BLAS.h  
#17 37.09   inflating: eigen-3.4.0/Eigen/src/Core/products/GeneralMatrixMatrix_BLAS.h  
#17 37.09   inflating: eigen-3.4.0/Eigen/src/Core/products/GeneralMatrixVector.h  
#17 37.09   inflating: eigen-3.4.0/Eigen/src/Core/products/GeneralMatrixVector_BLAS.h  
#17 37.09   inflating: eigen-3.4.0/Eigen/src/Core/products/Parallelizer.h  
#17 37.09   inflating: eigen-3.4.0/Eigen/src/Core/products/SelfadjointMatrixMatrix.h  
#17 37.10   inflating: eigen-3.4.0/Eigen/src/Core/products/SelfadjointMatrixMatrix_BLAS.h  
#17 37.10   inflating: eigen-3.4.0/Eigen/src/Core/products/SelfadjointMatrixVector.h  
#17 37.10   inflating: eigen-3.4.0/Eigen/src/Core/products/SelfadjointMatrixVector_BLAS.h  
#17 37.10   inflating: eigen-3.4.0/Eigen/src/Core/products/SelfadjointProduct.h  
#17 37.10   inflating: eigen-3.4.0/Eigen/src/Core/products/SelfadjointRank2Update.h  
#17 37.10   inflating: eigen-3.4.0/Eigen/src/Core/products/TriangularMatrixMatrix.h  
#17 37.10   inflating: eigen-3.4.0/Eigen/src/Core/products/TriangularMatrixMatrix_BLAS.h  
#17 37.10   inflating: eigen-3.4.0/Eigen/src/Core/products/TriangularMatrixVector.h  
#17 37.10   inflating: eigen-3.4.0/Eigen/src/Core/products/TriangularMatrixVector_BLAS.h  
#17 37.10   inflating: eigen-3.4.0/Eigen/src/Core/products/TriangularSolverMatrix.h  
#17 37.10   inflating: eigen-3.4.0/Eigen/src/Core/products/TriangularSolverMatrix_BLAS.h  
#17 37.10   inflating: eigen-3.4.0/Eigen/src/Core/products/TriangularSolverVector.h  
#17 37.10    creating: eigen-3.4.0/Eigen/src/Core/util/
#17 37.10   inflating: eigen-3.4.0/Eigen/src/Core/util/BlasUtil.h  
#17 37.10   inflating: eigen-3.4.0/Eigen/src/Core/util/ConfigureVectorization.h  
#17 37.10   inflating: eigen-3.4.0/Eigen/src/Core/util/Constants.h  
#17 37.10   inflating: eigen-3.4.0/Eigen/src/Core/util/DisableStupidWarnings.h  
#17 37.10   inflating: eigen-3.4.0/Eigen/src/Core/util/ForwardDeclarations.h  
#17 37.10   inflating: eigen-3.4.0/Eigen/src/Core/util/IndexedViewHelper.h  
#17 37.11   inflating: eigen-3.4.0/Eigen/src/Core/util/IntegralConstant.h  
#17 37.11   inflating: eigen-3.4.0/Eigen/src/Core/util/MKL_support.h  
#17 37.11   inflating: eigen-3.4.0/Eigen/src/Core/util/Macros.h  
#17 37.11   inflating: eigen-3.4.0/Eigen/src/Core/util/Memory.h  
#17 37.11   inflating: eigen-3.4.0/Eigen/src/Core/util/Meta.h  
#17 37.11   inflating: eigen-3.4.0/Eigen/src/Core/util/NonMPL2.h  
#17 37.11   inflating: eigen-3.4.0/Eigen/src/Core/util/ReenableStupidWarnings.h  
#17 37.11   inflating: eigen-3.4.0/Eigen/src/Core/util/ReshapedHelper.h  
#17 37.11   inflating: eigen-3.4.0/Eigen/src/Core/util/StaticAssert.h  
#17 37.11   inflating: eigen-3.4.0/Eigen/src/Core/util/SymbolicIndex.h  
#17 37.11   inflating: eigen-3.4.0/Eigen/src/Core/util/XprHelper.h  
#17 37.11    creating: eigen-3.4.0/Eigen/src/Eigenvalues/
#17 37.11   inflating: eigen-3.4.0/Eigen/src/Eigenvalues/ComplexEigenSolver.h  
#17 37.11   inflating: eigen-3.4.0/Eigen/src/Eigenvalues/ComplexSchur.h  
#17 37.11   inflating: eigen-3.4.0/Eigen/src/Eigenvalues/ComplexSchur_LAPACKE.h  
#17 37.11   inflating: eigen-3.4.0/Eigen/src/Eigenvalues/EigenSolver.h  
#17 37.11   inflating: eigen-3.4.0/Eigen/src/Eigenvalues/GeneralizedEigenSolver.h  
#17 37.11   inflating: eigen-3.4.0/Eigen/src/Eigenvalues/GeneralizedSelfAdjointEigenSolver.h  
#17 37.11   inflating: eigen-3.4.0/Eigen/src/Eigenvalues/HessenbergDecomposition.h  
#17 37.11   inflating: eigen-3.4.0/Eigen/src/Eigenvalues/MatrixBaseEigenvalues.h  
#17 37.12   inflating: eigen-3.4.0/Eigen/src/Eigenvalues/RealQZ.h  
#17 37.12   inflating: eigen-3.4.0/Eigen/src/Eigenvalues/RealSchur.h  
#17 37.12   inflating: eigen-3.4.0/Eigen/src/Eigenvalues/RealSchur_LAPACKE.h  
#17 37.12   inflating: eigen-3.4.0/Eigen/src/Eigenvalues/SelfAdjointEigenSolver.h  
#17 37.12   inflating: eigen-3.4.0/Eigen/src/Eigenvalues/SelfAdjointEigenSolver_LAPACKE.h  
#17 37.12   inflating: eigen-3.4.0/Eigen/src/Eigenvalues/Tridiagonalization.h  
#17 37.12    creating: eigen-3.4.0/Eigen/src/Geometry/
#17 37.12   inflating: eigen-3.4.0/Eigen/src/Geometry/AlignedBox.h  
#17 37.12   inflating: eigen-3.4.0/Eigen/src/Geometry/AngleAxis.h  
#17 37.12   inflating: eigen-3.4.0/Eigen/src/Geometry/EulerAngles.h  
#17 37.12   inflating: eigen-3.4.0/Eigen/src/Geometry/Homogeneous.h  
#17 37.12   inflating: eigen-3.4.0/Eigen/src/Geometry/Hyperplane.h  
#17 37.12   inflating: eigen-3.4.0/Eigen/src/Geometry/OrthoMethods.h  
#17 37.12   inflating: eigen-3.4.0/Eigen/src/Geometry/ParametrizedLine.h  
#17 37.12   inflating: eigen-3.4.0/Eigen/src/Geometry/Quaternion.h  
#17 37.12   inflating: eigen-3.4.0/Eigen/src/Geometry/Rotation2D.h  
#17 37.12   inflating: eigen-3.4.0/Eigen/src/Geometry/RotationBase.h  
#17 37.12   inflating: eigen-3.4.0/Eigen/src/Geometry/Scaling.h  
#17 37.13   inflating: eigen-3.4.0/Eigen/src/Geometry/Transform.h  
#17 37.13   inflating: eigen-3.4.0/Eigen/src/Geometry/Translation.h  
#17 37.13   inflating: eigen-3.4.0/Eigen/src/Geometry/Umeyama.h  
#17 37.13    creating: eigen-3.4.0/Eigen/src/Geometry/arch/
#17 37.13   inflating: eigen-3.4.0/Eigen/src/Geometry/arch/Geometry_SIMD.h  
#17 37.13    creating: eigen-3.4.0/Eigen/src/Householder/
#17 37.13   inflating: eigen-3.4.0/Eigen/src/Householder/BlockHouseholder.h  
#17 37.13   inflating: eigen-3.4.0/Eigen/src/Householder/Householder.h  
#17 37.13   inflating: eigen-3.4.0/Eigen/src/Householder/HouseholderSequence.h  
#17 37.13    creating: eigen-3.4.0/Eigen/src/IterativeLinearSolvers/
#17 37.13   inflating: eigen-3.4.0/Eigen/src/IterativeLinearSolvers/BasicPreconditioners.h  
#17 37.13   inflating: eigen-3.4.0/Eigen/src/IterativeLinearSolvers/BiCGSTAB.h  
#17 37.13   inflating: eigen-3.4.0/Eigen/src/IterativeLinearSolvers/ConjugateGradient.h  
#17 37.13   inflating: eigen-3.4.0/Eigen/src/IterativeLinearSolvers/IncompleteCholesky.h  
#17 37.13   inflating: eigen-3.4.0/Eigen/src/IterativeLinearSolvers/IncompleteLUT.h  
#17 37.13   inflating: eigen-3.4.0/Eigen/src/IterativeLinearSolvers/IterativeSolverBase.h  
#17 37.13   inflating: eigen-3.4.0/Eigen/src/IterativeLinearSolvers/LeastSquareConjugateGradient.h  
#17 37.13   inflating: eigen-3.4.0/Eigen/src/IterativeLinearSolvers/SolveWithGuess.h  
#17 37.13    creating: eigen-3.4.0/Eigen/src/Jacobi/
#17 37.13   inflating: eigen-3.4.0/Eigen/src/Jacobi/Jacobi.h  
#17 37.13    creating: eigen-3.4.0/Eigen/src/KLUSupport/
#17 37.13   inflating: eigen-3.4.0/Eigen/src/KLUSupport/KLUSupport.h  
#17 37.14    creating: eigen-3.4.0/Eigen/src/LU/
#17 37.14   inflating: eigen-3.4.0/Eigen/src/LU/Determinant.h  
#17 37.14   inflating: eigen-3.4.0/Eigen/src/LU/FullPivLU.h  
#17 37.14   inflating: eigen-3.4.0/Eigen/src/LU/InverseImpl.h  
#17 37.14   inflating: eigen-3.4.0/Eigen/src/LU/PartialPivLU.h  
#17 37.14   inflating: eigen-3.4.0/Eigen/src/LU/PartialPivLU_LAPACKE.h  
#17 37.14    creating: eigen-3.4.0/Eigen/src/LU/arch/
#17 37.14   inflating: eigen-3.4.0/Eigen/src/LU/arch/InverseSize4.h  
#17 37.14    creating: eigen-3.4.0/Eigen/src/MetisSupport/
#17 37.14   inflating: eigen-3.4.0/Eigen/src/MetisSupport/MetisSupport.h  
#17 37.14    creating: eigen-3.4.0/Eigen/src/OrderingMethods/
#17 37.14   inflating: eigen-3.4.0/Eigen/src/OrderingMethods/Amd.h  
#17 37.14   inflating: eigen-3.4.0/Eigen/src/OrderingMethods/Eigen_Colamd.h  
#17 37.14   inflating: eigen-3.4.0/Eigen/src/OrderingMethods/Ordering.h  
#17 37.14    creating: eigen-3.4.0/Eigen/src/PaStiXSupport/
#17 37.14   inflating: eigen-3.4.0/Eigen/src/PaStiXSupport/PaStiXSupport.h  
#17 37.14    creating: eigen-3.4.0/Eigen/src/PardisoSupport/
#17 37.14   inflating: eigen-3.4.0/Eigen/src/PardisoSupport/PardisoSupport.h  
#17 37.15    creating: eigen-3.4.0/Eigen/src/QR/
#17 37.15   inflating: eigen-3.4.0/Eigen/src/QR/ColPivHouseholderQR.h  
#17 37.15   inflating: eigen-3.4.0/Eigen/src/QR/ColPivHouseholderQR_LAPACKE.h  
#17 37.15   inflating: eigen-3.4.0/Eigen/src/QR/CompleteOrthogonalDecomposition.h  
#17 37.15   inflating: eigen-3.4.0/Eigen/src/QR/FullPivHouseholderQR.h  
#17 37.15   inflating: eigen-3.4.0/Eigen/src/QR/HouseholderQR.h  
#17 37.15   inflating: eigen-3.4.0/Eigen/src/QR/HouseholderQR_LAPACKE.h  
#17 37.15    creating: eigen-3.4.0/Eigen/src/SPQRSupport/
#17 37.15   inflating: eigen-3.4.0/Eigen/src/SPQRSupport/SuiteSparseQRSupport.h  
#17 37.15    creating: eigen-3.4.0/Eigen/src/SVD/
#17 37.15   inflating: eigen-3.4.0/Eigen/src/SVD/BDCSVD.h  
#17 37.15   inflating: eigen-3.4.0/Eigen/src/SVD/JacobiSVD.h  
#17 37.15   inflating: eigen-3.4.0/Eigen/src/SVD/JacobiSVD_LAPACKE.h  
#17 37.15   inflating: eigen-3.4.0/Eigen/src/SVD/SVDBase.h  
#17 37.15   inflating: eigen-3.4.0/Eigen/src/SVD/UpperBidiagonalization.h  
#17 37.15    creating: eigen-3.4.0/Eigen/src/SparseCholesky/
#17 37.15   inflating: eigen-3.4.0/Eigen/src/SparseCholesky/SimplicialCholesky.h  
#17 37.15   inflating: eigen-3.4.0/Eigen/src/SparseCholesky/SimplicialCholesky_impl.h  
#17 37.15    creating: eigen-3.4.0/Eigen/src/SparseCore/
#17 37.16   inflating: eigen-3.4.0/Eigen/src/SparseCore/AmbiVector.h  
#17 37.16   inflating: eigen-3.4.0/Eigen/src/SparseCore/CompressedStorage.h  
#17 37.16   inflating: eigen-3.4.0/Eigen/src/SparseCore/ConservativeSparseSparseProduct.h  
#17 37.16   inflating: eigen-3.4.0/Eigen/src/SparseCore/MappedSparseMatrix.h  
#17 37.16   inflating: eigen-3.4.0/Eigen/src/SparseCore/SparseAssign.h  
#17 37.16   inflating: eigen-3.4.0/Eigen/src/SparseCore/SparseBlock.h  
#17 37.16   inflating: eigen-3.4.0/Eigen/src/SparseCore/SparseColEtree.h  
#17 37.16   inflating: eigen-3.4.0/Eigen/src/SparseCore/SparseCompressedBase.h  
#17 37.16   inflating: eigen-3.4.0/Eigen/src/SparseCore/SparseCwiseBinaryOp.h  
#17 37.16   inflating: eigen-3.4.0/Eigen/src/SparseCore/SparseCwiseUnaryOp.h  
#17 37.16   inflating: eigen-3.4.0/Eigen/src/SparseCore/SparseDenseProduct.h  
#17 37.16   inflating: eigen-3.4.0/Eigen/src/SparseCore/SparseDiagonalProduct.h  
#17 37.16   inflating: eigen-3.4.0/Eigen/src/SparseCore/SparseDot.h  
#17 37.16   inflating: eigen-3.4.0/Eigen/src/SparseCore/SparseFuzzy.h  
#17 37.16   inflating: eigen-3.4.0/Eigen/src/SparseCore/SparseMap.h  
#17 37.16   inflating: eigen-3.4.0/Eigen/src/SparseCore/SparseMatrix.h  
#17 37.16   inflating: eigen-3.4.0/Eigen/src/SparseCore/SparseMatrixBase.h  
#17 37.16   inflating: eigen-3.4.0/Eigen/src/SparseCore/SparsePermutation.h  
#17 37.16   inflating: eigen-3.4.0/Eigen/src/SparseCore/SparseProduct.h  
#17 37.16   inflating: eigen-3.4.0/Eigen/src/SparseCore/SparseRedux.h  
#17 37.16   inflating: eigen-3.4.0/Eigen/src/SparseCore/SparseRef.h  
#17 37.17   inflating: eigen-3.4.0/Eigen/src/SparseCore/SparseSelfAdjointView.h  
#17 37.17   inflating: eigen-3.4.0/Eigen/src/SparseCore/SparseSolverBase.h  
#17 37.17   inflating: eigen-3.4.0/Eigen/src/SparseCore/SparseSparseProductWithPruning.h  
#17 37.17   inflating: eigen-3.4.0/Eigen/src/SparseCore/SparseTranspose.h  
#17 37.17   inflating: eigen-3.4.0/Eigen/src/SparseCore/SparseTriangularView.h  
#17 37.17   inflating: eigen-3.4.0/Eigen/src/SparseCore/SparseUtil.h  
#17 37.17   inflating: eigen-3.4.0/Eigen/src/SparseCore/SparseVector.h  
#17 37.17   inflating: eigen-3.4.0/Eigen/src/SparseCore/SparseView.h  
#17 37.17   inflating: eigen-3.4.0/Eigen/src/SparseCore/TriangularSolver.h  
#17 37.17    creating: eigen-3.4.0/Eigen/src/SparseLU/
#17 37.17   inflating: eigen-3.4.0/Eigen/src/SparseLU/SparseLU.h  
#17 37.17   inflating: eigen-3.4.0/Eigen/src/SparseLU/SparseLUImpl.h  
#17 37.17   inflating: eigen-3.4.0/Eigen/src/SparseLU/SparseLU_Memory.h  
#17 37.17   inflating: eigen-3.4.0/Eigen/src/SparseLU/SparseLU_Structs.h  
#17 37.17   inflating: eigen-3.4.0/Eigen/src/SparseLU/SparseLU_SupernodalMatrix.h  
#17 37.17   inflating: eigen-3.4.0/Eigen/src/SparseLU/SparseLU_Utils.h  
#17 37.17   inflating: eigen-3.4.0/Eigen/src/SparseLU/SparseLU_column_bmod.h  
#17 37.17   inflating: eigen-3.4.0/Eigen/src/SparseLU/SparseLU_column_dfs.h  
#17 37.17   inflating: eigen-3.4.0/Eigen/src/SparseLU/SparseLU_copy_to_ucol.h  
#17 37.17   inflating: eigen-3.4.0/Eigen/src/SparseLU/SparseLU_gemm_kernel.h  
#17 37.17   inflating: eigen-3.4.0/Eigen/src/SparseLU/SparseLU_heap_relax_snode.h  
#17 37.18   inflating: eigen-3.4.0/Eigen/src/SparseLU/SparseLU_kernel_bmod.h  
#17 37.18   inflating: eigen-3.4.0/Eigen/src/SparseLU/SparseLU_panel_bmod.h  
#17 37.18   inflating: eigen-3.4.0/Eigen/src/SparseLU/SparseLU_panel_dfs.h  
#17 37.18   inflating: eigen-3.4.0/Eigen/src/SparseLU/SparseLU_pivotL.h  
#17 37.18   inflating: eigen-3.4.0/Eigen/src/SparseLU/SparseLU_pruneL.h  
#17 37.18   inflating: eigen-3.4.0/Eigen/src/SparseLU/SparseLU_relax_snode.h  
#17 37.18    creating: eigen-3.4.0/Eigen/src/SparseQR/
#17 37.18   inflating: eigen-3.4.0/Eigen/src/SparseQR/SparseQR.h  
#17 37.18    creating: eigen-3.4.0/Eigen/src/StlSupport/
#17 37.18   inflating: eigen-3.4.0/Eigen/src/StlSupport/StdDeque.h  
#17 37.18   inflating: eigen-3.4.0/Eigen/src/StlSupport/StdList.h  
#17 37.18   inflating: eigen-3.4.0/Eigen/src/StlSupport/StdVector.h  
#17 37.18   inflating: eigen-3.4.0/Eigen/src/StlSupport/details.h  
#17 37.18    creating: eigen-3.4.0/Eigen/src/SuperLUSupport/
#17 37.18   inflating: eigen-3.4.0/Eigen/src/SuperLUSupport/SuperLUSupport.h  
#17 37.18    creating: eigen-3.4.0/Eigen/src/UmfPackSupport/
#17 37.18   inflating: eigen-3.4.0/Eigen/src/UmfPackSupport/UmfPackSupport.h  
#17 37.18    creating: eigen-3.4.0/Eigen/src/misc/
#17 37.18   inflating: eigen-3.4.0/Eigen/src/misc/Image.h  
#17 37.18   inflating: eigen-3.4.0/Eigen/src/misc/Kernel.h  
#17 37.18   inflating: eigen-3.4.0/Eigen/src/misc/RealSvd2x2.h  
#17 37.19   inflating: eigen-3.4.0/Eigen/src/misc/blas.h  
#17 37.19   inflating: eigen-3.4.0/Eigen/src/misc/lapack.h  
#17 37.19   inflating: eigen-3.4.0/Eigen/src/misc/lapacke.h  
#17 37.19   inflating: eigen-3.4.0/Eigen/src/misc/lapacke_mangling.h  
#17 37.19    creating: eigen-3.4.0/Eigen/src/plugins/
#17 37.19   inflating: eigen-3.4.0/Eigen/src/plugins/ArrayCwiseBinaryOps.h  
#17 37.19   inflating: eigen-3.4.0/Eigen/src/plugins/ArrayCwiseUnaryOps.h  
#17 37.19   inflating: eigen-3.4.0/Eigen/src/plugins/BlockMethods.h  
#17 37.19   inflating: eigen-3.4.0/Eigen/src/plugins/CommonCwiseBinaryOps.h  
#17 37.19   inflating: eigen-3.4.0/Eigen/src/plugins/CommonCwiseUnaryOps.h  
#17 37.20   inflating: eigen-3.4.0/Eigen/src/plugins/IndexedViewMethods.h  
#17 37.20   inflating: eigen-3.4.0/Eigen/src/plugins/MatrixCwiseBinaryOps.h  
#17 37.20   inflating: eigen-3.4.0/Eigen/src/plugins/MatrixCwiseUnaryOps.h  
#17 37.20   inflating: eigen-3.4.0/Eigen/src/plugins/ReshapedMethods.h  
#17 37.20   inflating: eigen-3.4.0/INSTALL     
#17 37.20   inflating: eigen-3.4.0/README.md   
#17 37.20    creating: eigen-3.4.0/bench/
#17 37.20   inflating: eigen-3.4.0/bench/BenchSparseUtil.h  
#17 37.20   inflating: eigen-3.4.0/bench/BenchTimer.h  
#17 37.20   inflating: eigen-3.4.0/bench/BenchUtil.h  
#17 37.20   inflating: eigen-3.4.0/bench/README.txt  
#17 37.20   inflating: eigen-3.4.0/bench/analyze-blocking-sizes.cpp  
#17 37.20   inflating: eigen-3.4.0/bench/basicbench.cxxlist  
#17 37.20   inflating: eigen-3.4.0/bench/basicbenchmark.cpp  
#17 37.20   inflating: eigen-3.4.0/bench/basicbenchmark.h  
#17 37.20   inflating: eigen-3.4.0/bench/benchBlasGemm.cpp  
#17 37.20   inflating: eigen-3.4.0/bench/benchCholesky.cpp  
#17 37.20   inflating: eigen-3.4.0/bench/benchEigenSolver.cpp  
#17 37.20   inflating: eigen-3.4.0/bench/benchFFT.cpp  
#17 37.20   inflating: eigen-3.4.0/bench/benchGeometry.cpp  
#17 37.20   inflating: eigen-3.4.0/bench/benchVecAdd.cpp  
#17 37.20   inflating: eigen-3.4.0/bench/bench_gemm.cpp  
#17 37.20   inflating: eigen-3.4.0/bench/bench_move_semantics.cpp  
#17 37.20   inflating: eigen-3.4.0/bench/bench_multi_compilers.sh  
#17 37.20   inflating: eigen-3.4.0/bench/bench_norm.cpp  
#17 37.20   inflating: eigen-3.4.0/bench/bench_reverse.cpp  
#17 37.20   inflating: eigen-3.4.0/bench/bench_sum.cpp  
#17 37.20   inflating: eigen-3.4.0/bench/bench_unrolling  
#17 37.20   inflating: eigen-3.4.0/bench/benchmark-blocking-sizes.cpp  
#17 37.20   inflating: eigen-3.4.0/bench/benchmark.cpp  
#17 37.21   inflating: eigen-3.4.0/bench/benchmarkSlice.cpp  
#17 37.21   inflating: eigen-3.4.0/bench/benchmarkX.cpp  
#17 37.21   inflating: eigen-3.4.0/bench/benchmarkXcwise.cpp  
#17 37.21   inflating: eigen-3.4.0/bench/benchmark_suite  
#17 37.21    creating: eigen-3.4.0/bench/btl/
#17 37.21   inflating: eigen-3.4.0/bench/btl/CMakeLists.txt  
#17 37.21   inflating: eigen-3.4.0/bench/btl/COPYING  
#17 37.21   inflating: eigen-3.4.0/bench/btl/README  
#17 37.21    creating: eigen-3.4.0/bench/btl/actions/
#17 37.21   inflating: eigen-3.4.0/bench/btl/actions/action_aat_product.hh  
#17 37.21   inflating: eigen-3.4.0/bench/btl/actions/action_ata_product.hh  
#17 37.21   inflating: eigen-3.4.0/bench/btl/actions/action_atv_product.hh  
#17 37.21   inflating: eigen-3.4.0/bench/btl/actions/action_axpby.hh  
#17 37.21   inflating: eigen-3.4.0/bench/btl/actions/action_axpy.hh  
#17 37.21   inflating: eigen-3.4.0/bench/btl/actions/action_cholesky.hh  
#17 37.21   inflating: eigen-3.4.0/bench/btl/actions/action_ger.hh  
#17 37.21   inflating: eigen-3.4.0/bench/btl/actions/action_hessenberg.hh  
#17 37.21   inflating: eigen-3.4.0/bench/btl/actions/action_lu_decomp.hh  
#17 37.21   inflating: eigen-3.4.0/bench/btl/actions/action_lu_solve.hh  
#17 37.21   inflating: eigen-3.4.0/bench/btl/actions/action_matrix_matrix_product.hh  
#17 37.21   inflating: eigen-3.4.0/bench/btl/actions/action_matrix_matrix_product_bis.hh  
#17 37.21   inflating: eigen-3.4.0/bench/btl/actions/action_matrix_vector_product.hh  
#17 37.21   inflating: eigen-3.4.0/bench/btl/actions/action_partial_lu.hh  
#17 37.21   inflating: eigen-3.4.0/bench/btl/actions/action_rot.hh  
#17 37.21   inflating: eigen-3.4.0/bench/btl/actions/action_symv.hh  
#17 37.21   inflating: eigen-3.4.0/bench/btl/actions/action_syr2.hh  
#17 37.21   inflating: eigen-3.4.0/bench/btl/actions/action_trisolve.hh  
#17 37.21   inflating: eigen-3.4.0/bench/btl/actions/action_trisolve_matrix.hh  
#17 37.21   inflating: eigen-3.4.0/bench/btl/actions/action_trmm.hh  
#17 37.21   inflating: eigen-3.4.0/bench/btl/actions/basic_actions.hh  
#17 37.21    creating: eigen-3.4.0/bench/btl/cmake/
#17 37.21   inflating: eigen-3.4.0/bench/btl/cmake/FindACML.cmake  
#17 37.22   inflating: eigen-3.4.0/bench/btl/cmake/FindATLAS.cmake  
#17 37.22   inflating: eigen-3.4.0/bench/btl/cmake/FindBLAZE.cmake  
#17 37.22   inflating: eigen-3.4.0/bench/btl/cmake/FindBlitz.cmake  
#17 37.22   inflating: eigen-3.4.0/bench/btl/cmake/FindCBLAS.cmake  
#17 37.22   inflating: eigen-3.4.0/bench/btl/cmake/FindGMM.cmake  
#17 37.22   inflating: eigen-3.4.0/bench/btl/cmake/FindMKL.cmake  
#17 37.22   inflating: eigen-3.4.0/bench/btl/cmake/FindMTL4.cmake  
#17 37.22   inflating: eigen-3.4.0/bench/btl/cmake/FindOPENBLAS.cmake  
#17 37.22   inflating: eigen-3.4.0/bench/btl/cmake/FindPackageHandleStandardArgs.cmake  
#17 37.22   inflating: eigen-3.4.0/bench/btl/cmake/FindTvmet.cmake  
#17 37.22   inflating: eigen-3.4.0/bench/btl/cmake/MacroOptionalAddSubdirectory.cmake  
#17 37.22    creating: eigen-3.4.0/bench/btl/data/
#17 37.22   inflating: eigen-3.4.0/bench/btl/data/CMakeLists.txt  
#17 37.22   inflating: eigen-3.4.0/bench/btl/data/action_settings.txt  
#17 37.22   inflating: eigen-3.4.0/bench/btl/data/gnuplot_common_settings.hh  
#17 37.22   inflating: eigen-3.4.0/bench/btl/data/go_mean  
#17 37.22   inflating: eigen-3.4.0/bench/btl/data/mean.cxx  
#17 37.22   inflating: eigen-3.4.0/bench/btl/data/mk_gnuplot_script.sh  
#17 37.22   inflating: eigen-3.4.0/bench/btl/data/mk_mean_script.sh  
#17 37.22   inflating: eigen-3.4.0/bench/btl/data/mk_new_gnuplot.sh  
#17 37.22   inflating: eigen-3.4.0/bench/btl/data/perlib_plot_settings.txt  
#17 37.22   inflating: eigen-3.4.0/bench/btl/data/regularize.cxx  
#17 37.22   inflating: eigen-3.4.0/bench/btl/data/smooth.cxx  
#17 37.22   inflating: eigen-3.4.0/bench/btl/data/smooth_all.sh  
#17 37.22    creating: eigen-3.4.0/bench/btl/generic_bench/
#17 37.22   inflating: eigen-3.4.0/bench/btl/generic_bench/bench.hh  
#17 37.22   inflating: eigen-3.4.0/bench/btl/generic_bench/bench_parameter.hh  
#17 37.22   inflating: eigen-3.4.0/bench/btl/generic_bench/btl.hh  
#17 37.22    creating: eigen-3.4.0/bench/btl/generic_bench/init/
#17 37.22   inflating: eigen-3.4.0/bench/btl/generic_bench/init/init_function.hh  
#17 37.22   inflating: eigen-3.4.0/bench/btl/generic_bench/init/init_matrix.hh  
#17 37.23   inflating: eigen-3.4.0/bench/btl/generic_bench/init/init_vector.hh  
#17 37.23    creating: eigen-3.4.0/bench/btl/generic_bench/static/
#17 37.23   inflating: eigen-3.4.0/bench/btl/generic_bench/static/bench_static.hh  
#17 37.23   inflating: eigen-3.4.0/bench/btl/generic_bench/static/intel_bench_fixed_size.hh  
#17 37.23   inflating: eigen-3.4.0/bench/btl/generic_bench/static/static_size_generator.hh  
#17 37.23    creating: eigen-3.4.0/bench/btl/generic_bench/timers/
#17 37.23   inflating: eigen-3.4.0/bench/btl/generic_bench/timers/STL_perf_analyzer.hh  
#17 37.23   inflating: eigen-3.4.0/bench/btl/generic_bench/timers/STL_timer.hh  
#17 37.23   inflating: eigen-3.4.0/bench/btl/generic_bench/timers/mixed_perf_analyzer.hh  
#17 37.23   inflating: eigen-3.4.0/bench/btl/generic_bench/timers/portable_perf_analyzer.hh  
#17 37.23   inflating: eigen-3.4.0/bench/btl/generic_bench/timers/portable_perf_analyzer_old.hh  
#17 37.23   inflating: eigen-3.4.0/bench/btl/generic_bench/timers/portable_timer.hh  
#17 37.23   inflating: eigen-3.4.0/bench/btl/generic_bench/timers/x86_perf_analyzer.hh  
#17 37.23   inflating: eigen-3.4.0/bench/btl/generic_bench/timers/x86_timer.hh  
#17 37.23    creating: eigen-3.4.0/bench/btl/generic_bench/utils/
#17 37.23   inflating: eigen-3.4.0/bench/btl/generic_bench/utils/size_lin_log.hh  
#17 37.23   inflating: eigen-3.4.0/bench/btl/generic_bench/utils/size_log.hh  
#17 37.23   inflating: eigen-3.4.0/bench/btl/generic_bench/utils/utilities.h  
#17 37.23   inflating: eigen-3.4.0/bench/btl/generic_bench/utils/xy_file.hh  
#17 37.23    creating: eigen-3.4.0/bench/btl/libs/
#17 37.23    creating: eigen-3.4.0/bench/btl/libs/BLAS/
#17 37.23   inflating: eigen-3.4.0/bench/btl/libs/BLAS/CMakeLists.txt  
#17 37.23   inflating: eigen-3.4.0/bench/btl/libs/BLAS/blas.h  
#17 37.23   inflating: eigen-3.4.0/bench/btl/libs/BLAS/blas_interface.hh  
#17 37.23   inflating: eigen-3.4.0/bench/btl/libs/BLAS/blas_interface_impl.hh  
#17 37.23   inflating: eigen-3.4.0/bench/btl/libs/BLAS/c_interface_base.h  
#17 37.23   inflating: eigen-3.4.0/bench/btl/libs/BLAS/main.cpp  
#17 37.23    creating: eigen-3.4.0/bench/btl/libs/STL/
#17 37.23   inflating: eigen-3.4.0/bench/btl/libs/STL/CMakeLists.txt  
#17 37.23   inflating: eigen-3.4.0/bench/btl/libs/STL/STL_interface.hh  
#17 37.24   inflating: eigen-3.4.0/bench/btl/libs/STL/main.cpp  
#17 37.24    creating: eigen-3.4.0/bench/btl/libs/blaze/
#17 37.24   inflating: eigen-3.4.0/bench/btl/libs/blaze/CMakeLists.txt  
#17 37.24   inflating: eigen-3.4.0/bench/btl/libs/blaze/blaze_interface.hh  
#17 37.24   inflating: eigen-3.4.0/bench/btl/libs/blaze/main.cpp  
#17 37.24    creating: eigen-3.4.0/bench/btl/libs/blitz/
#17 37.24   inflating: eigen-3.4.0/bench/btl/libs/blitz/CMakeLists.txt  
#17 37.24   inflating: eigen-3.4.0/bench/btl/libs/blitz/blitz_LU_solve_interface.hh  
#17 37.24   inflating: eigen-3.4.0/bench/btl/libs/blitz/blitz_interface.hh  
#17 37.24   inflating: eigen-3.4.0/bench/btl/libs/blitz/btl_blitz.cpp  
#17 37.24   inflating: eigen-3.4.0/bench/btl/libs/blitz/btl_tiny_blitz.cpp  
#17 37.24   inflating: eigen-3.4.0/bench/btl/libs/blitz/tiny_blitz_interface.hh  
#17 37.24    creating: eigen-3.4.0/bench/btl/libs/eigen2/
#17 37.24   inflating: eigen-3.4.0/bench/btl/libs/eigen2/CMakeLists.txt  
#17 37.24   inflating: eigen-3.4.0/bench/btl/libs/eigen2/btl_tiny_eigen2.cpp  
#17 37.24   inflating: eigen-3.4.0/bench/btl/libs/eigen2/eigen2_interface.hh  
#17 37.24   inflating: eigen-3.4.0/bench/btl/libs/eigen2/main_adv.cpp  
#17 37.24   inflating: eigen-3.4.0/bench/btl/libs/eigen2/main_linear.cpp  
#17 37.24   inflating: eigen-3.4.0/bench/btl/libs/eigen2/main_matmat.cpp  
#17 37.24   inflating: eigen-3.4.0/bench/btl/libs/eigen2/main_vecmat.cpp  
#17 37.24    creating: eigen-3.4.0/bench/btl/libs/eigen3/
#17 37.24   inflating: eigen-3.4.0/bench/btl/libs/eigen3/CMakeLists.txt  
#17 37.24   inflating: eigen-3.4.0/bench/btl/libs/eigen3/btl_tiny_eigen3.cpp  
#17 37.24   inflating: eigen-3.4.0/bench/btl/libs/eigen3/eigen3_interface.hh  
#17 37.24   inflating: eigen-3.4.0/bench/btl/libs/eigen3/main_adv.cpp  
#17 37.24   inflating: eigen-3.4.0/bench/btl/libs/eigen3/main_linear.cpp  
#17 37.25   inflating: eigen-3.4.0/bench/btl/libs/eigen3/main_matmat.cpp  
#17 37.25   inflating: eigen-3.4.0/bench/btl/libs/eigen3/main_vecmat.cpp  
#17 37.25    creating: eigen-3.4.0/bench/btl/libs/gmm/
#17 37.25   inflating: eigen-3.4.0/bench/btl/libs/gmm/CMakeLists.txt  
#17 37.25   inflating: eigen-3.4.0/bench/btl/libs/gmm/gmm_LU_solve_interface.hh  
#17 37.25   inflating: eigen-3.4.0/bench/btl/libs/gmm/gmm_interface.hh  
#17 37.25   inflating: eigen-3.4.0/bench/btl/libs/gmm/main.cpp  
#17 37.25    creating: eigen-3.4.0/bench/btl/libs/mtl4/
#17 37.25   inflating: eigen-3.4.0/bench/btl/libs/mtl4/.kdbgrc.main  
#17 37.25   inflating: eigen-3.4.0/bench/btl/libs/mtl4/CMakeLists.txt  
#17 37.25   inflating: eigen-3.4.0/bench/btl/libs/mtl4/main.cpp  
#17 37.25   inflating: eigen-3.4.0/bench/btl/libs/mtl4/mtl4_LU_solve_interface.hh  
#17 37.25   inflating: eigen-3.4.0/bench/btl/libs/mtl4/mtl4_interface.hh  
#17 37.25    creating: eigen-3.4.0/bench/btl/libs/tensors/
#17 37.25   inflating: eigen-3.4.0/bench/btl/libs/tensors/CMakeLists.txt  
#17 37.25   inflating: eigen-3.4.0/bench/btl/libs/tensors/main_linear.cpp  
#17 37.25   inflating: eigen-3.4.0/bench/btl/libs/tensors/main_matmat.cpp  
#17 37.25   inflating: eigen-3.4.0/bench/btl/libs/tensors/main_vecmat.cpp  
#17 37.25   inflating: eigen-3.4.0/bench/btl/libs/tensors/tensor_interface.hh  
#17 37.25    creating: eigen-3.4.0/bench/btl/libs/tvmet/
#17 37.25   inflating: eigen-3.4.0/bench/btl/libs/tvmet/CMakeLists.txt  
#17 37.25   inflating: eigen-3.4.0/bench/btl/libs/tvmet/main.cpp  
#17 37.25   inflating: eigen-3.4.0/bench/btl/libs/tvmet/tvmet_interface.hh  
#17 37.25    creating: eigen-3.4.0/bench/btl/libs/ublas/
#17 37.25   inflating: eigen-3.4.0/bench/btl/libs/ublas/CMakeLists.txt  
#17 37.25   inflating: eigen-3.4.0/bench/btl/libs/ublas/main.cpp  
#17 37.25   inflating: eigen-3.4.0/bench/btl/libs/ublas/ublas_interface.hh  
#17 37.25   inflating: eigen-3.4.0/bench/check_cache_queries.cpp  
#17 37.25   inflating: eigen-3.4.0/bench/dense_solvers.cpp  
#17 37.26   inflating: eigen-3.4.0/bench/eig33.cpp  
#17 37.26   inflating: eigen-3.4.0/bench/geometry.cpp  
#17 37.26    creating: eigen-3.4.0/bench/perf_monitoring/
#17 37.26   inflating: eigen-3.4.0/bench/perf_monitoring/changesets.txt  
#17 37.26   inflating: eigen-3.4.0/bench/perf_monitoring/gemm.cpp  
#17 37.26   inflating: eigen-3.4.0/bench/perf_monitoring/gemm_common.h  
#17 37.26   inflating: eigen-3.4.0/bench/perf_monitoring/gemm_settings.txt  
#17 37.26   inflating: eigen-3.4.0/bench/perf_monitoring/gemm_square_settings.txt  
#17 37.26   inflating: eigen-3.4.0/bench/perf_monitoring/gemv.cpp  
#17 37.26   inflating: eigen-3.4.0/bench/perf_monitoring/gemv_common.h  
#17 37.26   inflating: eigen-3.4.0/bench/perf_monitoring/gemv_settings.txt  
#17 37.26   inflating: eigen-3.4.0/bench/perf_monitoring/gemv_square_settings.txt  
#17 37.26   inflating: eigen-3.4.0/bench/perf_monitoring/gemvt.cpp  
#17 37.26   inflating: eigen-3.4.0/bench/perf_monitoring/lazy_gemm.cpp  
#17 37.26   inflating: eigen-3.4.0/bench/perf_monitoring/lazy_gemm_settings.txt  
#17 37.26   inflating: eigen-3.4.0/bench/perf_monitoring/llt.cpp  
#17 37.26   inflating: eigen-3.4.0/bench/perf_monitoring/make_plot.sh  
#17 37.26    creating: eigen-3.4.0/bench/perf_monitoring/resources/
#17 37.26   inflating: eigen-3.4.0/bench/perf_monitoring/resources/chart_footer.html  
#17 37.26   inflating: eigen-3.4.0/bench/perf_monitoring/resources/chart_header.html  
#17 37.26   inflating: eigen-3.4.0/bench/perf_monitoring/resources/footer.html  
#17 37.26   inflating: eigen-3.4.0/bench/perf_monitoring/resources/header.html  
#17 37.26   inflating: eigen-3.4.0/bench/perf_monitoring/resources/s1.js  
#17 37.27   inflating: eigen-3.4.0/bench/perf_monitoring/resources/s2.js  
#17 37.27   inflating: eigen-3.4.0/bench/perf_monitoring/run.sh  
#17 37.27   inflating: eigen-3.4.0/bench/perf_monitoring/runall.sh  
#17 37.27   inflating: eigen-3.4.0/bench/perf_monitoring/trmv_lo.cpp  
#17 37.27   inflating: eigen-3.4.0/bench/perf_monitoring/trmv_lot.cpp  
#17 37.27   inflating: eigen-3.4.0/bench/perf_monitoring/trmv_up.cpp  
#17 37.27   inflating: eigen-3.4.0/bench/perf_monitoring/trmv_upt.cpp  
#17 37.27   inflating: eigen-3.4.0/bench/product_threshold.cpp  
#17 37.27   inflating: eigen-3.4.0/bench/quat_slerp.cpp  
#17 37.27   inflating: eigen-3.4.0/bench/quatmul.cpp  
#17 37.27   inflating: eigen-3.4.0/bench/sparse_cholesky.cpp  
#17 37.27   inflating: eigen-3.4.0/bench/sparse_dense_product.cpp  
#17 37.27   inflating: eigen-3.4.0/bench/sparse_lu.cpp  
#17 37.27   inflating: eigen-3.4.0/bench/sparse_product.cpp  
#17 37.27   inflating: eigen-3.4.0/bench/sparse_randomsetter.cpp  
#17 37.28   inflating: eigen-3.4.0/bench/sparse_setter.cpp  
#17 37.28   inflating: eigen-3.4.0/bench/sparse_transpose.cpp  
#17 37.28   inflating: eigen-3.4.0/bench/sparse_trisolver.cpp  
#17 37.28    creating: eigen-3.4.0/bench/spbench/
#17 37.28   inflating: eigen-3.4.0/bench/spbench/CMakeLists.txt  
#17 37.28   inflating: eigen-3.4.0/bench/spbench/sp_solver.cpp  
#17 37.28   inflating: eigen-3.4.0/bench/spbench/spbench.dtd  
#17 37.28   inflating: eigen-3.4.0/bench/spbench/spbenchsolver.cpp  
#17 37.28   inflating: eigen-3.4.0/bench/spbench/spbenchsolver.h  
#17 37.28   inflating: eigen-3.4.0/bench/spbench/spbenchstyle.h  
#17 37.28   inflating: eigen-3.4.0/bench/spbench/test_sparseLU.cpp  
#17 37.28   inflating: eigen-3.4.0/bench/spmv.cpp  
#17 37.28    creating: eigen-3.4.0/bench/tensors/
#17 37.28   inflating: eigen-3.4.0/bench/tensors/README  
#17 37.28   inflating: eigen-3.4.0/bench/tensors/benchmark.h  
#17 37.28   inflating: eigen-3.4.0/bench/tensors/benchmark_main.cc  
#17 37.28   inflating: eigen-3.4.0/bench/tensors/contraction_benchmarks_cpu.cc  
#17 37.28   inflating: eigen-3.4.0/bench/tensors/eigen_sycl_bench.sh  
#17 37.28   inflating: eigen-3.4.0/bench/tensors/eigen_sycl_bench_contract.sh  
#17 37.28   inflating: eigen-3.4.0/bench/tensors/tensor_benchmarks.h  
#17 37.28   inflating: eigen-3.4.0/bench/tensors/tensor_benchmarks_cpu.cc  
#17 37.28   inflating: eigen-3.4.0/bench/tensors/tensor_benchmarks_fp16_gpu.cu  
#17 37.28   inflating: eigen-3.4.0/bench/tensors/tensor_benchmarks_gpu.cu  
#17 37.28   inflating: eigen-3.4.0/bench/tensors/tensor_benchmarks_sycl.cc  
#17 37.28   inflating: eigen-3.4.0/bench/tensors/tensor_contract_sycl_bench.cc  
#17 37.29   inflating: eigen-3.4.0/bench/vdw_new.cpp  
#17 37.29    creating: eigen-3.4.0/blas/
#17 37.29   inflating: eigen-3.4.0/blas/BandTriangularSolver.h  
#17 37.29   inflating: eigen-3.4.0/blas/CMakeLists.txt  
#17 37.29   inflating: eigen-3.4.0/blas/GeneralRank1Update.h  
#17 37.29   inflating: eigen-3.4.0/blas/PackedSelfadjointProduct.h  
#17 37.29   inflating: eigen-3.4.0/blas/PackedTriangularMatrixVector.h  
#17 37.29   inflating: eigen-3.4.0/blas/PackedTriangularSolverVector.h  
#17 37.29   inflating: eigen-3.4.0/blas/README.txt  
#17 37.29   inflating: eigen-3.4.0/blas/Rank2Update.h  
#17 37.29   inflating: eigen-3.4.0/blas/common.h  
#17 37.29   inflating: eigen-3.4.0/blas/complex_double.cpp  
#17 37.29   inflating: eigen-3.4.0/blas/complex_single.cpp  
#17 37.29   inflating: eigen-3.4.0/blas/double.cpp  
#17 37.29    creating: eigen-3.4.0/blas/f2c/
#17 37.29   inflating: eigen-3.4.0/blas/f2c/chbmv.c  
#17 37.29   inflating: eigen-3.4.0/blas/f2c/chpmv.c  
#17 37.29   inflating: eigen-3.4.0/blas/f2c/complexdots.c  
#17 37.29   inflating: eigen-3.4.0/blas/f2c/ctbmv.c  
#17 37.29   inflating: eigen-3.4.0/blas/f2c/d_cnjg.c  
#17 37.29   inflating: eigen-3.4.0/blas/f2c/datatypes.h  
#17 37.29   inflating: eigen-3.4.0/blas/f2c/drotm.c  
#17 37.29   inflating: eigen-3.4.0/blas/f2c/drotmg.c  
#17 37.29   inflating: eigen-3.4.0/blas/f2c/dsbmv.c  
#17 37.30   inflating: eigen-3.4.0/blas/f2c/dspmv.c  
#17 37.30   inflating: eigen-3.4.0/blas/f2c/dtbmv.c  
#17 37.30   inflating: eigen-3.4.0/blas/f2c/lsame.c  
#17 37.30   inflating: eigen-3.4.0/blas/f2c/r_cnjg.c  
#17 37.30   inflating: eigen-3.4.0/blas/f2c/srotm.c  
#17 37.30   inflating: eigen-3.4.0/blas/f2c/srotmg.c  
#17 37.30   inflating: eigen-3.4.0/blas/f2c/ssbmv.c  
#17 37.30   inflating: eigen-3.4.0/blas/f2c/sspmv.c  
#17 37.30   inflating: eigen-3.4.0/blas/f2c/stbmv.c  
#17 37.30   inflating: eigen-3.4.0/blas/f2c/zhbmv.c  
#17 37.30   inflating: eigen-3.4.0/blas/f2c/zhpmv.c  
#17 37.30   inflating: eigen-3.4.0/blas/f2c/ztbmv.c  
#17 37.31    creating: eigen-3.4.0/blas/fortran/
#17 37.31   inflating: eigen-3.4.0/blas/fortran/complexdots.f  
#17 37.31   inflating: eigen-3.4.0/blas/level1_cplx_impl.h  
#17 37.31   inflating: eigen-3.4.0/blas/level1_impl.h  
#17 37.31   inflating: eigen-3.4.0/blas/level1_real_impl.h  
#17 37.31   inflating: eigen-3.4.0/blas/level2_cplx_impl.h  
#17 37.31   inflating: eigen-3.4.0/blas/level2_impl.h  
#17 37.31   inflating: eigen-3.4.0/blas/level2_real_impl.h  
#17 37.31   inflating: eigen-3.4.0/blas/level3_impl.h  
#17 37.31   inflating: eigen-3.4.0/blas/single.cpp  
#17 37.31    creating: eigen-3.4.0/blas/testing/
#17 37.31   inflating: eigen-3.4.0/blas/testing/CMakeLists.txt  
#17 37.31   inflating: eigen-3.4.0/blas/testing/cblat1.f  
#17 37.32   inflating: eigen-3.4.0/blas/testing/cblat2.dat  
#17 37.32   inflating: eigen-3.4.0/blas/testing/cblat2.f  
#17 37.32   inflating: eigen-3.4.0/blas/testing/cblat3.dat  
#17 37.32   inflating: eigen-3.4.0/blas/testing/cblat3.f  
#17 37.32   inflating: eigen-3.4.0/blas/testing/dblat1.f  
#17 37.32   inflating: eigen-3.4.0/blas/testing/dblat2.dat  
#17 37.32   inflating: eigen-3.4.0/blas/testing/dblat2.f  
#17 37.33   inflating: eigen-3.4.0/blas/testing/dblat3.dat  
#17 37.33   inflating: eigen-3.4.0/blas/testing/dblat3.f  
#17 37.33   inflating: eigen-3.4.0/blas/testing/runblastest.sh  
#17 37.33   inflating: eigen-3.4.0/blas/testing/sblat1.f  
#17 37.33   inflating: eigen-3.4.0/blas/testing/sblat2.dat  
#17 37.33   inflating: eigen-3.4.0/blas/testing/sblat2.f  
#17 37.33   inflating: eigen-3.4.0/blas/testing/sblat3.dat  
#17 37.33   inflating: eigen-3.4.0/blas/testing/sblat3.f  
#17 37.33   inflating: eigen-3.4.0/blas/testing/zblat1.f  
#17 37.34   inflating: eigen-3.4.0/blas/testing/zblat2.dat  
#17 37.34   inflating: eigen-3.4.0/blas/testing/zblat2.f  
#17 37.34   inflating: eigen-3.4.0/blas/testing/zblat3.dat  
#17 37.34   inflating: eigen-3.4.0/blas/testing/zblat3.f  
#17 37.34   inflating: eigen-3.4.0/blas/xerbla.cpp  
#17 37.34    creating: eigen-3.4.0/ci/
#17 37.34   inflating: eigen-3.4.0/ci/CTest2JUnit.xsl  
#17 37.34   inflating: eigen-3.4.0/ci/README.md  
#17 37.34   inflating: eigen-3.4.0/ci/build.gitlab-ci.yml  
#17 37.34   inflating: eigen-3.4.0/ci/smoketests.gitlab-ci.yml  
#17 37.34   inflating: eigen-3.4.0/ci/test.gitlab-ci.yml  
#17 37.34    creating: eigen-3.4.0/cmake/
#17 37.34   inflating: eigen-3.4.0/cmake/ComputeCppCompilerChecks.cmake  
#17 37.34   inflating: eigen-3.4.0/cmake/ComputeCppIRMap.cmake  
#17 37.34   inflating: eigen-3.4.0/cmake/Eigen3Config.cmake.in  
#17 37.34   inflating: eigen-3.4.0/cmake/Eigen3ConfigLegacy.cmake.in  
#17 37.35   inflating: eigen-3.4.0/cmake/EigenConfigureTesting.cmake  
#17 37.35   inflating: eigen-3.4.0/cmake/EigenDetermineOSVersion.cmake  
#17 37.35   inflating: eigen-3.4.0/cmake/EigenDetermineVSServicePack.cmake  
#17 37.35   inflating: eigen-3.4.0/cmake/EigenSmokeTestList.cmake  
#17 37.35   inflating: eigen-3.4.0/cmake/EigenTesting.cmake  
#17 37.35   inflating: eigen-3.4.0/cmake/EigenUninstall.cmake  
#17 37.35   inflating: eigen-3.4.0/cmake/FindAdolc.cmake  
#17 37.35   inflating: eigen-3.4.0/cmake/FindBLAS.cmake  
#17 37.35   inflating: eigen-3.4.0/cmake/FindBLASEXT.cmake  
#17 37.35   inflating: eigen-3.4.0/cmake/FindCHOLMOD.cmake  
#17 37.35   inflating: eigen-3.4.0/cmake/FindComputeCpp.cmake  
#17 37.35   inflating: eigen-3.4.0/cmake/FindEigen2.cmake  
#17 37.35   inflating: eigen-3.4.0/cmake/FindEigen3.cmake  
#17 37.35   inflating: eigen-3.4.0/cmake/FindFFTW.cmake  
#17 37.35   inflating: eigen-3.4.0/cmake/FindGLEW.cmake  
#17 37.35   inflating: eigen-3.4.0/cmake/FindGMP.cmake  
#17 37.36   inflating: eigen-3.4.0/cmake/FindGSL.cmake  
#17 37.36   inflating: eigen-3.4.0/cmake/FindGoogleHash.cmake  
#17 37.36   inflating: eigen-3.4.0/cmake/FindHWLOC.cmake  
#17 37.36   inflating: eigen-3.4.0/cmake/FindKLU.cmake  
#17 37.36   inflating: eigen-3.4.0/cmake/FindLAPACK.cmake  
#17 37.36   inflating: eigen-3.4.0/cmake/FindMPFR.cmake  
#17 37.36   inflating: eigen-3.4.0/cmake/FindMPREAL.cmake  
#17 37.36   inflating: eigen-3.4.0/cmake/FindMetis.cmake  
#17 37.36   inflating: eigen-3.4.0/cmake/FindPASTIX.cmake  
#17 37.36   inflating: eigen-3.4.0/cmake/FindPTSCOTCH.cmake  
#17 37.36   inflating: eigen-3.4.0/cmake/FindSCOTCH.cmake  
#17 37.36   inflating: eigen-3.4.0/cmake/FindSPQR.cmake  
#17 37.36   inflating: eigen-3.4.0/cmake/FindStandardMathLibrary.cmake  
#17 37.37   inflating: eigen-3.4.0/cmake/FindSuperLU.cmake  
#17 37.37   inflating: eigen-3.4.0/cmake/FindTriSYCL.cmake  
#17 37.37   inflating: eigen-3.4.0/cmake/FindUMFPACK.cmake  
#17 37.37   inflating: eigen-3.4.0/cmake/RegexUtils.cmake  
#17 37.37   inflating: eigen-3.4.0/cmake/UseEigen3.cmake  
#17 37.37    creating: eigen-3.4.0/debug/
#17 37.37    creating: eigen-3.4.0/debug/gdb/
#17 37.37  extracting: eigen-3.4.0/debug/gdb/__init__.py  
#17 37.37   inflating: eigen-3.4.0/debug/gdb/printers.py  
#17 37.37    creating: eigen-3.4.0/debug/msvc/
#17 37.37   inflating: eigen-3.4.0/debug/msvc/eigen.natvis  
#17 37.37   inflating: eigen-3.4.0/debug/msvc/eigen_autoexp_part.dat  
#17 37.37    creating: eigen-3.4.0/demos/
#17 37.37   inflating: eigen-3.4.0/demos/CMakeLists.txt  
#17 37.37    creating: eigen-3.4.0/demos/mandelbrot/
#17 37.37   inflating: eigen-3.4.0/demos/mandelbrot/CMakeLists.txt  
#17 37.37   inflating: eigen-3.4.0/demos/mandelbrot/README  
#17 37.37   inflating: eigen-3.4.0/demos/mandelbrot/mandelbrot.cpp  
#17 37.38   inflating: eigen-3.4.0/demos/mandelbrot/mandelbrot.h  
#17 37.38    creating: eigen-3.4.0/demos/mix_eigen_and_c/
#17 37.38   inflating: eigen-3.4.0/demos/mix_eigen_and_c/README  
#17 37.38   inflating: eigen-3.4.0/demos/mix_eigen_and_c/binary_library.cpp  
#17 37.38   inflating: eigen-3.4.0/demos/mix_eigen_and_c/binary_library.h  
#17 37.38   inflating: eigen-3.4.0/demos/mix_eigen_and_c/example.c  
#17 37.38    creating: eigen-3.4.0/demos/opengl/
#17 37.38   inflating: eigen-3.4.0/demos/opengl/CMakeLists.txt  
#17 37.38   inflating: eigen-3.4.0/demos/opengl/README  
#17 37.38   inflating: eigen-3.4.0/demos/opengl/camera.cpp  
#17 37.38   inflating: eigen-3.4.0/demos/opengl/camera.h  
#17 37.38   inflating: eigen-3.4.0/demos/opengl/gpuhelper.cpp  
#17 37.39   inflating: eigen-3.4.0/demos/opengl/gpuhelper.h  
#17 37.39   inflating: eigen-3.4.0/demos/opengl/icosphere.cpp  
#17 37.39   inflating: eigen-3.4.0/demos/opengl/icosphere.h  
#17 37.39   inflating: eigen-3.4.0/demos/opengl/quaternion_demo.cpp  
#17 37.39   inflating: eigen-3.4.0/demos/opengl/quaternion_demo.h  
#17 37.39   inflating: eigen-3.4.0/demos/opengl/trackball.cpp  
#17 37.39   inflating: eigen-3.4.0/demos/opengl/trackball.h  
#17 37.39    creating: eigen-3.4.0/doc/
#17 37.39   inflating: eigen-3.4.0/doc/AsciiQuickReference.txt  
#17 37.39   inflating: eigen-3.4.0/doc/B01_Experimental.dox  
#17 37.39   inflating: eigen-3.4.0/doc/CMakeLists.txt  
#17 37.39   inflating: eigen-3.4.0/doc/ClassHierarchy.dox  
#17 37.39   inflating: eigen-3.4.0/doc/CoeffwiseMathFunctionsTable.dox  
#17 37.39   inflating: eigen-3.4.0/doc/CustomizingEigen_CustomScalar.dox  
#17 37.40   inflating: eigen-3.4.0/doc/CustomizingEigen_InheritingMatrix.dox  
#17 37.40   inflating: eigen-3.4.0/doc/CustomizingEigen_NullaryExpr.dox  
#17 37.40   inflating: eigen-3.4.0/doc/CustomizingEigen_Plugins.dox  
#17 37.40   inflating: eigen-3.4.0/doc/DenseDecompositionBenchmark.dox  
#17 37.40   inflating: eigen-3.4.0/doc/Doxyfile.in  
#17 37.40  extracting: eigen-3.4.0/doc/Eigen_Silly_Professor_64x64.png  
#17 37.40   inflating: eigen-3.4.0/doc/FixedSizeVectorizable.dox  
#17 37.40   inflating: eigen-3.4.0/doc/FunctionsTakingEigenTypes.dox  
#17 37.40   inflating: eigen-3.4.0/doc/HiPerformance.dox  
#17 37.40   inflating: eigen-3.4.0/doc/InplaceDecomposition.dox  
#17 37.40   inflating: eigen-3.4.0/doc/InsideEigenExample.dox  
#17 37.41   inflating: eigen-3.4.0/doc/LeastSquares.dox  
#17 37.41   inflating: eigen-3.4.0/doc/Manual.dox  
#17 37.41   inflating: eigen-3.4.0/doc/MatrixfreeSolverExample.dox  
#17 37.41   inflating: eigen-3.4.0/doc/NewExpressionType.dox  
#17 37.41   inflating: eigen-3.4.0/doc/Overview.dox  
#17 37.41   inflating: eigen-3.4.0/doc/PassingByValue.dox  
#17 37.41   inflating: eigen-3.4.0/doc/Pitfalls.dox  
#17 37.41   inflating: eigen-3.4.0/doc/PreprocessorDirectives.dox  
#17 37.41   inflating: eigen-3.4.0/doc/QuickReference.dox  
#17 37.41   inflating: eigen-3.4.0/doc/QuickStartGuide.dox  
#17 37.41   inflating: eigen-3.4.0/doc/SparseLinearSystems.dox  
#17 37.41   inflating: eigen-3.4.0/doc/SparseQuickReference.dox  
#17 37.41   inflating: eigen-3.4.0/doc/StlContainers.dox  
#17 37.41   inflating: eigen-3.4.0/doc/StorageOrders.dox  
#17 37.41   inflating: eigen-3.4.0/doc/StructHavingEigenMembers.dox  
#17 37.41   inflating: eigen-3.4.0/doc/TemplateKeyword.dox  
#17 37.42   inflating: eigen-3.4.0/doc/TopicAliasing.dox  
#17 37.42   inflating: eigen-3.4.0/doc/TopicAssertions.dox  
#17 37.42   inflating: eigen-3.4.0/doc/TopicCMakeGuide.dox  
#17 37.42   inflating: eigen-3.4.0/doc/TopicEigenExpressionTemplates.dox  
#17 37.42   inflating: eigen-3.4.0/doc/TopicLazyEvaluation.dox  
#17 37.42   inflating: eigen-3.4.0/doc/TopicLinearAlgebraDecompositions.dox  
#17 37.42   inflating: eigen-3.4.0/doc/TopicMultithreading.dox  
#17 37.42   inflating: eigen-3.4.0/doc/TopicResizing.dox  
#17 37.42   inflating: eigen-3.4.0/doc/TopicScalarTypes.dox  
#17 37.42   inflating: eigen-3.4.0/doc/TopicVectorization.dox  
#17 37.42   inflating: eigen-3.4.0/doc/TutorialAdvancedInitialization.dox  
#17 37.42   inflating: eigen-3.4.0/doc/TutorialArrayClass.dox  
#17 37.42   inflating: eigen-3.4.0/doc/TutorialBlockOperations.dox  
#17 37.42   inflating: eigen-3.4.0/doc/TutorialGeometry.dox  
#17 37.42   inflating: eigen-3.4.0/doc/TutorialLinearAlgebra.dox  
#17 37.42   inflating: eigen-3.4.0/doc/TutorialMapClass.dox  
#17 37.42   inflating: eigen-3.4.0/doc/TutorialMatrixArithmetic.dox  
#17 37.42   inflating: eigen-3.4.0/doc/TutorialMatrixClass.dox  
#17 37.43   inflating: eigen-3.4.0/doc/TutorialReductionsVisitorsBroadcasting.dox  
#17 37.43   inflating: eigen-3.4.0/doc/TutorialReshape.dox  
#17 37.43   inflating: eigen-3.4.0/doc/TutorialSTL.dox  
#17 37.43   inflating: eigen-3.4.0/doc/TutorialSlicingIndexing.dox  
#17 37.43   inflating: eigen-3.4.0/doc/TutorialSparse.dox  
#17 37.43   inflating: eigen-3.4.0/doc/TutorialSparse_example_details.dox  
#17 37.43   inflating: eigen-3.4.0/doc/UnalignedArrayAssert.dox  
#17 37.43   inflating: eigen-3.4.0/doc/UsingBlasLapackBackends.dox  
#17 37.43   inflating: eigen-3.4.0/doc/UsingIntelMKL.dox  
#17 37.43   inflating: eigen-3.4.0/doc/UsingNVCC.dox  
#17 37.43   inflating: eigen-3.4.0/doc/WrongStackAlignment.dox  
#17 37.43   inflating: eigen-3.4.0/doc/eigen_navtree_hacks.js  
#17 37.43   inflating: eigen-3.4.0/doc/eigendoxy.css  
#17 37.43   inflating: eigen-3.4.0/doc/eigendoxy_footer.html.in  
#17 37.43   inflating: eigen-3.4.0/doc/eigendoxy_header.html.in  
#17 37.43   inflating: eigen-3.4.0/doc/eigendoxy_layout.xml.in  
#17 37.43   inflating: eigen-3.4.0/doc/eigendoxy_tabs.css  
#17 37.43    creating: eigen-3.4.0/doc/examples/
#17 37.43   inflating: eigen-3.4.0/doc/examples/.krazy  
#17 37.43   inflating: eigen-3.4.0/doc/examples/CMakeLists.txt  
#17 37.43   inflating: eigen-3.4.0/doc/examples/CustomizingEigen_Inheritance.cpp  
#17 37.43   inflating: eigen-3.4.0/doc/examples/Cwise_erf.cpp  
#17 37.43   inflating: eigen-3.4.0/doc/examples/Cwise_erfc.cpp  
#17 37.43   inflating: eigen-3.4.0/doc/examples/Cwise_lgamma.cpp  
#17 37.43   inflating: eigen-3.4.0/doc/examples/DenseBase_middleCols_int.cpp  
#17 37.44   inflating: eigen-3.4.0/doc/examples/DenseBase_middleRows_int.cpp  
#17 37.44   inflating: eigen-3.4.0/doc/examples/DenseBase_template_int_middleCols.cpp  
#17 37.44   inflating: eigen-3.4.0/doc/examples/DenseBase_template_int_middleRows.cpp  
#17 37.44   inflating: eigen-3.4.0/doc/examples/QuickStart_example.cpp  
#17 37.44   inflating: eigen-3.4.0/doc/examples/QuickStart_example2_dynamic.cpp  
#17 37.44   inflating: eigen-3.4.0/doc/examples/QuickStart_example2_fixed.cpp  
#17 37.44   inflating: eigen-3.4.0/doc/examples/TemplateKeyword_flexible.cpp  
#17 37.44   inflating: eigen-3.4.0/doc/examples/TemplateKeyword_simple.cpp  
#17 37.44   inflating: eigen-3.4.0/doc/examples/TutorialInplaceLU.cpp  
#17 37.44   inflating: eigen-3.4.0/doc/examples/TutorialLinAlgComputeTwice.cpp  
#17 37.44   inflating: eigen-3.4.0/doc/examples/TutorialLinAlgExComputeSolveError.cpp  
#17 37.44   inflating: eigen-3.4.0/doc/examples/TutorialLinAlgExSolveColPivHouseholderQR.cpp  
#17 37.44   inflating: eigen-3.4.0/doc/examples/TutorialLinAlgExSolveLDLT.cpp  
#17 37.44   inflating: eigen-3.4.0/doc/examples/TutorialLinAlgInverseDeterminant.cpp  
#17 37.44   inflating: eigen-3.4.0/doc/examples/TutorialLinAlgRankRevealing.cpp  
#17 37.44   inflating: eigen-3.4.0/doc/examples/TutorialLinAlgSVDSolve.cpp  
#17 37.44   inflating: eigen-3.4.0/doc/examples/TutorialLinAlgSelfAdjointEigenSolver.cpp  
#17 37.44   inflating: eigen-3.4.0/doc/examples/TutorialLinAlgSetThreshold.cpp  
#17 37.44   inflating: eigen-3.4.0/doc/examples/Tutorial_ArrayClass_accessors.cpp  
#17 37.44   inflating: eigen-3.4.0/doc/examples/Tutorial_ArrayClass_addition.cpp  
#17 37.44   inflating: eigen-3.4.0/doc/examples/Tutorial_ArrayClass_cwise_other.cpp  
#17 37.44   inflating: eigen-3.4.0/doc/examples/Tutorial_ArrayClass_interop.cpp  
#17 37.44   inflating: eigen-3.4.0/doc/examples/Tutorial_ArrayClass_interop_matrix.cpp  
#17 37.44   inflating: eigen-3.4.0/doc/examples/Tutorial_ArrayClass_mult.cpp  
#17 37.44   inflating: eigen-3.4.0/doc/examples/Tutorial_BlockOperations_block_assignment.cpp  
#17 37.44   inflating: eigen-3.4.0/doc/examples/Tutorial_BlockOperations_colrow.cpp  
#17 37.44   inflating: eigen-3.4.0/doc/examples/Tutorial_BlockOperations_corner.cpp  
#17 37.44   inflating: eigen-3.4.0/doc/examples/Tutorial_BlockOperations_print_block.cpp  
#17 37.44   inflating: eigen-3.4.0/doc/examples/Tutorial_BlockOperations_vector.cpp  
#17 37.44   inflating: eigen-3.4.0/doc/examples/Tutorial_PartialLU_solve.cpp  
#17 37.44   inflating: eigen-3.4.0/doc/examples/Tutorial_ReductionsVisitorsBroadcasting_broadcast_1nn.cpp  
#17 37.44   inflating: eigen-3.4.0/doc/examples/Tutorial_ReductionsVisitorsBroadcasting_broadcast_simple.cpp  
#17 37.44   inflating: eigen-3.4.0/doc/examples/Tutorial_ReductionsVisitorsBroadcasting_broadcast_simple_rowwise.cpp  
#17 37.44   inflating: eigen-3.4.0/doc/examples/Tutorial_ReductionsVisitorsBroadcasting_colwise.cpp  
#17 37.44   inflating: eigen-3.4.0/doc/examples/Tutorial_ReductionsVisitorsBroadcasting_maxnorm.cpp  
#17 37.45   inflating: eigen-3.4.0/doc/examples/Tutorial_ReductionsVisitorsBroadcasting_reductions_bool.cpp  
#17 37.45   inflating: eigen-3.4.0/doc/examples/Tutorial_ReductionsVisitorsBroadcasting_reductions_norm.cpp  
#17 37.45   inflating: eigen-3.4.0/doc/examples/Tutorial_ReductionsVisitorsBroadcasting_reductions_operatornorm.cpp  
#17 37.45   inflating: eigen-3.4.0/doc/examples/Tutorial_ReductionsVisitorsBroadcasting_rowwise.cpp  
#17 37.45   inflating: eigen-3.4.0/doc/examples/Tutorial_ReductionsVisitorsBroadcasting_visitors.cpp  
#17 37.45   inflating: eigen-3.4.0/doc/examples/Tutorial_simple_example_dynamic_size.cpp  
#17 37.45   inflating: eigen-3.4.0/doc/examples/Tutorial_simple_example_fixed_size.cpp  
#17 37.45   inflating: eigen-3.4.0/doc/examples/class_Block.cpp  
#17 37.45   inflating: eigen-3.4.0/doc/examples/class_CwiseBinaryOp.cpp  
#17 37.45   inflating: eigen-3.4.0/doc/examples/class_CwiseUnaryOp.cpp  
#17 37.45   inflating: eigen-3.4.0/doc/examples/class_CwiseUnaryOp_ptrfun.cpp  
#17 37.45   inflating: eigen-3.4.0/doc/examples/class_FixedBlock.cpp  
#17 37.45   inflating: eigen-3.4.0/doc/examples/class_FixedReshaped.cpp  
#17 37.45   inflating: eigen-3.4.0/doc/examples/class_FixedVectorBlock.cpp  
#17 37.45   inflating: eigen-3.4.0/doc/examples/class_Reshaped.cpp  
#17 37.45   inflating: eigen-3.4.0/doc/examples/class_VectorBlock.cpp  
#17 37.45   inflating: eigen-3.4.0/doc/examples/function_taking_eigenbase.cpp  
#17 37.45   inflating: eigen-3.4.0/doc/examples/function_taking_ref.cpp  
#17 37.45   inflating: eigen-3.4.0/doc/examples/make_circulant.cpp  
#17 37.45   inflating: eigen-3.4.0/doc/examples/make_circulant.cpp.entry  
#17 37.45   inflating: eigen-3.4.0/doc/examples/make_circulant.cpp.evaluator  
#17 37.45   inflating: eigen-3.4.0/doc/examples/make_circulant.cpp.expression  
#17 37.45   inflating: eigen-3.4.0/doc/examples/make_circulant.cpp.main  
#17 37.45   inflating: eigen-3.4.0/doc/examples/make_circulant.cpp.preamble  
#17 37.45   inflating: eigen-3.4.0/doc/examples/make_circulant.cpp.traits  
#17 37.45   inflating: eigen-3.4.0/doc/examples/make_circulant2.cpp  
#17 37.45   inflating: eigen-3.4.0/doc/examples/matrixfree_cg.cpp  
#17 37.46   inflating: eigen-3.4.0/doc/examples/nullary_indexing.cpp  
#17 37.46   inflating: eigen-3.4.0/doc/examples/tut_arithmetic_add_sub.cpp  
#17 37.46   inflating: eigen-3.4.0/doc/examples/tut_arithmetic_dot_cross.cpp  
#17 37.46   inflating: eigen-3.4.0/doc/examples/tut_arithmetic_matrix_mul.cpp  
#17 37.46   inflating: eigen-3.4.0/doc/examples/tut_arithmetic_redux_basic.cpp  
#17 37.46   inflating: eigen-3.4.0/doc/examples/tut_arithmetic_scalar_mul_div.cpp  
#17 37.46   inflating: eigen-3.4.0/doc/examples/tut_matrix_coefficient_accessors.cpp  
#17 37.46   inflating: eigen-3.4.0/doc/examples/tut_matrix_resize.cpp  
#17 37.46   inflating: eigen-3.4.0/doc/examples/tut_matrix_resize_fixed_size.cpp  
#17 37.46  extracting: eigen-3.4.0/doc/ftv2node.png  
#17 37.46  extracting: eigen-3.4.0/doc/ftv2pnode.png  
#17 37.46    creating: eigen-3.4.0/doc/snippets/
#17 37.46   inflating: eigen-3.4.0/doc/snippets/.krazy  
#17 37.46   inflating: eigen-3.4.0/doc/snippets/AngleAxis_mimic_euler.cpp  
#17 37.46   inflating: eigen-3.4.0/doc/snippets/Array_initializer_list_23_cxx11.cpp  
#17 37.46   inflating: eigen-3.4.0/doc/snippets/Array_initializer_list_vector_cxx11.cpp  
#17 37.46   inflating: eigen-3.4.0/doc/snippets/Array_variadic_ctor_cxx11.cpp  
#17 37.46   inflating: eigen-3.4.0/doc/snippets/BiCGSTAB_simple.cpp  
#17 37.46   inflating: eigen-3.4.0/doc/snippets/BiCGSTAB_step_by_step.cpp  
#17 37.46   inflating: eigen-3.4.0/doc/snippets/CMakeLists.txt  
#17 37.46   inflating: eigen-3.4.0/doc/snippets/ColPivHouseholderQR_solve.cpp  
#17 37.46   inflating: eigen-3.4.0/doc/snippets/ComplexEigenSolver_compute.cpp  
#17 37.46   inflating: eigen-3.4.0/doc/snippets/ComplexEigenSolver_eigenvalues.cpp  
#17 37.46   inflating: eigen-3.4.0/doc/snippets/ComplexEigenSolver_eigenvectors.cpp  
#17 37.46   inflating: eigen-3.4.0/doc/snippets/ComplexSchur_compute.cpp  
#17 37.46   inflating: eigen-3.4.0/doc/snippets/ComplexSchur_matrixT.cpp  
#17 37.46   inflating: eigen-3.4.0/doc/snippets/ComplexSchur_matrixU.cpp  
#17 37.46   inflating: eigen-3.4.0/doc/snippets/Cwise_abs.cpp  
#17 37.46   inflating: eigen-3.4.0/doc/snippets/Cwise_abs2.cpp  
#17 37.46   inflating: eigen-3.4.0/doc/snippets/Cwise_acos.cpp  
#17 37.46   inflating: eigen-3.4.0/doc/snippets/Cwise_arg.cpp  
#17 37.46   inflating: eigen-3.4.0/doc/snippets/Cwise_array_power_array.cpp  
#17 37.46   inflating: eigen-3.4.0/doc/snippets/Cwise_asin.cpp  
#17 37.46   inflating: eigen-3.4.0/doc/snippets/Cwise_atan.cpp  
#17 37.46  extracting: eigen-3.4.0/doc/snippets/Cwise_boolean_and.cpp  
#17 37.46   inflating: eigen-3.4.0/doc/snippets/Cwise_boolean_not.cpp  
#17 37.46  extracting: eigen-3.4.0/doc/snippets/Cwise_boolean_or.cpp  
#17 37.47  extracting: eigen-3.4.0/doc/snippets/Cwise_boolean_xor.cpp  
#17 37.47   inflating: eigen-3.4.0/doc/snippets/Cwise_ceil.cpp  
#17 37.47   inflating: eigen-3.4.0/doc/snippets/Cwise_cos.cpp  
#17 37.47   inflating: eigen-3.4.0/doc/snippets/Cwise_cosh.cpp  
#17 37.47   inflating: eigen-3.4.0/doc/snippets/Cwise_cube.cpp  
#17 37.47   inflating: eigen-3.4.0/doc/snippets/Cwise_equal_equal.cpp  
#17 37.47   inflating: eigen-3.4.0/doc/snippets/Cwise_exp.cpp  
#17 37.47   inflating: eigen-3.4.0/doc/snippets/Cwise_floor.cpp  
#17 37.47   inflating: eigen-3.4.0/doc/snippets/Cwise_greater.cpp  
#17 37.47   inflating: eigen-3.4.0/doc/snippets/Cwise_greater_equal.cpp  
#17 37.47   inflating: eigen-3.4.0/doc/snippets/Cwise_inverse.cpp  
#17 37.47   inflating: eigen-3.4.0/doc/snippets/Cwise_isFinite.cpp  
#17 37.47   inflating: eigen-3.4.0/doc/snippets/Cwise_isInf.cpp  
#17 37.47   inflating: eigen-3.4.0/doc/snippets/Cwise_isNaN.cpp  
#17 37.47   inflating: eigen-3.4.0/doc/snippets/Cwise_less.cpp  
#17 37.47   inflating: eigen-3.4.0/doc/snippets/Cwise_less_equal.cpp  
#17 37.47   inflating: eigen-3.4.0/doc/snippets/Cwise_log.cpp  
#17 37.47   inflating: eigen-3.4.0/doc/snippets/Cwise_log10.cpp  
#17 37.47   inflating: eigen-3.4.0/doc/snippets/Cwise_max.cpp  
#17 37.47   inflating: eigen-3.4.0/doc/snippets/Cwise_min.cpp  
#17 37.47   inflating: eigen-3.4.0/doc/snippets/Cwise_minus.cpp  
#17 37.47   inflating: eigen-3.4.0/doc/snippets/Cwise_minus_equal.cpp  
#17 37.47   inflating: eigen-3.4.0/doc/snippets/Cwise_not_equal.cpp  
#17 37.47   inflating: eigen-3.4.0/doc/snippets/Cwise_plus.cpp  
#17 37.47   inflating: eigen-3.4.0/doc/snippets/Cwise_plus_equal.cpp  
#17 37.47   inflating: eigen-3.4.0/doc/snippets/Cwise_pow.cpp  
#17 37.47   inflating: eigen-3.4.0/doc/snippets/Cwise_product.cpp  
#17 37.47   inflating: eigen-3.4.0/doc/snippets/Cwise_quotient.cpp  
#17 37.47   inflating: eigen-3.4.0/doc/snippets/Cwise_rint.cpp  
#17 37.47   inflating: eigen-3.4.0/doc/snippets/Cwise_round.cpp  
#17 37.47   inflating: eigen-3.4.0/doc/snippets/Cwise_scalar_power_array.cpp  
#17 37.47   inflating: eigen-3.4.0/doc/snippets/Cwise_sign.cpp  
#17 37.47   inflating: eigen-3.4.0/doc/snippets/Cwise_sin.cpp  
#17 37.47   inflating: eigen-3.4.0/doc/snippets/Cwise_sinh.cpp  
#17 37.47   inflating: eigen-3.4.0/doc/snippets/Cwise_slash_equal.cpp  
#17 37.47   inflating: eigen-3.4.0/doc/snippets/Cwise_sqrt.cpp  
#17 37.47   inflating: eigen-3.4.0/doc/snippets/Cwise_square.cpp  
#17 37.47   inflating: eigen-3.4.0/doc/snippets/Cwise_tan.cpp  
#17 37.47   inflating: eigen-3.4.0/doc/snippets/Cwise_tanh.cpp  
#17 37.47   inflating: eigen-3.4.0/doc/snippets/Cwise_times_equal.cpp  
#17 37.47   inflating: eigen-3.4.0/doc/snippets/DenseBase_LinSpaced.cpp  
#17 37.48   inflating: eigen-3.4.0/doc/snippets/DenseBase_LinSpacedInt.cpp  
#17 37.48   inflating: eigen-3.4.0/doc/snippets/DenseBase_LinSpaced_seq_deprecated.cpp  
#17 37.48   inflating: eigen-3.4.0/doc/snippets/DenseBase_setLinSpaced.cpp  
#17 37.48   inflating: eigen-3.4.0/doc/snippets/DirectionWise_hnormalized.cpp  
#17 37.48   inflating: eigen-3.4.0/doc/snippets/DirectionWise_replicate.cpp  
#17 37.48   inflating: eigen-3.4.0/doc/snippets/DirectionWise_replicate_int.cpp  
#17 37.48   inflating: eigen-3.4.0/doc/snippets/EigenSolver_EigenSolver_MatrixType.cpp  
#17 37.48   inflating: eigen-3.4.0/doc/snippets/EigenSolver_compute.cpp  
#17 37.48   inflating: eigen-3.4.0/doc/snippets/EigenSolver_eigenvalues.cpp  
#17 37.48   inflating: eigen-3.4.0/doc/snippets/EigenSolver_eigenvectors.cpp  
#17 37.48   inflating: eigen-3.4.0/doc/snippets/EigenSolver_pseudoEigenvectors.cpp  
#17 37.48   inflating: eigen-3.4.0/doc/snippets/FullPivHouseholderQR_solve.cpp  
#17 37.48   inflating: eigen-3.4.0/doc/snippets/FullPivLU_image.cpp  
#17 37.48   inflating: eigen-3.4.0/doc/snippets/FullPivLU_kernel.cpp  
#17 37.48   inflating: eigen-3.4.0/doc/snippets/FullPivLU_solve.cpp  
#17 37.48   inflating: eigen-3.4.0/doc/snippets/GeneralizedEigenSolver.cpp  
#17 37.48   inflating: eigen-3.4.0/doc/snippets/HessenbergDecomposition_compute.cpp  
#17 37.48   inflating: eigen-3.4.0/doc/snippets/HessenbergDecomposition_matrixH.cpp  
#17 37.48   inflating: eigen-3.4.0/doc/snippets/HessenbergDecomposition_packedMatrix.cpp  
#17 37.48   inflating: eigen-3.4.0/doc/snippets/HouseholderQR_householderQ.cpp  
#17 37.48   inflating: eigen-3.4.0/doc/snippets/HouseholderQR_solve.cpp  
#17 37.48   inflating: eigen-3.4.0/doc/snippets/HouseholderSequence_HouseholderSequence.cpp  
#17 37.48   inflating: eigen-3.4.0/doc/snippets/IOFormat.cpp  
#17 37.48   inflating: eigen-3.4.0/doc/snippets/JacobiSVD_basic.cpp  
#17 37.48   inflating: eigen-3.4.0/doc/snippets/Jacobi_makeGivens.cpp  
#17 37.48   inflating: eigen-3.4.0/doc/snippets/Jacobi_makeJacobi.cpp  
#17 37.48   inflating: eigen-3.4.0/doc/snippets/LLT_example.cpp  
#17 37.48   inflating: eigen-3.4.0/doc/snippets/LLT_solve.cpp  
#17 37.49   inflating: eigen-3.4.0/doc/snippets/LeastSquaresNormalEquations.cpp  
#17 37.49   inflating: eigen-3.4.0/doc/snippets/LeastSquaresQR.cpp  
#17 37.49   inflating: eigen-3.4.0/doc/snippets/Map_general_stride.cpp  
#17 37.49   inflating: eigen-3.4.0/doc/snippets/Map_inner_stride.cpp  
#17 37.49   inflating: eigen-3.4.0/doc/snippets/Map_outer_stride.cpp  
#17 37.49   inflating: eigen-3.4.0/doc/snippets/Map_placement_new.cpp  
#17 37.49   inflating: eigen-3.4.0/doc/snippets/Map_simple.cpp  
#17 37.49   inflating: eigen-3.4.0/doc/snippets/MatrixBase_adjoint.cpp  
#17 37.49   inflating: eigen-3.4.0/doc/snippets/MatrixBase_all.cpp  
#17 37.49   inflating: eigen-3.4.0/doc/snippets/MatrixBase_applyOnTheLeft.cpp  
#17 37.49   inflating: eigen-3.4.0/doc/snippets/MatrixBase_applyOnTheRight.cpp  
#17 37.49   inflating: eigen-3.4.0/doc/snippets/MatrixBase_array.cpp  
#17 37.49   inflating: eigen-3.4.0/doc/snippets/MatrixBase_array_const.cpp  
#17 37.49  extracting: eigen-3.4.0/doc/snippets/MatrixBase_asDiagonal.cpp  
#17 37.49   inflating: eigen-3.4.0/doc/snippets/MatrixBase_block_int_int.cpp  
#17 37.49   inflating: eigen-3.4.0/doc/snippets/MatrixBase_block_int_int_int_int.cpp  
#17 37.49   inflating: eigen-3.4.0/doc/snippets/MatrixBase_bottomLeftCorner_int_int.cpp  
#17 37.49   inflating: eigen-3.4.0/doc/snippets/MatrixBase_bottomRightCorner_int_int.cpp  
#17 37.49   inflating: eigen-3.4.0/doc/snippets/MatrixBase_bottomRows_int.cpp  
#17 37.49   inflating: eigen-3.4.0/doc/snippets/MatrixBase_cast.cpp  
#17 37.49   inflating: eigen-3.4.0/doc/snippets/MatrixBase_col.cpp  
#17 37.49   inflating: eigen-3.4.0/doc/snippets/MatrixBase_colwise.cpp  
#17 37.49   inflating: eigen-3.4.0/doc/snippets/MatrixBase_colwise_iterator_cxx11.cpp  
#17 37.49   inflating: eigen-3.4.0/doc/snippets/MatrixBase_computeInverseAndDetWithCheck.cpp  
#17 37.49   inflating: eigen-3.4.0/doc/snippets/MatrixBase_computeInverseWithCheck.cpp  
#17 37.49   inflating: eigen-3.4.0/doc/snippets/MatrixBase_cwiseAbs.cpp  
#17 37.49   inflating: eigen-3.4.0/doc/snippets/MatrixBase_cwiseAbs2.cpp  
#17 37.49   inflating: eigen-3.4.0/doc/snippets/MatrixBase_cwiseArg.cpp  
#17 37.49   inflating: eigen-3.4.0/doc/snippets/MatrixBase_cwiseEqual.cpp  
#17 37.49   inflating: eigen-3.4.0/doc/snippets/MatrixBase_cwiseInverse.cpp  
#17 37.49  extracting: eigen-3.4.0/doc/snippets/MatrixBase_cwiseMax.cpp  
#17 37.49  extracting: eigen-3.4.0/doc/snippets/MatrixBase_cwiseMin.cpp  
#17 37.49   inflating: eigen-3.4.0/doc/snippets/MatrixBase_cwiseNotEqual.cpp  
#17 37.50   inflating: eigen-3.4.0/doc/snippets/MatrixBase_cwiseProduct.cpp  
#17 37.50  extracting: eigen-3.4.0/doc/snippets/MatrixBase_cwiseQuotient.cpp  
#17 37.50   inflating: eigen-3.4.0/doc/snippets/MatrixBase_cwiseSign.cpp  
#17 37.50  extracting: eigen-3.4.0/doc/snippets/MatrixBase_cwiseSqrt.cpp  
#17 37.50   inflating: eigen-3.4.0/doc/snippets/MatrixBase_diagonal.cpp  
#17 37.50   inflating: eigen-3.4.0/doc/snippets/MatrixBase_diagonal_int.cpp  
#17 37.50   inflating: eigen-3.4.0/doc/snippets/MatrixBase_diagonal_template_int.cpp  
#17 37.50   inflating: eigen-3.4.0/doc/snippets/MatrixBase_eigenvalues.cpp  
#17 37.50   inflating: eigen-3.4.0/doc/snippets/MatrixBase_end_int.cpp  
#17 37.50   inflating: eigen-3.4.0/doc/snippets/MatrixBase_eval.cpp  
#17 37.50   inflating: eigen-3.4.0/doc/snippets/MatrixBase_fixedBlock_int_int.cpp  
#17 37.50   inflating: eigen-3.4.0/doc/snippets/MatrixBase_hnormalized.cpp  
#17 37.50   inflating: eigen-3.4.0/doc/snippets/MatrixBase_homogeneous.cpp  
#17 37.50  extracting: eigen-3.4.0/doc/snippets/MatrixBase_identity.cpp  
#17 37.50  extracting: eigen-3.4.0/doc/snippets/MatrixBase_identity_int_int.cpp  
#17 37.50   inflating: eigen-3.4.0/doc/snippets/MatrixBase_inverse.cpp  
#17 37.50   inflating: eigen-3.4.0/doc/snippets/MatrixBase_isDiagonal.cpp  
#17 37.50   inflating: eigen-3.4.0/doc/snippets/MatrixBase_isIdentity.cpp  
#17 37.50   inflating: eigen-3.4.0/doc/snippets/MatrixBase_isOnes.cpp  
#17 37.50   inflating: eigen-3.4.0/doc/snippets/MatrixBase_isOrthogonal.cpp  
#17 37.50   inflating: eigen-3.4.0/doc/snippets/MatrixBase_isUnitary.cpp  
#17 37.50   inflating: eigen-3.4.0/doc/snippets/MatrixBase_isZero.cpp  
#17 37.50   inflating: eigen-3.4.0/doc/snippets/MatrixBase_leftCols_int.cpp  
#17 37.50   inflating: eigen-3.4.0/doc/snippets/MatrixBase_noalias.cpp  
#17 37.50   inflating: eigen-3.4.0/doc/snippets/MatrixBase_ones.cpp  
#17 37.50   inflating: eigen-3.4.0/doc/snippets/MatrixBase_ones_int.cpp  
#17 37.50  extracting: eigen-3.4.0/doc/snippets/MatrixBase_ones_int_int.cpp  
#17 37.50   inflating: eigen-3.4.0/doc/snippets/MatrixBase_operatorNorm.cpp  
#17 37.50   inflating: eigen-3.4.0/doc/snippets/MatrixBase_prod.cpp  
#17 37.50  extracting: eigen-3.4.0/doc/snippets/MatrixBase_random.cpp  
#17 37.50  extracting: eigen-3.4.0/doc/snippets/MatrixBase_random_int.cpp  
#17 37.50  extracting: eigen-3.4.0/doc/snippets/MatrixBase_random_int_int.cpp  
#17 37.50   inflating: eigen-3.4.0/doc/snippets/MatrixBase_replicate.cpp  
#17 37.50   inflating: eigen-3.4.0/doc/snippets/MatrixBase_replicate_int_int.cpp  
#17 37.50   inflating: eigen-3.4.0/doc/snippets/MatrixBase_reshaped_auto.cpp  
#17 37.50   inflating: eigen-3.4.0/doc/snippets/MatrixBase_reshaped_fixed.cpp  
#17 37.50   inflating: eigen-3.4.0/doc/snippets/MatrixBase_reshaped_int_int.cpp  
#17 37.50   inflating: eigen-3.4.0/doc/snippets/MatrixBase_reshaped_to_vector.cpp  
#17 37.50   inflating: eigen-3.4.0/doc/snippets/MatrixBase_reverse.cpp  
#17 37.50   inflating: eigen-3.4.0/doc/snippets/MatrixBase_rightCols_int.cpp  
#17 37.50   inflating: eigen-3.4.0/doc/snippets/MatrixBase_row.cpp  
#17 37.50   inflating: eigen-3.4.0/doc/snippets/MatrixBase_rowwise.cpp  
#17 37.50   inflating: eigen-3.4.0/doc/snippets/MatrixBase_segment_int_int.cpp  
#17 37.50   inflating: eigen-3.4.0/doc/snippets/MatrixBase_select.cpp  
#17 37.50   inflating: eigen-3.4.0/doc/snippets/MatrixBase_selfadjointView.cpp  
#17 37.50   inflating: eigen-3.4.0/doc/snippets/MatrixBase_set.cpp  
#17 37.50   inflating: eigen-3.4.0/doc/snippets/MatrixBase_setIdentity.cpp  
#17 37.50   inflating: eigen-3.4.0/doc/snippets/MatrixBase_setOnes.cpp  
#17 37.50   inflating: eigen-3.4.0/doc/snippets/MatrixBase_setRandom.cpp  
#17 37.50   inflating: eigen-3.4.0/doc/snippets/MatrixBase_setZero.cpp  
#17 37.50   inflating: eigen-3.4.0/doc/snippets/MatrixBase_start_int.cpp  
#17 37.50   inflating: eigen-3.4.0/doc/snippets/MatrixBase_template_int_bottomRows.cpp  
#17 37.50   inflating: eigen-3.4.0/doc/snippets/MatrixBase_template_int_end.cpp  
#17 37.50   inflating: eigen-3.4.0/doc/snippets/MatrixBase_template_int_int_block_int_int_int_int.cpp  
#17 37.51   inflating: eigen-3.4.0/doc/snippets/MatrixBase_template_int_int_bottomLeftCorner.cpp  
#17 37.51   inflating: eigen-3.4.0/doc/snippets/MatrixBase_template_int_int_bottomLeftCorner_int_int.cpp  
#17 37.51   inflating: eigen-3.4.0/doc/snippets/MatrixBase_template_int_int_bottomRightCorner.cpp  
#17 37.51   inflating: eigen-3.4.0/doc/snippets/MatrixBase_template_int_int_bottomRightCorner_int_int.cpp  
#17 37.51   inflating: eigen-3.4.0/doc/snippets/MatrixBase_template_int_int_topLeftCorner.cpp  
#17 37.51   inflating: eigen-3.4.0/doc/snippets/MatrixBase_template_int_int_topLeftCorner_int_int.cpp  
#17 37.51   inflating: eigen-3.4.0/doc/snippets/MatrixBase_template_int_int_topRightCorner.cpp  
#17 37.51   inflating: eigen-3.4.0/doc/snippets/MatrixBase_template_int_int_topRightCorner_int_int.cpp  
#17 37.51   inflating: eigen-3.4.0/doc/snippets/MatrixBase_template_int_leftCols.cpp  
#17 37.51   inflating: eigen-3.4.0/doc/snippets/MatrixBase_template_int_rightCols.cpp  
#17 37.51   inflating: eigen-3.4.0/doc/snippets/MatrixBase_template_int_segment.cpp  
#17 37.51   inflating: eigen-3.4.0/doc/snippets/MatrixBase_template_int_start.cpp  
#17 37.51   inflating: eigen-3.4.0/doc/snippets/MatrixBase_template_int_topRows.cpp  
#17 37.51   inflating: eigen-3.4.0/doc/snippets/MatrixBase_topLeftCorner_int_int.cpp  
#17 37.51   inflating: eigen-3.4.0/doc/snippets/MatrixBase_topRightCorner_int_int.cpp  
#17 37.51   inflating: eigen-3.4.0/doc/snippets/MatrixBase_topRows_int.cpp  
#17 37.51   inflating: eigen-3.4.0/doc/snippets/MatrixBase_transpose.cpp  
#17 37.51   inflating: eigen-3.4.0/doc/snippets/MatrixBase_triangularView.cpp  
#17 37.51   inflating: eigen-3.4.0/doc/snippets/MatrixBase_zero.cpp  
#17 37.51   inflating: eigen-3.4.0/doc/snippets/MatrixBase_zero_int.cpp  
#17 37.51  extracting: eigen-3.4.0/doc/snippets/MatrixBase_zero_int_int.cpp  
#17 37.51   inflating: eigen-3.4.0/doc/snippets/Matrix_Map_stride.cpp  
#17 37.51   inflating: eigen-3.4.0/doc/snippets/Matrix_initializer_list_23_cxx11.cpp  
#17 37.51   inflating: eigen-3.4.0/doc/snippets/Matrix_initializer_list_vector_cxx11.cpp  
#17 37.51   inflating: eigen-3.4.0/doc/snippets/Matrix_resize_NoChange_int.cpp  
#17 37.51   inflating: eigen-3.4.0/doc/snippets/Matrix_resize_int.cpp  
#17 37.51   inflating: eigen-3.4.0/doc/snippets/Matrix_resize_int_NoChange.cpp  
#17 37.51   inflating: eigen-3.4.0/doc/snippets/Matrix_resize_int_int.cpp  
#17 37.51   inflating: eigen-3.4.0/doc/snippets/Matrix_setConstant_int.cpp  
#17 37.51   inflating: eigen-3.4.0/doc/snippets/Matrix_setConstant_int_int.cpp  
#17 37.51   inflating: eigen-3.4.0/doc/snippets/Matrix_setIdentity_int_int.cpp  
#17 37.51   inflating: eigen-3.4.0/doc/snippets/Matrix_setOnes_int.cpp  
#17 37.51   inflating: eigen-3.4.0/doc/snippets/Matrix_setOnes_int_int.cpp  
#17 37.51   inflating: eigen-3.4.0/doc/snippets/Matrix_setRandom_int.cpp  
#17 37.51   inflating: eigen-3.4.0/doc/snippets/Matrix_setRandom_int_int.cpp  
#17 37.51   inflating: eigen-3.4.0/doc/snippets/Matrix_setZero_int.cpp  
#17 37.51   inflating: eigen-3.4.0/doc/snippets/Matrix_setZero_int_int.cpp  
#17 37.51   inflating: eigen-3.4.0/doc/snippets/Matrix_variadic_ctor_cxx11.cpp  
#17 37.51   inflating: eigen-3.4.0/doc/snippets/PartialPivLU_solve.cpp  
#17 37.51   inflating: eigen-3.4.0/doc/snippets/PartialRedux_count.cpp  
#17 37.51   inflating: eigen-3.4.0/doc/snippets/PartialRedux_maxCoeff.cpp  
#17 37.51   inflating: eigen-3.4.0/doc/snippets/PartialRedux_minCoeff.cpp  
#17 37.51   inflating: eigen-3.4.0/doc/snippets/PartialRedux_norm.cpp  
#17 37.51   inflating: eigen-3.4.0/doc/snippets/PartialRedux_prod.cpp  
#17 37.51   inflating: eigen-3.4.0/doc/snippets/PartialRedux_squaredNorm.cpp  
#17 37.51   inflating: eigen-3.4.0/doc/snippets/PartialRedux_sum.cpp  
#17 37.51   inflating: eigen-3.4.0/doc/snippets/RealQZ_compute.cpp  
#17 37.52   inflating: eigen-3.4.0/doc/snippets/RealSchur_RealSchur_MatrixType.cpp  
#17 37.52   inflating: eigen-3.4.0/doc/snippets/RealSchur_compute.cpp  
#17 37.52   inflating: eigen-3.4.0/doc/snippets/SelfAdjointEigenSolver_SelfAdjointEigenSolver.cpp  
#17 37.52   inflating: eigen-3.4.0/doc/snippets/SelfAdjointEigenSolver_SelfAdjointEigenSolver_MatrixType.cpp  
#17 37.52   inflating: eigen-3.4.0/doc/snippets/SelfAdjointEigenSolver_SelfAdjointEigenSolver_MatrixType2.cpp  
#17 37.52   inflating: eigen-3.4.0/doc/snippets/SelfAdjointEigenSolver_compute_MatrixType.cpp  
#17 37.52   inflating: eigen-3.4.0/doc/snippets/SelfAdjointEigenSolver_compute_MatrixType2.cpp  
#17 37.52   inflating: eigen-3.4.0/doc/snippets/SelfAdjointEigenSolver_eigenvalues.cpp  
#17 37.52   inflating: eigen-3.4.0/doc/snippets/SelfAdjointEigenSolver_eigenvectors.cpp  
#17 37.52   inflating: eigen-3.4.0/doc/snippets/SelfAdjointEigenSolver_operatorInverseSqrt.cpp  
#17 37.52   inflating: eigen-3.4.0/doc/snippets/SelfAdjointEigenSolver_operatorSqrt.cpp  
#17 37.52   inflating: eigen-3.4.0/doc/snippets/SelfAdjointView_eigenvalues.cpp  
#17 37.52   inflating: eigen-3.4.0/doc/snippets/SelfAdjointView_operatorNorm.cpp  
#17 37.52   inflating: eigen-3.4.0/doc/snippets/Slicing_arrayexpr.cpp  
#17 37.52   inflating: eigen-3.4.0/doc/snippets/Slicing_custom_padding_cxx11.cpp  
#17 37.52   inflating: eigen-3.4.0/doc/snippets/Slicing_rawarray_cxx11.cpp  
#17 37.52   inflating: eigen-3.4.0/doc/snippets/Slicing_stdvector_cxx11.cpp  
#17 37.52   inflating: eigen-3.4.0/doc/snippets/SparseMatrix_coeffs.cpp  
#17 37.52   inflating: eigen-3.4.0/doc/snippets/TopicAliasing_block.cpp  
#17 37.52   inflating: eigen-3.4.0/doc/snippets/TopicAliasing_block_correct.cpp  
#17 37.52   inflating: eigen-3.4.0/doc/snippets/TopicAliasing_cwise.cpp  
#17 37.52   inflating: eigen-3.4.0/doc/snippets/TopicAliasing_mult1.cpp  
#17 37.52   inflating: eigen-3.4.0/doc/snippets/TopicAliasing_mult2.cpp  
#17 37.52   inflating: eigen-3.4.0/doc/snippets/TopicAliasing_mult3.cpp  
#17 37.52   inflating: eigen-3.4.0/doc/snippets/TopicAliasing_mult4.cpp  
#17 37.52   inflating: eigen-3.4.0/doc/snippets/TopicAliasing_mult5.cpp  
#17 37.52   inflating: eigen-3.4.0/doc/snippets/TopicStorageOrders_example.cpp  
#17 37.52   inflating: eigen-3.4.0/doc/snippets/Triangular_solve.cpp  
#17 37.53   inflating: eigen-3.4.0/doc/snippets/Tridiagonalization_Tridiagonalization_MatrixType.cpp  
#17 37.53   inflating: eigen-3.4.0/doc/snippets/Tridiagonalization_compute.cpp  
#17 37.53   inflating: eigen-3.4.0/doc/snippets/Tridiagonalization_decomposeInPlace.cpp  
#17 37.53   inflating: eigen-3.4.0/doc/snippets/Tridiagonalization_diagonal.cpp  
#17 37.53   inflating: eigen-3.4.0/doc/snippets/Tridiagonalization_householderCoefficients.cpp  
#17 37.53   inflating: eigen-3.4.0/doc/snippets/Tridiagonalization_packedMatrix.cpp  
#17 37.53   inflating: eigen-3.4.0/doc/snippets/Tutorial_AdvancedInitialization_Block.cpp  
#17 37.53   inflating: eigen-3.4.0/doc/snippets/Tutorial_AdvancedInitialization_CommaTemporary.cpp  
#17 37.53   inflating: eigen-3.4.0/doc/snippets/Tutorial_AdvancedInitialization_Join.cpp  
#17 37.53   inflating: eigen-3.4.0/doc/snippets/Tutorial_AdvancedInitialization_LinSpaced.cpp  
#17 37.53   inflating: eigen-3.4.0/doc/snippets/Tutorial_AdvancedInitialization_ThreeWays.cpp  
#17 37.53   inflating: eigen-3.4.0/doc/snippets/Tutorial_AdvancedInitialization_Zero.cpp  
#17 37.53   inflating: eigen-3.4.0/doc/snippets/Tutorial_Map_rowmajor.cpp  
#17 37.53   inflating: eigen-3.4.0/doc/snippets/Tutorial_Map_using.cpp  
#17 37.53   inflating: eigen-3.4.0/doc/snippets/Tutorial_ReshapeMat2Mat.cpp  
#17 37.53   inflating: eigen-3.4.0/doc/snippets/Tutorial_ReshapeMat2Vec.cpp  
#17 37.53   inflating: eigen-3.4.0/doc/snippets/Tutorial_SlicingCol.cpp  
#17 37.53   inflating: eigen-3.4.0/doc/snippets/Tutorial_SlicingVec.cpp  
#17 37.53   inflating: eigen-3.4.0/doc/snippets/Tutorial_commainit_01.cpp  
#17 37.53   inflating: eigen-3.4.0/doc/snippets/Tutorial_commainit_01b.cpp  
#17 37.53   inflating: eigen-3.4.0/doc/snippets/Tutorial_commainit_02.cpp  
#17 37.53   inflating: eigen-3.4.0/doc/snippets/Tutorial_range_for_loop_1d_cxx11.cpp  
#17 37.53   inflating: eigen-3.4.0/doc/snippets/Tutorial_range_for_loop_2d_cxx11.cpp  
#17 37.53   inflating: eigen-3.4.0/doc/snippets/Tutorial_reshaped_vs_resize_1.cpp  
#17 37.53   inflating: eigen-3.4.0/doc/snippets/Tutorial_reshaped_vs_resize_2.cpp  
#17 37.53   inflating: eigen-3.4.0/doc/snippets/Tutorial_solve_matrix_inverse.cpp  
#17 37.53   inflating: eigen-3.4.0/doc/snippets/Tutorial_solve_multiple_rhs.cpp  
#17 37.53   inflating: eigen-3.4.0/doc/snippets/Tutorial_solve_reuse_decomposition.cpp  
#17 37.53   inflating: eigen-3.4.0/doc/snippets/Tutorial_solve_singular.cpp  
#17 37.53   inflating: eigen-3.4.0/doc/snippets/Tutorial_solve_triangular.cpp  
#17 37.53   inflating: eigen-3.4.0/doc/snippets/Tutorial_solve_triangular_inplace.cpp  
#17 37.53   inflating: eigen-3.4.0/doc/snippets/Tutorial_std_sort.cpp  
#17 37.53   inflating: eigen-3.4.0/doc/snippets/Tutorial_std_sort_rows_cxx11.cpp  
#17 37.53   inflating: eigen-3.4.0/doc/snippets/VectorwiseOp_homogeneous.cpp  
#17 37.53   inflating: eigen-3.4.0/doc/snippets/Vectorwise_reverse.cpp  
#17 37.53   inflating: eigen-3.4.0/doc/snippets/class_FullPivLU.cpp  
#17 37.53   inflating: eigen-3.4.0/doc/snippets/compile_snippet.cpp.in  
#17 37.54   inflating: eigen-3.4.0/doc/snippets/tut_arithmetic_redux_minmax.cpp  
#17 37.54   inflating: eigen-3.4.0/doc/snippets/tut_arithmetic_transpose_aliasing.cpp  
#17 37.54   inflating: eigen-3.4.0/doc/snippets/tut_arithmetic_transpose_conjugate.cpp  
#17 37.54   inflating: eigen-3.4.0/doc/snippets/tut_arithmetic_transpose_inplace.cpp  
#17 37.54   inflating: eigen-3.4.0/doc/snippets/tut_matrix_assignment_resizing.cpp  
#17 37.54    creating: eigen-3.4.0/doc/special_examples/
#17 37.54   inflating: eigen-3.4.0/doc/special_examples/CMakeLists.txt  
#17 37.54   inflating: eigen-3.4.0/doc/special_examples/Tutorial_sparse_example.cpp  
#17 37.54   inflating: eigen-3.4.0/doc/special_examples/Tutorial_sparse_example_details.cpp  
#17 37.54   inflating: eigen-3.4.0/doc/special_examples/random_cpp11.cpp  
#17 37.54   inflating: eigen-3.4.0/doc/tutorial.cpp  
#17 37.54   inflating: eigen-3.4.0/eigen3.pc.in  
#17 37.54    creating: eigen-3.4.0/failtest/
#17 37.54   inflating: eigen-3.4.0/failtest/CMakeLists.txt  
#17 37.54   inflating: eigen-3.4.0/failtest/bdcsvd_int.cpp  
#17 37.54   inflating: eigen-3.4.0/failtest/block_nonconst_ctor_on_const_xpr_0.cpp  
#17 37.54   inflating: eigen-3.4.0/failtest/block_nonconst_ctor_on_const_xpr_1.cpp  
#17 37.54   inflating: eigen-3.4.0/failtest/block_nonconst_ctor_on_const_xpr_2.cpp  
#17 37.54   inflating: eigen-3.4.0/failtest/block_on_const_type_actually_const_0.cpp  
#17 37.54   inflating: eigen-3.4.0/failtest/block_on_const_type_actually_const_1.cpp  
#17 37.54   inflating: eigen-3.4.0/failtest/colpivqr_int.cpp  
#17 37.54   inflating: eigen-3.4.0/failtest/const_qualified_block_method_retval_0.cpp  
#17 37.54   inflating: eigen-3.4.0/failtest/const_qualified_block_method_retval_1.cpp  
#17 37.54   inflating: eigen-3.4.0/failtest/const_qualified_diagonal_method_retval.cpp  
#17 37.54   inflating: eigen-3.4.0/failtest/const_qualified_transpose_method_retval.cpp  
#17 37.54   inflating: eigen-3.4.0/failtest/cwiseunaryview_nonconst_ctor_on_const_xpr.cpp  
#17 37.54   inflating: eigen-3.4.0/failtest/cwiseunaryview_on_const_type_actually_const.cpp  
#17 37.54   inflating: eigen-3.4.0/failtest/diagonal_nonconst_ctor_on_const_xpr.cpp  
#17 37.54   inflating: eigen-3.4.0/failtest/diagonal_on_const_type_actually_const.cpp  
#17 37.54   inflating: eigen-3.4.0/failtest/eigensolver_cplx.cpp  
#17 37.54   inflating: eigen-3.4.0/failtest/eigensolver_int.cpp  
#17 37.54   inflating: eigen-3.4.0/failtest/failtest_sanity_check.cpp  
#17 37.54   inflating: eigen-3.4.0/failtest/fullpivlu_int.cpp  
#17 37.54   inflating: eigen-3.4.0/failtest/fullpivqr_int.cpp  
#17 37.54   inflating: eigen-3.4.0/failtest/initializer_list_1.cpp  
#17 37.54   inflating: eigen-3.4.0/failtest/initializer_list_2.cpp  
#17 37.54   inflating: eigen-3.4.0/failtest/jacobisvd_int.cpp  
#17 37.54   inflating: eigen-3.4.0/failtest/ldlt_int.cpp  
#17 37.54   inflating: eigen-3.4.0/failtest/llt_int.cpp  
#17 37.54   inflating: eigen-3.4.0/failtest/map_nonconst_ctor_on_const_ptr_0.cpp  
#17 37.54   inflating: eigen-3.4.0/failtest/map_nonconst_ctor_on_const_ptr_1.cpp  
#17 37.54   inflating: eigen-3.4.0/failtest/map_nonconst_ctor_on_const_ptr_2.cpp  
#17 37.54   inflating: eigen-3.4.0/failtest/map_nonconst_ctor_on_const_ptr_3.cpp  
#17 37.55   inflating: eigen-3.4.0/failtest/map_nonconst_ctor_on_const_ptr_4.cpp  
#17 37.55   inflating: eigen-3.4.0/failtest/map_on_const_type_actually_const_0.cpp  
#17 37.55   inflating: eigen-3.4.0/failtest/map_on_const_type_actually_const_1.cpp  
#17 37.55   inflating: eigen-3.4.0/failtest/partialpivlu_int.cpp  
#17 37.55   inflating: eigen-3.4.0/failtest/qr_int.cpp  
#17 37.55   inflating: eigen-3.4.0/failtest/ref_1.cpp  
#17 37.55   inflating: eigen-3.4.0/failtest/ref_2.cpp  
#17 37.55   inflating: eigen-3.4.0/failtest/ref_3.cpp  
#17 37.55   inflating: eigen-3.4.0/failtest/ref_4.cpp  
#17 37.55   inflating: eigen-3.4.0/failtest/ref_5.cpp  
#17 37.55   inflating: eigen-3.4.0/failtest/selfadjointview_nonconst_ctor_on_const_xpr.cpp  
#17 37.55   inflating: eigen-3.4.0/failtest/selfadjointview_on_const_type_actually_const.cpp  
#17 37.55   inflating: eigen-3.4.0/failtest/sparse_ref_1.cpp  
#17 37.55   inflating: eigen-3.4.0/failtest/sparse_ref_2.cpp  
#17 37.55   inflating: eigen-3.4.0/failtest/sparse_ref_3.cpp  
#17 37.55   inflating: eigen-3.4.0/failtest/sparse_ref_4.cpp  
#17 37.55   inflating: eigen-3.4.0/failtest/sparse_ref_5.cpp  
#17 37.55   inflating: eigen-3.4.0/failtest/sparse_storage_mismatch.cpp  
#17 37.55   inflating: eigen-3.4.0/failtest/swap_1.cpp  
#17 37.55   inflating: eigen-3.4.0/failtest/swap_2.cpp  
#17 37.55   inflating: eigen-3.4.0/failtest/ternary_1.cpp  
#17 37.55   inflating: eigen-3.4.0/failtest/ternary_2.cpp  
#17 37.55   inflating: eigen-3.4.0/failtest/transpose_nonconst_ctor_on_const_xpr.cpp  
#17 37.55   inflating: eigen-3.4.0/failtest/transpose_on_const_type_actually_const.cpp  
#17 37.55   inflating: eigen-3.4.0/failtest/triangularview_nonconst_ctor_on_const_xpr.cpp  
#17 37.55   inflating: eigen-3.4.0/failtest/triangularview_on_const_type_actually_const.cpp  
#17 37.55    creating: eigen-3.4.0/lapack/
#17 37.56   inflating: eigen-3.4.0/lapack/CMakeLists.txt  
#17 37.56   inflating: eigen-3.4.0/lapack/cholesky.cpp  
#17 37.56   inflating: eigen-3.4.0/lapack/clacgv.f  
#17 37.56   inflating: eigen-3.4.0/lapack/cladiv.f  
#17 37.56   inflating: eigen-3.4.0/lapack/clarf.f  
#17 37.56   inflating: eigen-3.4.0/lapack/clarfb.f  
#17 37.56   inflating: eigen-3.4.0/lapack/clarfg.f  
#17 37.56   inflating: eigen-3.4.0/lapack/clarft.f  
#17 37.56   inflating: eigen-3.4.0/lapack/complex_double.cpp  
#17 37.56   inflating: eigen-3.4.0/lapack/complex_single.cpp  
#17 37.56   inflating: eigen-3.4.0/lapack/dladiv.f  
#17 37.56   inflating: eigen-3.4.0/lapack/dlamch.f  
#17 37.56   inflating: eigen-3.4.0/lapack/dlapy2.f  
#17 37.56   inflating: eigen-3.4.0/lapack/dlapy3.f  
#17 37.56   inflating: eigen-3.4.0/lapack/dlarf.f  
#17 37.56   inflating: eigen-3.4.0/lapack/dlarfb.f  
#17 37.56   inflating: eigen-3.4.0/lapack/dlarfg.f  
#17 37.56   inflating: eigen-3.4.0/lapack/dlarft.f  
#17 37.57   inflating: eigen-3.4.0/lapack/double.cpp  
#17 37.57   inflating: eigen-3.4.0/lapack/dsecnd_NONE.f  
#17 37.57   inflating: eigen-3.4.0/lapack/eigenvalues.cpp  
#17 37.57   inflating: eigen-3.4.0/lapack/ilaclc.f  
#17 37.57   inflating: eigen-3.4.0/lapack/ilaclr.f  
#17 37.57   inflating: eigen-3.4.0/lapack/iladlc.f  
#17 37.57   inflating: eigen-3.4.0/lapack/iladlr.f  
#17 37.57   inflating: eigen-3.4.0/lapack/ilaslc.f  
#17 37.57   inflating: eigen-3.4.0/lapack/ilaslr.f  
#17 37.57   inflating: eigen-3.4.0/lapack/ilazlc.f  
#17 37.57   inflating: eigen-3.4.0/lapack/ilazlr.f  
#17 37.57   inflating: eigen-3.4.0/lapack/lapack_common.h  
#17 37.57   inflating: eigen-3.4.0/lapack/lu.cpp  
#17 37.57   inflating: eigen-3.4.0/lapack/second_NONE.f  
#17 37.57   inflating: eigen-3.4.0/lapack/single.cpp  
#17 37.57   inflating: eigen-3.4.0/lapack/sladiv.f  
#17 37.57   inflating: eigen-3.4.0/lapack/slamch.f  
#17 37.57   inflating: eigen-3.4.0/lapack/slapy2.f  
#17 37.57   inflating: eigen-3.4.0/lapack/slapy3.f  
#17 37.57   inflating: eigen-3.4.0/lapack/slarf.f  
#17 37.57   inflating: eigen-3.4.0/lapack/slarfb.f  
#17 37.57   inflating: eigen-3.4.0/lapack/slarfg.f  
#17 37.57   inflating: eigen-3.4.0/lapack/slarft.f  
#17 37.57   inflating: eigen-3.4.0/lapack/svd.cpp  
#17 37.57   inflating: eigen-3.4.0/lapack/zlacgv.f  
#17 37.58   inflating: eigen-3.4.0/lapack/zladiv.f  
#17 37.58   inflating: eigen-3.4.0/lapack/zlarf.f  
#17 37.58   inflating: eigen-3.4.0/lapack/zlarfb.f  
#17 37.58   inflating: eigen-3.4.0/lapack/zlarfg.f  
#17 37.58   inflating: eigen-3.4.0/lapack/zlarft.f  
#17 37.58    creating: eigen-3.4.0/scripts/
#17 37.58   inflating: eigen-3.4.0/scripts/CMakeLists.txt  
#17 37.58   inflating: eigen-3.4.0/scripts/buildtests.in  
#17 37.58   inflating: eigen-3.4.0/scripts/cdashtesting.cmake.in  
#17 37.58   inflating: eigen-3.4.0/scripts/check.in  
#17 37.59  extracting: eigen-3.4.0/scripts/debug.in  
#17 37.59   inflating: eigen-3.4.0/scripts/eigen_gen_credits.cpp  
#17 37.59   inflating: eigen-3.4.0/scripts/eigen_gen_docs  
#17 37.59   inflating: eigen-3.4.0/scripts/eigen_gen_split_test_help.cmake  
#17 37.59   inflating: eigen-3.4.0/scripts/eigen_monitor_perf.sh  
#17 37.59  extracting: eigen-3.4.0/scripts/release.in  
#17 37.59   inflating: eigen-3.4.0/scripts/relicense.py  
#17 37.59   inflating: eigen-3.4.0/signature_of_eigen3_matrix_library  
#17 37.59    creating: eigen-3.4.0/test/
#17 37.59   inflating: eigen-3.4.0/test/AnnoyingScalar.h  
#17 37.59   inflating: eigen-3.4.0/test/CMakeLists.txt  
#17 37.59   inflating: eigen-3.4.0/test/MovableScalar.h  
#17 37.59   inflating: eigen-3.4.0/test/SafeScalar.h  
#17 37.59   inflating: eigen-3.4.0/test/adjoint.cpp  
#17 37.59   inflating: eigen-3.4.0/test/array_cwise.cpp  
#17 37.59   inflating: eigen-3.4.0/test/array_for_matrix.cpp  
#17 37.59   inflating: eigen-3.4.0/test/array_of_string.cpp  
#17 37.59   inflating: eigen-3.4.0/test/array_replicate.cpp  
#17 37.59   inflating: eigen-3.4.0/test/array_reverse.cpp  
#17 37.59   inflating: eigen-3.4.0/test/bandmatrix.cpp  
#17 37.59   inflating: eigen-3.4.0/test/basicstuff.cpp  
#17 37.59   inflating: eigen-3.4.0/test/bdcsvd.cpp  
#17 37.60   inflating: eigen-3.4.0/test/bfloat16_float.cpp  
#17 37.60   inflating: eigen-3.4.0/test/bicgstab.cpp  
#17 37.60   inflating: eigen-3.4.0/test/blasutil.cpp  
#17 37.60   inflating: eigen-3.4.0/test/block.cpp  
#17 37.60   inflating: eigen-3.4.0/test/boostmultiprec.cpp  
#17 37.60   inflating: eigen-3.4.0/test/bug1213.cpp  
#17 37.60   inflating: eigen-3.4.0/test/bug1213.h  
#17 37.60   inflating: eigen-3.4.0/test/bug1213_main.cpp  
#17 37.60   inflating: eigen-3.4.0/test/cholesky.cpp  
#17 37.60   inflating: eigen-3.4.0/test/cholmod_support.cpp  
#17 37.60   inflating: eigen-3.4.0/test/commainitializer.cpp  
#17 37.60   inflating: eigen-3.4.0/test/conjugate_gradient.cpp  
#17 37.60   inflating: eigen-3.4.0/test/conservative_resize.cpp  
#17 37.60   inflating: eigen-3.4.0/test/constructor.cpp  
#17 37.60   inflating: eigen-3.4.0/test/corners.cpp  
#17 37.60   inflating: eigen-3.4.0/test/ctorleak.cpp  
#17 37.60   inflating: eigen-3.4.0/test/denseLM.cpp  
#17 37.60   inflating: eigen-3.4.0/test/dense_storage.cpp  
#17 37.60   inflating: eigen-3.4.0/test/determinant.cpp  
#17 37.60   inflating: eigen-3.4.0/test/diagonal.cpp  
#17 37.60   inflating: eigen-3.4.0/test/diagonal_matrix_variadic_ctor.cpp  
#17 37.60   inflating: eigen-3.4.0/test/diagonalmatrices.cpp  
#17 37.60   inflating: eigen-3.4.0/test/dontalign.cpp  
#17 37.60   inflating: eigen-3.4.0/test/dynalloc.cpp  
#17 37.60   inflating: eigen-3.4.0/test/eigen2support.cpp  
#17 37.60   inflating: eigen-3.4.0/test/eigensolver_complex.cpp  
#17 37.60   inflating: eigen-3.4.0/test/eigensolver_generalized_real.cpp  
#17 37.60   inflating: eigen-3.4.0/test/eigensolver_generic.cpp  
#17 37.61   inflating: eigen-3.4.0/test/eigensolver_selfadjoint.cpp  
#17 37.61  extracting: eigen-3.4.0/test/evaluator_common.h  
#17 37.61   inflating: eigen-3.4.0/test/evaluators.cpp  
#17 37.61   inflating: eigen-3.4.0/test/exceptions.cpp  
#17 37.61   inflating: eigen-3.4.0/test/fastmath.cpp  
#17 37.61   inflating: eigen-3.4.0/test/first_aligned.cpp  
#17 37.61   inflating: eigen-3.4.0/test/geo_alignedbox.cpp  
#17 37.61   inflating: eigen-3.4.0/test/geo_eulerangles.cpp  
#17 37.61   inflating: eigen-3.4.0/test/geo_homogeneous.cpp  
#17 37.61   inflating: eigen-3.4.0/test/geo_hyperplane.cpp  
#17 37.61   inflating: eigen-3.4.0/test/geo_orthomethods.cpp  
#17 37.61   inflating: eigen-3.4.0/test/geo_parametrizedline.cpp  
#17 37.61   inflating: eigen-3.4.0/test/geo_quaternion.cpp  
#17 37.61   inflating: eigen-3.4.0/test/geo_transformations.cpp  
#17 37.61   inflating: eigen-3.4.0/test/gpu_basic.cu  
#17 37.61   inflating: eigen-3.4.0/test/gpu_common.h  
#17 37.61   inflating: eigen-3.4.0/test/half_float.cpp  
#17 37.62   inflating: eigen-3.4.0/test/hessenberg.cpp  
#17 37.62   inflating: eigen-3.4.0/test/householder.cpp  
#17 37.62   inflating: eigen-3.4.0/test/incomplete_cholesky.cpp  
#17 37.62   inflating: eigen-3.4.0/test/indexed_view.cpp  
#17 37.62   inflating: eigen-3.4.0/test/initializer_list_construction.cpp  
#17 37.62   inflating: eigen-3.4.0/test/inplace_decomposition.cpp  
#17 37.62   inflating: eigen-3.4.0/test/integer_types.cpp  
#17 37.62   inflating: eigen-3.4.0/test/inverse.cpp  
#17 37.62   inflating: eigen-3.4.0/test/io.cpp  
#17 37.62   inflating: eigen-3.4.0/test/is_same_dense.cpp  
#17 37.62   inflating: eigen-3.4.0/test/jacobi.cpp  
#17 37.62   inflating: eigen-3.4.0/test/jacobisvd.cpp  
#17 37.62   inflating: eigen-3.4.0/test/klu_support.cpp  
#17 37.62   inflating: eigen-3.4.0/test/linearstructure.cpp  
#17 37.62   inflating: eigen-3.4.0/test/lscg.cpp  
#17 37.62   inflating: eigen-3.4.0/test/lu.cpp  
#17 37.62   inflating: eigen-3.4.0/test/main.h  
#17 37.62   inflating: eigen-3.4.0/test/mapped_matrix.cpp  
#17 37.62   inflating: eigen-3.4.0/test/mapstaticmethods.cpp  
#17 37.63   inflating: eigen-3.4.0/test/mapstride.cpp  
#17 37.63   inflating: eigen-3.4.0/test/meta.cpp  
#17 37.63   inflating: eigen-3.4.0/test/metis_support.cpp  
#17 37.63   inflating: eigen-3.4.0/test/miscmatrices.cpp  
#17 37.63   inflating: eigen-3.4.0/test/mixingtypes.cpp  
#17 37.63   inflating: eigen-3.4.0/test/mpl2only.cpp  
#17 37.63   inflating: eigen-3.4.0/test/nestbyvalue.cpp  
#17 37.63   inflating: eigen-3.4.0/test/nesting_ops.cpp  
#17 37.63   inflating: eigen-3.4.0/test/nomalloc.cpp  
#17 37.63   inflating: eigen-3.4.0/test/nullary.cpp  
#17 37.63   inflating: eigen-3.4.0/test/num_dimensions.cpp  
#17 37.63   inflating: eigen-3.4.0/test/numext.cpp  
#17 37.63   inflating: eigen-3.4.0/test/packetmath.cpp  
#17 37.63   inflating: eigen-3.4.0/test/packetmath_test_shared.h  
#17 37.63   inflating: eigen-3.4.0/test/pardiso_support.cpp  
#17 37.64   inflating: eigen-3.4.0/test/pastix_support.cpp  
#17 37.64   inflating: eigen-3.4.0/test/permutationmatrices.cpp  
#17 37.64   inflating: eigen-3.4.0/test/prec_inverse_4x4.cpp  
#17 37.64   inflating: eigen-3.4.0/test/product.h  
#17 37.64   inflating: eigen-3.4.0/test/product_extra.cpp  
#17 37.64   inflating: eigen-3.4.0/test/product_large.cpp  
#17 37.64   inflating: eigen-3.4.0/test/product_mmtr.cpp  
#17 37.64   inflating: eigen-3.4.0/test/product_notemporary.cpp  
#17 37.64   inflating: eigen-3.4.0/test/product_selfadjoint.cpp  
#17 37.64   inflating: eigen-3.4.0/test/product_small.cpp  
#17 37.64   inflating: eigen-3.4.0/test/product_symm.cpp  
#17 37.64   inflating: eigen-3.4.0/test/product_syrk.cpp  
#17 37.64   inflating: eigen-3.4.0/test/product_trmm.cpp  
#17 37.64   inflating: eigen-3.4.0/test/product_trmv.cpp  
#17 37.64   inflating: eigen-3.4.0/test/product_trsolve.cpp  
#17 37.64   inflating: eigen-3.4.0/test/qr.cpp  
#17 37.64   inflating: eigen-3.4.0/test/qr_colpivoting.cpp  
#17 37.64   inflating: eigen-3.4.0/test/qr_fullpivoting.cpp  
#17 37.64   inflating: eigen-3.4.0/test/qtvector.cpp  
#17 37.64   inflating: eigen-3.4.0/test/rand.cpp  
#17 37.64   inflating: eigen-3.4.0/test/random_without_cast_overflow.h  
#17 37.64   inflating: eigen-3.4.0/test/real_qz.cpp  
#17 37.65   inflating: eigen-3.4.0/test/redux.cpp  
#17 37.65   inflating: eigen-3.4.0/test/ref.cpp  
#17 37.65   inflating: eigen-3.4.0/test/reshape.cpp  
#17 37.65   inflating: eigen-3.4.0/test/resize.cpp  
#17 37.65   inflating: eigen-3.4.0/test/rvalue_types.cpp  
#17 37.65   inflating: eigen-3.4.0/test/schur_complex.cpp  
#17 37.65   inflating: eigen-3.4.0/test/schur_real.cpp  
#17 37.65   inflating: eigen-3.4.0/test/selfadjoint.cpp  
#17 37.65   inflating: eigen-3.4.0/test/simplicial_cholesky.cpp  
#17 37.65   inflating: eigen-3.4.0/test/sizeof.cpp  
#17 37.65   inflating: eigen-3.4.0/test/sizeoverflow.cpp  
#17 37.65   inflating: eigen-3.4.0/test/smallvectors.cpp  
#17 37.65   inflating: eigen-3.4.0/test/solverbase.h  
#17 37.65   inflating: eigen-3.4.0/test/sparse.h  
#17 37.65   inflating: eigen-3.4.0/test/sparseLM.cpp  
#17 37.65   inflating: eigen-3.4.0/test/sparse_basic.cpp  
#17 37.66   inflating: eigen-3.4.0/test/sparse_block.cpp  
#17 37.66   inflating: eigen-3.4.0/test/sparse_permutations.cpp  
#17 37.66   inflating: eigen-3.4.0/test/sparse_product.cpp  
#17 37.66   inflating: eigen-3.4.0/test/sparse_ref.cpp  
#17 37.66   inflating: eigen-3.4.0/test/sparse_solver.h  
#17 37.66   inflating: eigen-3.4.0/test/sparse_solvers.cpp  
#17 37.66   inflating: eigen-3.4.0/test/sparse_vector.cpp  
#17 37.66   inflating: eigen-3.4.0/test/sparselu.cpp  
#17 37.66   inflating: eigen-3.4.0/test/sparseqr.cpp  
#17 37.66   inflating: eigen-3.4.0/test/special_numbers.cpp  
#17 37.66   inflating: eigen-3.4.0/test/split_test_helper.h  
#17 37.66   inflating: eigen-3.4.0/test/spqr_support.cpp  
#17 37.66   inflating: eigen-3.4.0/test/stable_norm.cpp  
#17 37.66   inflating: eigen-3.4.0/test/stddeque.cpp  
#17 37.66   inflating: eigen-3.4.0/test/stddeque_overload.cpp  
#17 37.66   inflating: eigen-3.4.0/test/stdlist.cpp  
#17 37.66   inflating: eigen-3.4.0/test/stdlist_overload.cpp  
#17 37.66   inflating: eigen-3.4.0/test/stdvector.cpp  
#17 37.67   inflating: eigen-3.4.0/test/stdvector_overload.cpp  
#17 37.67   inflating: eigen-3.4.0/test/stl_iterators.cpp  
#17 37.67   inflating: eigen-3.4.0/test/superlu_support.cpp  
#17 37.67   inflating: eigen-3.4.0/test/svd_common.h  
#17 37.67   inflating: eigen-3.4.0/test/svd_fill.h  
#17 37.67   inflating: eigen-3.4.0/test/swap.cpp  
#17 37.67   inflating: eigen-3.4.0/test/symbolic_index.cpp  
#17 37.67   inflating: eigen-3.4.0/test/triangular.cpp  
#17 37.67   inflating: eigen-3.4.0/test/type_alias.cpp  
#17 37.67   inflating: eigen-3.4.0/test/umeyama.cpp  
#17 37.67   inflating: eigen-3.4.0/test/umfpack_support.cpp  
#17 37.67   inflating: eigen-3.4.0/test/unalignedcount.cpp  
#17 37.67   inflating: eigen-3.4.0/test/upperbidiagonalization.cpp  
#17 37.67   inflating: eigen-3.4.0/test/vectorization_logic.cpp  
#17 37.67   inflating: eigen-3.4.0/test/vectorwiseop.cpp  
#17 37.67   inflating: eigen-3.4.0/test/visitor.cpp  
#17 37.67   inflating: eigen-3.4.0/test/zerosized.cpp  
#17 37.67    creating: eigen-3.4.0/unsupported/
#17 37.67   inflating: eigen-3.4.0/unsupported/CMakeLists.txt  
#17 37.68    creating: eigen-3.4.0/unsupported/Eigen/
#17 37.68   inflating: eigen-3.4.0/unsupported/Eigen/AdolcForward  
#17 37.68   inflating: eigen-3.4.0/unsupported/Eigen/AlignedVector3  
#17 37.68   inflating: eigen-3.4.0/unsupported/Eigen/ArpackSupport  
#17 37.68   inflating: eigen-3.4.0/unsupported/Eigen/AutoDiff  
#17 37.68   inflating: eigen-3.4.0/unsupported/Eigen/BVH  
#17 37.68   inflating: eigen-3.4.0/unsupported/Eigen/CMakeLists.txt  
#17 37.68    creating: eigen-3.4.0/unsupported/Eigen/CXX11/
#17 37.68   inflating: eigen-3.4.0/unsupported/Eigen/CXX11/CMakeLists.txt  
#17 37.68   inflating: eigen-3.4.0/unsupported/Eigen/CXX11/Tensor  
#17 37.68   inflating: eigen-3.4.0/unsupported/Eigen/CXX11/TensorSymmetry  
#17 37.68   inflating: eigen-3.4.0/unsupported/Eigen/CXX11/ThreadPool  
#17 37.68    creating: eigen-3.4.0/unsupported/Eigen/CXX11/src/
#17 37.68    creating: eigen-3.4.0/unsupported/Eigen/CXX11/src/Tensor/
#17 37.68   inflating: eigen-3.4.0/unsupported/Eigen/CXX11/src/Tensor/README.md  
#17 37.68   inflating: eigen-3.4.0/unsupported/Eigen/CXX11/src/Tensor/Tensor.h  
#17 37.68   inflating: eigen-3.4.0/unsupported/Eigen/CXX11/src/Tensor/TensorArgMax.h  
#17 37.68   inflating: eigen-3.4.0/unsupported/Eigen/CXX11/src/Tensor/TensorAssign.h  
#17 37.68   inflating: eigen-3.4.0/unsupported/Eigen/CXX11/src/Tensor/TensorBase.h  
#17 37.68   inflating: eigen-3.4.0/unsupported/Eigen/CXX11/src/Tensor/TensorBlock.h  
#17 37.68   inflating: eigen-3.4.0/unsupported/Eigen/CXX11/src/Tensor/TensorBroadcasting.h  
#17 37.69   inflating: eigen-3.4.0/unsupported/Eigen/CXX11/src/Tensor/TensorChipping.h  
#17 37.69   inflating: eigen-3.4.0/unsupported/Eigen/CXX11/src/Tensor/TensorConcatenation.h  
#17 37.69   inflating: eigen-3.4.0/unsupported/Eigen/CXX11/src/Tensor/TensorContraction.h  
#17 37.69   inflating: eigen-3.4.0/unsupported/Eigen/CXX11/src/Tensor/TensorContractionBlocking.h  
#17 37.69   inflating: eigen-3.4.0/unsupported/Eigen/CXX11/src/Tensor/TensorContractionCuda.h  
#17 37.69   inflating: eigen-3.4.0/unsupported/Eigen/CXX11/src/Tensor/TensorContractionGpu.h  
#17 37.69   inflating: eigen-3.4.0/unsupported/Eigen/CXX11/src/Tensor/TensorContractionMapper.h  
#17 37.69   inflating: eigen-3.4.0/unsupported/Eigen/CXX11/src/Tensor/TensorContractionSycl.h  
#17 37.69   inflating: eigen-3.4.0/unsupported/Eigen/CXX11/src/Tensor/TensorContractionThreadPool.h  
#17 37.69   inflating: eigen-3.4.0/unsupported/Eigen/CXX11/src/Tensor/TensorConversion.h  
#17 37.69   inflating: eigen-3.4.0/unsupported/Eigen/CXX11/src/Tensor/TensorConvolution.h  
#17 37.69   inflating: eigen-3.4.0/unsupported/Eigen/CXX11/src/Tensor/TensorConvolutionSycl.h  
#17 37.70   inflating: eigen-3.4.0/unsupported/Eigen/CXX11/src/Tensor/TensorCostModel.h  
#17 37.70   inflating: eigen-3.4.0/unsupported/Eigen/CXX11/src/Tensor/TensorCustomOp.h  
#17 37.70   inflating: eigen-3.4.0/unsupported/Eigen/CXX11/src/Tensor/TensorDevice.h  
#17 37.70   inflating: eigen-3.4.0/unsupported/Eigen/CXX11/src/Tensor/TensorDeviceCuda.h  
#17 37.70   inflating: eigen-3.4.0/unsupported/Eigen/CXX11/src/Tensor/TensorDeviceDefault.h  
#17 37.70   inflating: eigen-3.4.0/unsupported/Eigen/CXX11/src/Tensor/TensorDeviceGpu.h  
#17 37.70   inflating: eigen-3.4.0/unsupported/Eigen/CXX11/src/Tensor/TensorDeviceSycl.h  
#17 37.70   inflating: eigen-3.4.0/unsupported/Eigen/CXX11/src/Tensor/TensorDeviceThreadPool.h  
#17 37.70   inflating: eigen-3.4.0/unsupported/Eigen/CXX11/src/Tensor/TensorDimensionList.h  
#17 37.70   inflating: eigen-3.4.0/unsupported/Eigen/CXX11/src/Tensor/TensorDimensions.h  
#17 37.70   inflating: eigen-3.4.0/unsupported/Eigen/CXX11/src/Tensor/TensorEvalTo.h  
#17 37.70   inflating: eigen-3.4.0/unsupported/Eigen/CXX11/src/Tensor/TensorEvaluator.h  
#17 37.70   inflating: eigen-3.4.0/unsupported/Eigen/CXX11/src/Tensor/TensorExecutor.h  
#17 37.70   inflating: eigen-3.4.0/unsupported/Eigen/CXX11/src/Tensor/TensorExpr.h  
#17 37.70   inflating: eigen-3.4.0/unsupported/Eigen/CXX11/src/Tensor/TensorFFT.h  
#17 37.70   inflating: eigen-3.4.0/unsupported/Eigen/CXX11/src/Tensor/TensorFixedSize.h  
#17 37.70   inflating: eigen-3.4.0/unsupported/Eigen/CXX11/src/Tensor/TensorForcedEval.h  
#17 37.70   inflating: eigen-3.4.0/unsupported/Eigen/CXX11/src/Tensor/TensorForwardDeclarations.h  
#17 37.70   inflating: eigen-3.4.0/unsupported/Eigen/CXX11/src/Tensor/TensorFunctors.h  
#17 37.70   inflating: eigen-3.4.0/unsupported/Eigen/CXX11/src/Tensor/TensorGenerator.h  
#17 37.70   inflating: eigen-3.4.0/unsupported/Eigen/CXX11/src/Tensor/TensorGlobalFunctions.h  
#17 37.71   inflating: eigen-3.4.0/unsupported/Eigen/CXX11/src/Tensor/TensorGpuHipCudaDefines.h  
#17 37.71   inflating: eigen-3.4.0/unsupported/Eigen/CXX11/src/Tensor/TensorGpuHipCudaUndefines.h  
#17 37.71   inflating: eigen-3.4.0/unsupported/Eigen/CXX11/src/Tensor/TensorIO.h  
#17 37.71   inflating: eigen-3.4.0/unsupported/Eigen/CXX11/src/Tensor/TensorImagePatch.h  
#17 37.71   inflating: eigen-3.4.0/unsupported/Eigen/CXX11/src/Tensor/TensorIndexList.h  
#17 37.71   inflating: eigen-3.4.0/unsupported/Eigen/CXX11/src/Tensor/TensorInflation.h  
#17 37.71   inflating: eigen-3.4.0/unsupported/Eigen/CXX11/src/Tensor/TensorInitializer.h  
#17 37.71   inflating: eigen-3.4.0/unsupported/Eigen/CXX11/src/Tensor/TensorIntDiv.h  
#17 37.71   inflating: eigen-3.4.0/unsupported/Eigen/CXX11/src/Tensor/TensorLayoutSwap.h  
#17 37.71   inflating: eigen-3.4.0/unsupported/Eigen/CXX11/src/Tensor/TensorMacros.h  
#17 37.71   inflating: eigen-3.4.0/unsupported/Eigen/CXX11/src/Tensor/TensorMap.h  
#17 37.71   inflating: eigen-3.4.0/unsupported/Eigen/CXX11/src/Tensor/TensorMeta.h  
#17 37.71   inflating: eigen-3.4.0/unsupported/Eigen/CXX11/src/Tensor/TensorMorphing.h  
#17 37.71   inflating: eigen-3.4.0/unsupported/Eigen/CXX11/src/Tensor/TensorPadding.h  
#17 37.71   inflating: eigen-3.4.0/unsupported/Eigen/CXX11/src/Tensor/TensorPatch.h  
#17 37.71   inflating: eigen-3.4.0/unsupported/Eigen/CXX11/src/Tensor/TensorRandom.h  
#17 37.71   inflating: eigen-3.4.0/unsupported/Eigen/CXX11/src/Tensor/TensorReduction.h  
#17 37.71   inflating: eigen-3.4.0/unsupported/Eigen/CXX11/src/Tensor/TensorReductionCuda.h  
#17 37.71   inflating: eigen-3.4.0/unsupported/Eigen/CXX11/src/Tensor/TensorReductionGpu.h  
#17 37.71   inflating: eigen-3.4.0/unsupported/Eigen/CXX11/src/Tensor/TensorReductionSycl.h  
#17 37.72   inflating: eigen-3.4.0/unsupported/Eigen/CXX11/src/Tensor/TensorRef.h  
#17 37.72   inflating: eigen-3.4.0/unsupported/Eigen/CXX11/src/Tensor/TensorReverse.h  
#17 37.72   inflating: eigen-3.4.0/unsupported/Eigen/CXX11/src/Tensor/TensorScan.h  
#17 37.72   inflating: eigen-3.4.0/unsupported/Eigen/CXX11/src/Tensor/TensorScanSycl.h  
#17 37.72   inflating: eigen-3.4.0/unsupported/Eigen/CXX11/src/Tensor/TensorShuffling.h  
#17 37.72   inflating: eigen-3.4.0/unsupported/Eigen/CXX11/src/Tensor/TensorStorage.h  
#17 37.72   inflating: eigen-3.4.0/unsupported/Eigen/CXX11/src/Tensor/TensorStriding.h  
#17 37.72   inflating: eigen-3.4.0/unsupported/Eigen/CXX11/src/Tensor/TensorTrace.h  
#17 37.72   inflating: eigen-3.4.0/unsupported/Eigen/CXX11/src/Tensor/TensorTraits.h  
#17 37.72   inflating: eigen-3.4.0/unsupported/Eigen/CXX11/src/Tensor/TensorUInt128.h  
#17 37.72   inflating: eigen-3.4.0/unsupported/Eigen/CXX11/src/Tensor/TensorVolumePatch.h  
#17 37.72    creating: eigen-3.4.0/unsupported/Eigen/CXX11/src/TensorSymmetry/
#17 37.72   inflating: eigen-3.4.0/unsupported/Eigen/CXX11/src/TensorSymmetry/DynamicSymmetry.h  
#17 37.72   inflating: eigen-3.4.0/unsupported/Eigen/CXX11/src/TensorSymmetry/StaticSymmetry.h  
#17 37.72   inflating: eigen-3.4.0/unsupported/Eigen/CXX11/src/TensorSymmetry/Symmetry.h  
#17 37.72    creating: eigen-3.4.0/unsupported/Eigen/CXX11/src/TensorSymmetry/util/
#17 37.72   inflating: eigen-3.4.0/unsupported/Eigen/CXX11/src/TensorSymmetry/util/TemplateGroupTheory.h  
#17 37.73    creating: eigen-3.4.0/unsupported/Eigen/CXX11/src/ThreadPool/
#17 37.73   inflating: eigen-3.4.0/unsupported/Eigen/CXX11/src/ThreadPool/Barrier.h  
#17 37.73   inflating: eigen-3.4.0/unsupported/Eigen/CXX11/src/ThreadPool/EventCount.h  
#17 37.73   inflating: eigen-3.4.0/unsupported/Eigen/CXX11/src/ThreadPool/NonBlockingThreadPool.h  
#17 37.73   inflating: eigen-3.4.0/unsupported/Eigen/CXX11/src/ThreadPool/RunQueue.h  
#17 37.73   inflating: eigen-3.4.0/unsupported/Eigen/CXX11/src/ThreadPool/ThreadCancel.h  
#17 37.73   inflating: eigen-3.4.0/unsupported/Eigen/CXX11/src/ThreadPool/ThreadEnvironment.h  
#17 37.73   inflating: eigen-3.4.0/unsupported/Eigen/CXX11/src/ThreadPool/ThreadLocal.h  
#17 37.73   inflating: eigen-3.4.0/unsupported/Eigen/CXX11/src/ThreadPool/ThreadPoolInterface.h  
#17 37.73   inflating: eigen-3.4.0/unsupported/Eigen/CXX11/src/ThreadPool/ThreadYield.h  
#17 37.73    creating: eigen-3.4.0/unsupported/Eigen/CXX11/src/util/
#17 37.73   inflating: eigen-3.4.0/unsupported/Eigen/CXX11/src/util/CXX11Meta.h  
#17 37.73   inflating: eigen-3.4.0/unsupported/Eigen/CXX11/src/util/CXX11Workarounds.h  
#17 37.73   inflating: eigen-3.4.0/unsupported/Eigen/CXX11/src/util/EmulateArray.h  
#17 37.73   inflating: eigen-3.4.0/unsupported/Eigen/CXX11/src/util/MaxSizeVector.h  
#17 37.73   inflating: eigen-3.4.0/unsupported/Eigen/EulerAngles  
#17 37.73   inflating: eigen-3.4.0/unsupported/Eigen/FFT  
#17 37.73   inflating: eigen-3.4.0/unsupported/Eigen/IterativeSolvers  
#17 37.73   inflating: eigen-3.4.0/unsupported/Eigen/KroneckerProduct  
#17 37.73   inflating: eigen-3.4.0/unsupported/Eigen/LevenbergMarquardt  
#17 37.73   inflating: eigen-3.4.0/unsupported/Eigen/MPRealSupport  
#17 37.73   inflating: eigen-3.4.0/unsupported/Eigen/MatrixFunctions  
#17 37.73   inflating: eigen-3.4.0/unsupported/Eigen/MoreVectorization  
#17 37.73   inflating: eigen-3.4.0/unsupported/Eigen/NonLinearOptimization  
#17 37.73   inflating: eigen-3.4.0/unsupported/Eigen/NumericalDiff  
#17 37.73   inflating: eigen-3.4.0/unsupported/Eigen/OpenGLSupport  
#17 37.73   inflating: eigen-3.4.0/unsupported/Eigen/Polynomials  
#17 37.73   inflating: eigen-3.4.0/unsupported/Eigen/Skyline  
#17 37.73   inflating: eigen-3.4.0/unsupported/Eigen/SparseExtra  
#17 37.74   inflating: eigen-3.4.0/unsupported/Eigen/SpecialFunctions  
#17 37.74   inflating: eigen-3.4.0/unsupported/Eigen/Splines  
#17 37.74    creating: eigen-3.4.0/unsupported/Eigen/src/
#17 37.74    creating: eigen-3.4.0/unsupported/Eigen/src/AutoDiff/
#17 37.74   inflating: eigen-3.4.0/unsupported/Eigen/src/AutoDiff/AutoDiffJacobian.h  
#17 37.74   inflating: eigen-3.4.0/unsupported/Eigen/src/AutoDiff/AutoDiffScalar.h  
#17 37.74   inflating: eigen-3.4.0/unsupported/Eigen/src/AutoDiff/AutoDiffVector.h  
#17 37.74    creating: eigen-3.4.0/unsupported/Eigen/src/BVH/
#17 37.74   inflating: eigen-3.4.0/unsupported/Eigen/src/BVH/BVAlgorithms.h  
#17 37.74   inflating: eigen-3.4.0/unsupported/Eigen/src/BVH/KdBVH.h  
#17 37.74    creating: eigen-3.4.0/unsupported/Eigen/src/Eigenvalues/
#17 37.74   inflating: eigen-3.4.0/unsupported/Eigen/src/Eigenvalues/ArpackSelfAdjointEigenSolver.h  
#17 37.74    creating: eigen-3.4.0/unsupported/Eigen/src/EulerAngles/
#17 37.74   inflating: eigen-3.4.0/unsupported/Eigen/src/EulerAngles/CMakeLists.txt  
#17 37.74   inflating: eigen-3.4.0/unsupported/Eigen/src/EulerAngles/EulerAngles.h  
#17 37.74   inflating: eigen-3.4.0/unsupported/Eigen/src/EulerAngles/EulerSystem.h  
#17 37.74    creating: eigen-3.4.0/unsupported/Eigen/src/FFT/
#17 37.74   inflating: eigen-3.4.0/unsupported/Eigen/src/FFT/ei_fftw_impl.h  
#17 37.74   inflating: eigen-3.4.0/unsupported/Eigen/src/FFT/ei_kissfft_impl.h  
#17 37.74    creating: eigen-3.4.0/unsupported/Eigen/src/IterativeSolvers/
#17 37.74   inflating: eigen-3.4.0/unsupported/Eigen/src/IterativeSolvers/ConstrainedConjGrad.h  
#17 37.74   inflating: eigen-3.4.0/unsupported/Eigen/src/IterativeSolvers/DGMRES.h  
#17 37.75   inflating: eigen-3.4.0/unsupported/Eigen/src/IterativeSolvers/GMRES.h  
#17 37.75   inflating: eigen-3.4.0/unsupported/Eigen/src/IterativeSolvers/IDRS.h  
#17 37.75   inflating: eigen-3.4.0/unsupported/Eigen/src/IterativeSolvers/IncompleteLU.h  
#17 37.75   inflating: eigen-3.4.0/unsupported/Eigen/src/IterativeSolvers/IterationController.h  
#17 37.75   inflating: eigen-3.4.0/unsupported/Eigen/src/IterativeSolvers/MINRES.h  
#17 37.75   inflating: eigen-3.4.0/unsupported/Eigen/src/IterativeSolvers/Scaling.h  
#17 37.75    creating: eigen-3.4.0/unsupported/Eigen/src/KroneckerProduct/
#17 37.75   inflating: eigen-3.4.0/unsupported/Eigen/src/KroneckerProduct/KroneckerTensorProduct.h  
#17 37.75    creating: eigen-3.4.0/unsupported/Eigen/src/LevenbergMarquardt/
#17 37.75   inflating: eigen-3.4.0/unsupported/Eigen/src/LevenbergMarquardt/CopyrightMINPACK.txt  
#17 37.75   inflating: eigen-3.4.0/unsupported/Eigen/src/LevenbergMarquardt/LMcovar.h  
#17 37.75   inflating: eigen-3.4.0/unsupported/Eigen/src/LevenbergMarquardt/LMonestep.h  
#17 37.75   inflating: eigen-3.4.0/unsupported/Eigen/src/LevenbergMarquardt/LMpar.h  
#17 37.75   inflating: eigen-3.4.0/unsupported/Eigen/src/LevenbergMarquardt/LMqrsolv.h  
#17 37.75   inflating: eigen-3.4.0/unsupported/Eigen/src/LevenbergMarquardt/LevenbergMarquardt.h  
#17 37.75    creating: eigen-3.4.0/unsupported/Eigen/src/MatrixFunctions/
#17 37.75   inflating: eigen-3.4.0/unsupported/Eigen/src/MatrixFunctions/MatrixExponential.h  
#17 37.75   inflating: eigen-3.4.0/unsupported/Eigen/src/MatrixFunctions/MatrixFunction.h  
#17 37.76   inflating: eigen-3.4.0/unsupported/Eigen/src/MatrixFunctions/MatrixLogarithm.h  
#17 37.76   inflating: eigen-3.4.0/unsupported/Eigen/src/MatrixFunctions/MatrixPower.h  
#17 37.76   inflating: eigen-3.4.0/unsupported/Eigen/src/MatrixFunctions/MatrixSquareRoot.h  
#17 37.76   inflating: eigen-3.4.0/unsupported/Eigen/src/MatrixFunctions/StemFunction.h  
#17 37.76    creating: eigen-3.4.0/unsupported/Eigen/src/MoreVectorization/
#17 37.76   inflating: eigen-3.4.0/unsupported/Eigen/src/MoreVectorization/MathFunctions.h  
#17 37.76    creating: eigen-3.4.0/unsupported/Eigen/src/NonLinearOptimization/
#17 37.76   inflating: eigen-3.4.0/unsupported/Eigen/src/NonLinearOptimization/HybridNonLinearSolver.h  
#17 37.76   inflating: eigen-3.4.0/unsupported/Eigen/src/NonLinearOptimization/LevenbergMarquardt.h  
#17 37.76   inflating: eigen-3.4.0/unsupported/Eigen/src/NonLinearOptimization/chkder.h  
#17 37.76   inflating: eigen-3.4.0/unsupported/Eigen/src/NonLinearOptimization/covar.h  
#17 37.76   inflating: eigen-3.4.0/unsupported/Eigen/src/NonLinearOptimization/dogleg.h  
#17 37.76   inflating: eigen-3.4.0/unsupported/Eigen/src/NonLinearOptimization/fdjac1.h  
#17 37.76   inflating: eigen-3.4.0/unsupported/Eigen/src/NonLinearOptimization/lmpar.h  
#17 37.76   inflating: eigen-3.4.0/unsupported/Eigen/src/NonLinearOptimization/qrsolv.h  
#17 37.76   inflating: eigen-3.4.0/unsupported/Eigen/src/NonLinearOptimization/r1mpyq.h  
#17 37.76   inflating: eigen-3.4.0/unsupported/Eigen/src/NonLinearOptimization/r1updt.h  
#17 37.76   inflating: eigen-3.4.0/unsupported/Eigen/src/NonLinearOptimization/rwupdt.h  
#17 37.76    creating: eigen-3.4.0/unsupported/Eigen/src/NumericalDiff/
#17 37.76   inflating: eigen-3.4.0/unsupported/Eigen/src/NumericalDiff/NumericalDiff.h  
#17 37.76    creating: eigen-3.4.0/unsupported/Eigen/src/Polynomials/
#17 37.76   inflating: eigen-3.4.0/unsupported/Eigen/src/Polynomials/Companion.h  
#17 37.76   inflating: eigen-3.4.0/unsupported/Eigen/src/Polynomials/PolynomialSolver.h  
#17 37.77   inflating: eigen-3.4.0/unsupported/Eigen/src/Polynomials/PolynomialUtils.h  
#17 37.77    creating: eigen-3.4.0/unsupported/Eigen/src/Skyline/
#17 37.77   inflating: eigen-3.4.0/unsupported/Eigen/src/Skyline/SkylineInplaceLU.h  
#17 37.77   inflating: eigen-3.4.0/unsupported/Eigen/src/Skyline/SkylineMatrix.h  
#17 37.77   inflating: eigen-3.4.0/unsupported/Eigen/src/Skyline/SkylineMatrixBase.h  
#17 37.77   inflating: eigen-3.4.0/unsupported/Eigen/src/Skyline/SkylineProduct.h  
#17 37.77   inflating: eigen-3.4.0/unsupported/Eigen/src/Skyline/SkylineStorage.h  
#17 37.77   inflating: eigen-3.4.0/unsupported/Eigen/src/Skyline/SkylineUtil.h  
#17 37.77    creating: eigen-3.4.0/unsupported/Eigen/src/SparseExtra/
#17 37.77   inflating: eigen-3.4.0/unsupported/Eigen/src/SparseExtra/BlockOfDynamicSparseMatrix.h  
#17 37.77   inflating: eigen-3.4.0/unsupported/Eigen/src/SparseExtra/BlockSparseMatrix.h  
#17 37.77   inflating: eigen-3.4.0/unsupported/Eigen/src/SparseExtra/DynamicSparseMatrix.h  
#17 37.77   inflating: eigen-3.4.0/unsupported/Eigen/src/SparseExtra/MarketIO.h  
#17 37.77   inflating: eigen-3.4.0/unsupported/Eigen/src/SparseExtra/MatrixMarketIterator.h  
#17 37.77   inflating: eigen-3.4.0/unsupported/Eigen/src/SparseExtra/RandomSetter.h  
#17 37.77    creating: eigen-3.4.0/unsupported/Eigen/src/SpecialFunctions/
#17 37.77   inflating: eigen-3.4.0/unsupported/Eigen/src/SpecialFunctions/BesselFunctionsArrayAPI.h  
#17 37.77   inflating: eigen-3.4.0/unsupported/Eigen/src/SpecialFunctions/BesselFunctionsBFloat16.h  
#17 37.77   inflating: eigen-3.4.0/unsupported/Eigen/src/SpecialFunctions/BesselFunctionsFunctors.h  
#17 37.77   inflating: eigen-3.4.0/unsupported/Eigen/src/SpecialFunctions/BesselFunctionsHalf.h  
#17 37.77   inflating: eigen-3.4.0/unsupported/Eigen/src/SpecialFunctions/BesselFunctionsImpl.h  
#17 37.78   inflating: eigen-3.4.0/unsupported/Eigen/src/SpecialFunctions/BesselFunctionsPacketMath.h  
#17 37.78   inflating: eigen-3.4.0/unsupported/Eigen/src/SpecialFunctions/HipVectorCompatibility.h  
#17 37.78   inflating: eigen-3.4.0/unsupported/Eigen/src/SpecialFunctions/SpecialFunctionsArrayAPI.h  
#17 37.78   inflating: eigen-3.4.0/unsupported/Eigen/src/SpecialFunctions/SpecialFunctionsBFloat16.h  
#17 37.78   inflating: eigen-3.4.0/unsupported/Eigen/src/SpecialFunctions/SpecialFunctionsFunctors.h  
#17 37.78   inflating: eigen-3.4.0/unsupported/Eigen/src/SpecialFunctions/SpecialFunctionsHalf.h  
#17 37.78   inflating: eigen-3.4.0/unsupported/Eigen/src/SpecialFunctions/SpecialFunctionsImpl.h  
#17 37.78   inflating: eigen-3.4.0/unsupported/Eigen/src/SpecialFunctions/SpecialFunctionsPacketMath.h  
#17 37.78    creating: eigen-3.4.0/unsupported/Eigen/src/SpecialFunctions/arch/
#17 37.78    creating: eigen-3.4.0/unsupported/Eigen/src/SpecialFunctions/arch/AVX/
#17 37.78   inflating: eigen-3.4.0/unsupported/Eigen/src/SpecialFunctions/arch/AVX/BesselFunctions.h  
#17 37.78   inflating: eigen-3.4.0/unsupported/Eigen/src/SpecialFunctions/arch/AVX/SpecialFunctions.h  
#17 37.78    creating: eigen-3.4.0/unsupported/Eigen/src/SpecialFunctions/arch/AVX512/
#17 37.78   inflating: eigen-3.4.0/unsupported/Eigen/src/SpecialFunctions/arch/AVX512/BesselFunctions.h  
#17 37.78   inflating: eigen-3.4.0/unsupported/Eigen/src/SpecialFunctions/arch/AVX512/SpecialFunctions.h  
#17 37.78    creating: eigen-3.4.0/unsupported/Eigen/src/SpecialFunctions/arch/GPU/
#17 37.78   inflating: eigen-3.4.0/unsupported/Eigen/src/SpecialFunctions/arch/GPU/SpecialFunctions.h  
#17 37.78    creating: eigen-3.4.0/unsupported/Eigen/src/SpecialFunctions/arch/NEON/
#17 37.78   inflating: eigen-3.4.0/unsupported/Eigen/src/SpecialFunctions/arch/NEON/BesselFunctions.h  
#17 37.78   inflating: eigen-3.4.0/unsupported/Eigen/src/SpecialFunctions/arch/NEON/SpecialFunctions.h  
#17 37.79    creating: eigen-3.4.0/unsupported/Eigen/src/Splines/
#17 37.79   inflating: eigen-3.4.0/unsupported/Eigen/src/Splines/Spline.h  
#17 37.79   inflating: eigen-3.4.0/unsupported/Eigen/src/Splines/SplineFitting.h  
#17 37.79   inflating: eigen-3.4.0/unsupported/Eigen/src/Splines/SplineFwd.h  
#17 37.79   inflating: eigen-3.4.0/unsupported/README.txt  
#17 37.79    creating: eigen-3.4.0/unsupported/bench/
#17 37.79   inflating: eigen-3.4.0/unsupported/bench/bench_svd.cpp  
#17 37.79    creating: eigen-3.4.0/unsupported/doc/
#17 37.79   inflating: eigen-3.4.0/unsupported/doc/CMakeLists.txt  
#17 37.79   inflating: eigen-3.4.0/unsupported/doc/Overview.dox  
#17 37.79   inflating: eigen-3.4.0/unsupported/doc/SYCL.dox  
#17 37.79   inflating: eigen-3.4.0/unsupported/doc/eigendoxy_layout.xml.in  
#17 37.79    creating: eigen-3.4.0/unsupported/doc/examples/
#17 37.79   inflating: eigen-3.4.0/unsupported/doc/examples/BVH_Example.cpp  
#17 37.79   inflating: eigen-3.4.0/unsupported/doc/examples/CMakeLists.txt  
#17 37.79   inflating: eigen-3.4.0/unsupported/doc/examples/EulerAngles.cpp  
#17 37.79   inflating: eigen-3.4.0/unsupported/doc/examples/FFT.cpp  
#17 37.79   inflating: eigen-3.4.0/unsupported/doc/examples/MatrixExponential.cpp  
#17 37.79   inflating: eigen-3.4.0/unsupported/doc/examples/MatrixFunction.cpp  
#17 37.79   inflating: eigen-3.4.0/unsupported/doc/examples/MatrixLogarithm.cpp  
#17 37.79   inflating: eigen-3.4.0/unsupported/doc/examples/MatrixPower.cpp  
#17 37.79   inflating: eigen-3.4.0/unsupported/doc/examples/MatrixPower_optimal.cpp  
#17 37.79   inflating: eigen-3.4.0/unsupported/doc/examples/MatrixSine.cpp  
#17 37.79   inflating: eigen-3.4.0/unsupported/doc/examples/MatrixSinh.cpp  
#17 37.79   inflating: eigen-3.4.0/unsupported/doc/examples/MatrixSquareRoot.cpp  
#17 37.79   inflating: eigen-3.4.0/unsupported/doc/examples/PolynomialSolver1.cpp  
#17 37.79   inflating: eigen-3.4.0/unsupported/doc/examples/PolynomialUtils1.cpp  
#17 37.80    creating: eigen-3.4.0/unsupported/doc/examples/SYCL/
#17 37.80   inflating: eigen-3.4.0/unsupported/doc/examples/SYCL/CMakeLists.txt  
#17 37.80   inflating: eigen-3.4.0/unsupported/doc/examples/SYCL/CwiseMul.cpp  
#17 37.80    creating: eigen-3.4.0/unsupported/doc/snippets/
#17 37.80   inflating: eigen-3.4.0/unsupported/doc/snippets/CMakeLists.txt  
#17 37.80    creating: eigen-3.4.0/unsupported/test/
#17 37.80   inflating: eigen-3.4.0/unsupported/test/BVH.cpp  
#17 37.80   inflating: eigen-3.4.0/unsupported/test/CMakeLists.txt  
#17 37.80   inflating: eigen-3.4.0/unsupported/test/EulerAngles.cpp  
#17 37.80   inflating: eigen-3.4.0/unsupported/test/FFT.cpp  
#17 37.80   inflating: eigen-3.4.0/unsupported/test/FFTW.cpp  
#17 37.80   inflating: eigen-3.4.0/unsupported/test/NonLinearOptimization.cpp  
#17 37.80   inflating: eigen-3.4.0/unsupported/test/NumericalDiff.cpp  
#17 37.80   inflating: eigen-3.4.0/unsupported/test/alignedvector3.cpp  
#17 37.80   inflating: eigen-3.4.0/unsupported/test/autodiff.cpp  
#17 37.80   inflating: eigen-3.4.0/unsupported/test/autodiff_scalar.cpp  
#17 37.80   inflating: eigen-3.4.0/unsupported/test/bessel_functions.cpp  
#17 37.80   inflating: eigen-3.4.0/unsupported/test/cxx11_eventcount.cpp  
#17 37.80   inflating: eigen-3.4.0/unsupported/test/cxx11_maxsizevector.cpp  
#17 37.80   inflating: eigen-3.4.0/unsupported/test/cxx11_meta.cpp  
#17 37.80   inflating: eigen-3.4.0/unsupported/test/cxx11_non_blocking_thread_pool.cpp  
#17 37.81   inflating: eigen-3.4.0/unsupported/test/cxx11_runqueue.cpp  
#17 37.81   inflating: eigen-3.4.0/unsupported/test/cxx11_tensor_argmax.cpp  
#17 37.81   inflating: eigen-3.4.0/unsupported/test/cxx11_tensor_argmax_gpu.cu  
#17 37.81   inflating: eigen-3.4.0/unsupported/test/cxx11_tensor_argmax_sycl.cpp  
#17 37.81   inflating: eigen-3.4.0/unsupported/test/cxx11_tensor_assign.cpp  
#17 37.81   inflating: eigen-3.4.0/unsupported/test/cxx11_tensor_block_access.cpp  
#17 37.81   inflating: eigen-3.4.0/unsupported/test/cxx11_tensor_block_eval.cpp  
#17 37.81   inflating: eigen-3.4.0/unsupported/test/cxx11_tensor_block_io.cpp  
#17 37.81   inflating: eigen-3.4.0/unsupported/test/cxx11_tensor_broadcast_sycl.cpp  
#17 37.81   inflating: eigen-3.4.0/unsupported/test/cxx11_tensor_broadcasting.cpp  
#17 37.81   inflating: eigen-3.4.0/unsupported/test/cxx11_tensor_builtins_sycl.cpp  
#17 37.81   inflating: eigen-3.4.0/unsupported/test/cxx11_tensor_cast_float16_gpu.cu  
#17 37.81   inflating: eigen-3.4.0/unsupported/test/cxx11_tensor_casts.cpp  
#17 37.81   inflating: eigen-3.4.0/unsupported/test/cxx11_tensor_chipping.cpp  
#17 37.81   inflating: eigen-3.4.0/unsupported/test/cxx11_tensor_chipping_sycl.cpp  
#17 37.81   inflating: eigen-3.4.0/unsupported/test/cxx11_tensor_comparisons.cpp  
#17 37.81   inflating: eigen-3.4.0/unsupported/test/cxx11_tensor_complex_cwise_ops_gpu.cu  
#17 37.81   inflating: eigen-3.4.0/unsupported/test/cxx11_tensor_complex_gpu.cu  
#17 37.82   inflating: eigen-3.4.0/unsupported/test/cxx11_tensor_concatenation.cpp  
#17 37.82   inflating: eigen-3.4.0/unsupported/test/cxx11_tensor_concatenation_sycl.cpp  
#17 37.82   inflating: eigen-3.4.0/unsupported/test/cxx11_tensor_const.cpp  
#17 37.82   inflating: eigen-3.4.0/unsupported/test/cxx11_tensor_contract_gpu.cu  
#17 37.82   inflating: eigen-3.4.0/unsupported/test/cxx11_tensor_contract_sycl.cpp  
#17 37.82   inflating: eigen-3.4.0/unsupported/test/cxx11_tensor_contraction.cpp  
#17 37.82   inflating: eigen-3.4.0/unsupported/test/cxx11_tensor_convolution.cpp  
#17 37.82   inflating: eigen-3.4.0/unsupported/test/cxx11_tensor_convolution_sycl.cpp  
#17 37.82   inflating: eigen-3.4.0/unsupported/test/cxx11_tensor_custom_index.cpp  
#17 37.82   inflating: eigen-3.4.0/unsupported/test/cxx11_tensor_custom_op.cpp  
#17 37.82   inflating: eigen-3.4.0/unsupported/test/cxx11_tensor_custom_op_sycl.cpp  
#17 37.82   inflating: eigen-3.4.0/unsupported/test/cxx11_tensor_device.cu  
#17 37.82   inflating: eigen-3.4.0/unsupported/test/cxx11_tensor_device_sycl.cpp  
#17 37.82   inflating: eigen-3.4.0/unsupported/test/cxx11_tensor_dimension.cpp  
#17 37.83   inflating: eigen-3.4.0/unsupported/test/cxx11_tensor_empty.cpp  
#17 37.83   inflating: eigen-3.4.0/unsupported/test/cxx11_tensor_executor.cpp  
#17 37.83   inflating: eigen-3.4.0/unsupported/test/cxx11_tensor_expr.cpp  
#17 37.83   inflating: eigen-3.4.0/unsupported/test/cxx11_tensor_fft.cpp  
#17 37.83   inflating: eigen-3.4.0/unsupported/test/cxx11_tensor_fixed_size.cpp  
#17 37.83   inflating: eigen-3.4.0/unsupported/test/cxx11_tensor_forced_eval.cpp  
#17 37.83   inflating: eigen-3.4.0/unsupported/test/cxx11_tensor_forced_eval_sycl.cpp  
#17 37.83   inflating: eigen-3.4.0/unsupported/test/cxx11_tensor_generator.cpp  
#17 37.83   inflating: eigen-3.4.0/unsupported/test/cxx11_tensor_generator_sycl.cpp  
#17 37.83   inflating: eigen-3.4.0/unsupported/test/cxx11_tensor_gpu.cu  
#17 37.83   inflating: eigen-3.4.0/unsupported/test/cxx11_tensor_ifft.cpp  
#17 37.83   inflating: eigen-3.4.0/unsupported/test/cxx11_tensor_image_op_sycl.cpp  
#17 37.83   inflating: eigen-3.4.0/unsupported/test/cxx11_tensor_image_patch.cpp  
#17 37.83   inflating: eigen-3.4.0/unsupported/test/cxx11_tensor_image_patch_sycl.cpp  
#17 37.83   inflating: eigen-3.4.0/unsupported/test/cxx11_tensor_index_list.cpp  
#17 37.84   inflating: eigen-3.4.0/unsupported/test/cxx11_tensor_inflation.cpp  
#17 37.84   inflating: eigen-3.4.0/unsupported/test/cxx11_tensor_inflation_sycl.cpp  
#17 37.84   inflating: eigen-3.4.0/unsupported/test/cxx11_tensor_intdiv.cpp  
#17 37.84   inflating: eigen-3.4.0/unsupported/test/cxx11_tensor_io.cpp  
#17 37.84   inflating: eigen-3.4.0/unsupported/test/cxx11_tensor_layout_swap.cpp  
#17 37.84   inflating: eigen-3.4.0/unsupported/test/cxx11_tensor_layout_swap_sycl.cpp  
#17 37.84   inflating: eigen-3.4.0/unsupported/test/cxx11_tensor_lvalue.cpp  
#17 37.84   inflating: eigen-3.4.0/unsupported/test/cxx11_tensor_map.cpp  
#17 37.84   inflating: eigen-3.4.0/unsupported/test/cxx11_tensor_math.cpp  
#17 37.84   inflating: eigen-3.4.0/unsupported/test/cxx11_tensor_math_sycl.cpp  
#17 37.84   inflating: eigen-3.4.0/unsupported/test/cxx11_tensor_mixed_indices.cpp  
#17 37.84   inflating: eigen-3.4.0/unsupported/test/cxx11_tensor_morphing.cpp  
#17 37.84   inflating: eigen-3.4.0/unsupported/test/cxx11_tensor_morphing_sycl.cpp  
#17 37.84   inflating: eigen-3.4.0/unsupported/test/cxx11_tensor_move.cpp  
#17 37.84   inflating: eigen-3.4.0/unsupported/test/cxx11_tensor_notification.cpp  
#17 37.84   inflating: eigen-3.4.0/unsupported/test/cxx11_tensor_of_complex.cpp  
#17 37.84   inflating: eigen-3.4.0/unsupported/test/cxx11_tensor_of_const_values.cpp  
#17 37.84   inflating: eigen-3.4.0/unsupported/test/cxx11_tensor_of_float16_gpu.cu  
#17 37.84   inflating: eigen-3.4.0/unsupported/test/cxx11_tensor_of_strings.cpp  
#17 37.85   inflating: eigen-3.4.0/unsupported/test/cxx11_tensor_padding.cpp  
#17 37.85   inflating: eigen-3.4.0/unsupported/test/cxx11_tensor_padding_sycl.cpp  
#17 37.85   inflating: eigen-3.4.0/unsupported/test/cxx11_tensor_patch.cpp  
#17 37.85   inflating: eigen-3.4.0/unsupported/test/cxx11_tensor_patch_sycl.cpp  
#17 37.85   inflating: eigen-3.4.0/unsupported/test/cxx11_tensor_random.cpp  
#17 37.85   inflating: eigen-3.4.0/unsupported/test/cxx11_tensor_random_gpu.cu  
#17 37.85   inflating: eigen-3.4.0/unsupported/test/cxx11_tensor_random_sycl.cpp  
#17 37.85   inflating: eigen-3.4.0/unsupported/test/cxx11_tensor_reduction.cpp  
#17 37.85   inflating: eigen-3.4.0/unsupported/test/cxx11_tensor_reduction_gpu.cu  
#17 37.85   inflating: eigen-3.4.0/unsupported/test/cxx11_tensor_reduction_sycl.cpp  
#17 37.85   inflating: eigen-3.4.0/unsupported/test/cxx11_tensor_ref.cpp  
#17 37.85   inflating: eigen-3.4.0/unsupported/test/cxx11_tensor_reverse.cpp  
#17 37.85   inflating: eigen-3.4.0/unsupported/test/cxx11_tensor_reverse_sycl.cpp  
#17 37.85   inflating: eigen-3.4.0/unsupported/test/cxx11_tensor_roundings.cpp  
#17 37.85   inflating: eigen-3.4.0/unsupported/test/cxx11_tensor_scan.cpp  
#17 37.86   inflating: eigen-3.4.0/unsupported/test/cxx11_tensor_scan_gpu.cu  
#17 37.86   inflating: eigen-3.4.0/unsupported/test/cxx11_tensor_scan_sycl.cpp  
#17 37.86   inflating: eigen-3.4.0/unsupported/test/cxx11_tensor_shuffling.cpp  
#17 37.86   inflating: eigen-3.4.0/unsupported/test/cxx11_tensor_shuffling_sycl.cpp  
#17 37.86   inflating: eigen-3.4.0/unsupported/test/cxx11_tensor_simple.cpp  
#17 37.86   inflating: eigen-3.4.0/unsupported/test/cxx11_tensor_striding.cpp  
#17 37.86   inflating: eigen-3.4.0/unsupported/test/cxx11_tensor_striding_sycl.cpp  
#17 37.86   inflating: eigen-3.4.0/unsupported/test/cxx11_tensor_sugar.cpp  
#17 37.86   inflating: eigen-3.4.0/unsupported/test/cxx11_tensor_sycl.cpp  
#17 37.86   inflating: eigen-3.4.0/unsupported/test/cxx11_tensor_symmetry.cpp  
#17 37.87   inflating: eigen-3.4.0/unsupported/test/cxx11_tensor_thread_local.cpp  
#17 37.87   inflating: eigen-3.4.0/unsupported/test/cxx11_tensor_thread_pool.cpp  
#17 37.87   inflating: eigen-3.4.0/unsupported/test/cxx11_tensor_trace.cpp  
#17 37.87   inflating: eigen-3.4.0/unsupported/test/cxx11_tensor_uint128.cpp  
#17 37.87   inflating: eigen-3.4.0/unsupported/test/cxx11_tensor_volume_patch.cpp  
#17 37.87   inflating: eigen-3.4.0/unsupported/test/cxx11_tensor_volume_patch_sycl.cpp  
#17 37.87   inflating: eigen-3.4.0/unsupported/test/dgmres.cpp  
#17 37.87   inflating: eigen-3.4.0/unsupported/test/forward_adolc.cpp  
#17 37.87   inflating: eigen-3.4.0/unsupported/test/gmres.cpp  
#17 37.87   inflating: eigen-3.4.0/unsupported/test/idrs.cpp  
#17 37.87   inflating: eigen-3.4.0/unsupported/test/kronecker_product.cpp  
#17 37.87   inflating: eigen-3.4.0/unsupported/test/levenberg_marquardt.cpp  
#17 37.87   inflating: eigen-3.4.0/unsupported/test/matrix_exponential.cpp  
#17 37.87   inflating: eigen-3.4.0/unsupported/test/matrix_function.cpp  
#17 37.88   inflating: eigen-3.4.0/unsupported/test/matrix_functions.h  
#17 37.88   inflating: eigen-3.4.0/unsupported/test/matrix_power.cpp  
#17 37.88   inflating: eigen-3.4.0/unsupported/test/matrix_square_root.cpp  
#17 37.88   inflating: eigen-3.4.0/unsupported/test/minres.cpp  
#17 37.88   inflating: eigen-3.4.0/unsupported/test/mpreal_support.cpp  
#17 37.88   inflating: eigen-3.4.0/unsupported/test/openglsupport.cpp  
#17 37.88   inflating: eigen-3.4.0/unsupported/test/polynomialsolver.cpp  
#17 37.88   inflating: eigen-3.4.0/unsupported/test/polynomialutils.cpp  
#17 37.88   inflating: eigen-3.4.0/unsupported/test/sparse_extra.cpp  
#17 37.88   inflating: eigen-3.4.0/unsupported/test/special_functions.cpp  
#17 37.88   inflating: eigen-3.4.0/unsupported/test/special_packetmath.cpp  
#17 37.88   inflating: eigen-3.4.0/unsupported/test/splines.cpp  
#17 37.88 > eigen available in: /tensorphylo/build/installer/build/tmp/eigen-3.4.0
#17 37.88 > done
#17 37.88 ########################################
#17 37.88 
#17 37.88 ########################################
#17 37.88 Downloading and compiling the Nexus Class Library locally
#17 37.88 .. will take a few minutes..
#17 258.2 > ncl available in: /tensorphylo/build/installer/build/tmp/ncl
#17 258.2 > ncl lib available in: /tensorphylo/build/installer/build/tmp/ncl/lib/ncl
#17 258.2 > done
#17 258.2 ########################################
#17 258.2 
#17 258.2 ############################
#17 258.2 Compiling TensorPhylo
#17 258.2 .. will take a few minutes..
#17 1843.2 > TensorPhylo library sucessfully installed in: /tensorphylo/build/installer/lib
#17 1843.2 .. testing TensorPhylo ..
#17 1843.6 Filters: [Validation]
#17 1855.4 ===============================================================================
#17 1855.4 All tests passed (1299 assertions in 30 test cases)
#17 1855.4 
#17 1855.4 > done
#17 1855.4 ############################
#17 1855.4 
#17 1855.4 ############################
#17 1855.4 Cleanup..
#17 1868.6 > done
#17 1868.6 ############################
#17 1868.6 
#17 DONE 1869.0s

#18 [14/18] COPY dockerfile_slim_amd64.txt /dockerfile_slim_amd64.txt
#18 DONE 0.2s

#19 [15/18] COPY test.sh /test.sh
#19 DONE 0.1s

#20 exporting to image
#20 exporting layers
#20 exporting layers 29.2s done
#20 writing image sha256:8092471f54f165337e70f06713c3bb4eb4a416bf5896a79f3ea122817f5a96cc done
#20 naming to docker.io/sswiston/phylo_docker:slim_amd64 0.0s done
#20 DONE 29.2s

View build details: docker-desktop://dashboard/build/desktop-linux/desktop-linux/y2c6c1ro1schott9umc2wqrfn

 [33m1 warning found (use docker --debug to expand):
[0m - JSONArgsRecommended: JSON arguments recommended for CMD to prevent unintended behavior related to OS signals (line 34)
